heading,outcome,channel,time_center,aligned_firing_rate,aligned_sem,unaligned_firing_rate,unaligned_sem,n_trials,peak_rate_aligned,peak_rate_unaligned,peak_latency_aligned,peak_latency_unaligned
180,success,0,-0.495,3.312084644553108,2.000017933659608,3.312084644553108,2.000017933659608,17,21.410207570688552,16.061570747785577,0.4950000000000009,0.015000000000000454
180,success,0,-0.485,3.2562837287755504,1.8059004593699537,3.2604536772643398,1.80546571859834,17,21.410207570688552,16.061570747785577,0.4950000000000009,0.015000000000000454
180,success,0,-0.475,3.186699244591346,1.5464720224596624,3.2050093741434202,1.544356599759874,17,21.410207570688552,16.061570747785577,0.4950000000000009,0.015000000000000454
180,success,0,-0.46499999999999997,3.1433291322417927,1.3898536527781782,3.200193337124365,1.3832254882641641,17,21.410207570688552,16.061570747785577,0.4950000000000009,0.015000000000000454
180,success,0,-0.45499999999999996,3.1220130334647522,1.3764807075966303,3.267678632369117,1.3626444033163942,17,21.410207570688552,16.061570747785577,0.4950000000000009,0.015000000000000454
180,success,0,-0.44499999999999995,3.0837458522874637,1.3895439357940107,3.403046220904105,1.3722308469238365,17,21.410207570688552,16.061570747785577,0.4950000000000009,0.015000000000000454
180,success,0,-0.43499999999999994,3.0043114324319258,1.3433499138781642,3.6121910319795685,1.3459866291768037,17,21.410207570688552,16.061570747785577,0.4950000000000009,0.015000000000000454
180,success,0,-0.42499999999999993,2.905162660864708,1.283720901489301,3.922976630085523,1.3620256678768685,17,21.410207570688552,16.061570747785577,0.4950000000000009,0.015000000000000454
180,success,0,-0.4149999999999999,2.8278849990728654,1.3325882842705616,4.348262635396996,1.5395148324925496,17,21.410207570688552,16.061570747785577,0.4950000000000009,0.015000000000000454
180,success,0,-0.4049999999999999,2.7739521451062745,1.5320633007300828,4.83472157986861,1.8639109979198316,17,21.410207570688552,16.061570747785577,0.4950000000000009,0.015000000000000454
180,success,0,-0.3949999999999999,2.676480634477058,1.7603961458331947,5.25836862617429,2.1947356399543247,17,21.410207570688552,16.061570747785577,0.4950000000000009,0.015000000000000454
180,success,0,-0.3849999999999999,2.517268240010244,1.839854323738557,5.479704193920971,2.388876622632192,17,21.410207570688552,16.061570747785577,0.4950000000000009,0.015000000000000454
180,success,0,-0.3749999999999999,2.1459021604008814,1.6791283889414728,5.414465401992543,2.3954495623368928,17,21.410207570688552,16.061570747785577,0.4950000000000009,0.015000000000000454
180,success,0,-0.3649999999999999,1.6437644843141606,1.3178530793150898,5.065947227644098,2.2675549326226023,17,21.410207570688552,16.061570747785577,0.4950000000000009,0.015000000000000454
180,success,0,-0.35499999999999987,1.1957560409754193,0.8923207362098178,4.517713157817646,2.067535374677382,17,21.410207570688552,16.061570747785577,0.4950000000000009,0.015000000000000454
180,success,0,-0.34499999999999986,0.8797898692934267,0.5343813020120776,3.906288080812093,1.8069064039740843,17,21.410207570688552,16.061570747785577,0.4950000000000009,0.015000000000000454
180,success,0,-0.33499999999999985,0.658962787505845,0.33626248274725506,3.4057961720150947,1.527350027327645,17,21.410207570688552,16.061570747785577,0.4950000000000009,0.015000000000000454
180,success,0,-0.32499999999999984,0.8049041277504541,0.28404207377123253,3.2167503147229515,1.370569176784714,17,21.410207570688552,16.061570747785577,0.4950000000000009,0.015000000000000454
180,success,0,-0.31499999999999984,1.296767629327924,0.23639055590902366,3.5328615970349326,1.4685630794587,17,21.410207570688552,16.061570747785577,0.4950000000000009,0.015000000000000454
180,success,0,-0.3049999999999998,1.520931463109136,0.24320462088520248,4.467622176698265,1.783998733825063,17,21.410207570688552,16.061570747785577,0.4950000000000009,0.015000000000000454
180,success,0,-0.2949999999999998,1.520931463109136,0.24320462088520248,5.945984624832655,2.190300454345989,17,21.410207570688552,16.061570747785577,0.4950000000000009,0.015000000000000454
180,success,0,-0.2849999999999998,1.520931463109136,0.24320462088520248,7.641544765080613,2.549587547395965,17,21.410207570688552,16.061570747785577,0.4950000000000009,0.015000000000000454
180,success,0,-0.2749999999999998,1.9272836933650286,0.36800103585268373,9.062679510130895,2.7332518326393824,17,21.410207570688552,16.061570747785577,0.4950000000000009,0.015000000000000454
180,success,0,-0.2649999999999998,2.670480801677022,0.6874749330423541,9.788507939434366,2.692367826696547,17,21.410207570688552,16.061570747785577,0.4950000000000009,0.015000000000000454
180,success,0,-0.2549999999999998,3.846110928906624,1.2197944944301073,9.687404067742136,2.497654444435352,17,21.410207570688552,16.061570747785577,0.4950000000000009,0.015000000000000454
180,success,0,-0.24499999999999977,2.80908869403966,0.7548528747160328,8.965881531440733,2.275713208159892,17,21.410207570688552,16.061570747785577,0.4950000000000009,0.015000000000000454
180,success,0,-0.23499999999999976,1.9502412220805558,0.37993369491651713,8.031954491821029,2.107408827545261,17,21.410207570688552,16.061570747785577,0.4950000000000009,0.015000000000000454
180,success,0,-0.22499999999999976,1.897232063604128,0.35477652588224445,7.3120208982142545,2.0244685686237203,17,21.410207570688552,16.061570747785577,0.4950000000000009,0.015000000000000454
180,success,0,-0.21499999999999975,1.3625337918451412,0.14380376176235232,7.132829164912657,2.088097743044236,17,21.410207570688552,16.061570747785577,0.4950000000000009,0.015000000000000454
180,success,0,-0.20499999999999974,1.3625337918451412,0.14380376176235232,7.6573700237350355,2.375378016912971,17,21.410207570688552,16.061570747785577,0.4950000000000009,0.015000000000000454
180,success,0,-0.19499999999999973,0.9206258750787571,0.01040925148325109,8.83728013455609,2.8807348189228925,17,21.410207570688552,16.061570747785577,0.4950000000000009,0.015000000000000454
180,success,0,-0.18499999999999972,0.7295407085166765,0.06714016157487498,10.390806178314925,3.508447058102418,17,21.410207570688552,16.061570747785577,0.4950000000000009,0.015000000000000454
180,success,0,-0.1749999999999997,0.6655892101220017,0.09047297901769276,11.858548543505185,4.11181072698607,17,21.410207570688552,16.061570747785577,0.4950000000000009,0.015000000000000454
180,success,0,-0.1649999999999997,0.6489094161668464,0.09673424418861494,12.751499731057645,4.525482635381991,17,21.410207570688552,16.061570747785577,0.4950000000000009,0.015000000000000454
180,success,0,-0.1549999999999997,0.6444098115523439,0.09844763910805364,12.741111444976237,4.628131405711457,17,21.410207570688552,16.061570747785577,0.4950000000000009,0.015000000000000454
180,success,0,-0.14499999999999968,0.6444098115523439,0.09844763910805364,11.785589628990918,4.392643755795695,17,21.410207570688552,16.061570747785577,0.4950000000000009,0.015000000000000454
180,success,0,-0.13499999999999968,0.6489094161668464,0.09673424418861494,10.131986477355435,3.8789533451434215,17,21.410207570688552,16.061570747785577,0.4950000000000009,0.015000000000000454
180,success,0,-0.12499999999999967,0.6655892101220017,0.09047297901769276,8.21380934032371,3.2059564899154673,17,21.410207570688552,16.061570747785577,0.4950000000000009,0.015000000000000454
180,success,0,-0.11499999999999966,0.7295407085166765,0.06714016157487498,6.509397321346935,2.5399438795804303,17,21.410207570688552,16.061570747785577,0.4950000000000009,0.015000000000000454
180,success,0,-0.10499999999999965,0.8998868323119976,0.018728897102196485,5.412723645583555,2.081056371460562,17,21.410207570688552,16.061570747785577,0.4950000000000009,0.015000000000000454
180,success,0,-0.09499999999999964,0.8998868323119976,0.018728897102196485,5.13812447806483,1.9809368412913018,17,21.410207570688552,16.061570747785577,0.4950000000000009,0.015000000000000454
180,success,0,-0.08499999999999963,0.9209407771614018,0.01036948418547259,5.689140746949924,2.1941784224385574,17,21.410207570688552,16.061570747785577,0.4950000000000009,0.015000000000000454
180,success,0,-0.07499999999999962,2.2299480168077643,0.03198163749072869,6.890268819999799,2.5421129189027525,17,21.410207570688552,16.061570747785577,0.4950000000000009,0.015000000000000454
180,success,0,-0.06499999999999961,4.341932945310153,0.19748249507699528,8.455625013143601,2.895200329515109,17,21.410207570688552,16.061570747785577,0.4950000000000009,0.015000000000000454
180,success,0,-0.05499999999999961,7.229064137976344,0.47155482054249537,10.061762395425506,3.2130613671680472,17,21.410207570688552,16.061570747785577,0.4950000000000009,0.015000000000000454
180,success,0,-0.0449999999999996,7.53788731468577,0.5055898325062501,11.433970129252456,3.503806454187252,17,21.410207570688552,16.061570747785577,0.4950000000000009,0.015000000000000454
180,success,0,-0.034999999999999594,7.53788731468577,0.5055898325062501,12.439290037671276,3.781816583284975,17,21.410207570688552,16.061570747785577,0.4950000000000009,0.015000000000000454
180,success,0,-0.02499999999999958,7.53788731468577,0.5055898325062501,13.156968793498763,4.069463648805855,17,21.410207570688552,16.061570747785577,0.4950000000000009,0.015000000000000454
180,success,0,-0.014999999999999573,7.53788731468577,0.5055898325062501,13.825541691803398,4.389417158958809,17,21.410207570688552,16.061570747785577,0.4950000000000009,0.015000000000000454
180,success,0,-0.004999999999999565,7.53788731468577,0.5055898325062501,14.633965350856709,4.695787086161075,17,21.410207570688552,16.061570747785577,0.4950000000000009,0.015000000000000454
180,success,0,0.005000000000000444,10.65293378574066,0.7579862994876131,15.50149784469728,4.856380280426292,17,21.410207570688552,16.061570747785577,0.4950000000000009,0.015000000000000454
180,success,0,0.015000000000000454,14.212985739535114,1.1124575714823204,16.061570747785577,4.760772273522192,17,21.410207570688552,16.061570747785577,0.4950000000000009,0.015000000000000454
180,success,0,0.025000000000000463,17.84556584493781,1.6539519190225453,15.92081081531644,4.415330240642521,17,21.410207570688552,16.061570747785577,0.4950000000000009,0.015000000000000454
180,success,0,0.03500000000000047,14.038907852150805,1.0938008827142751,14.982829438315584,3.9249116396232693,17,21.410207570688552,16.061570747785577,0.4950000000000009,0.015000000000000454
180,success,0,0.04500000000000048,10.352491695618838,0.7611332169144404,13.539591403622499,3.4401645936506706,17,21.410207570688552,16.061570747785577,0.4950000000000009,0.015000000000000454
180,success,0,0.055000000000000486,7.426171892845304,0.48374651957950765,12.047517476753553,3.1316925318740076,17,21.410207570688552,16.061570747785577,0.4950000000000009,0.015000000000000454
180,success,0,0.0650000000000005,7.426171892845304,0.48374651957950765,10.809448152879682,3.0951555822936454,17,21.410207570688552,16.061570747785577,0.4950000000000009,0.015000000000000454
180,success,0,0.07500000000000051,4.42189037529225,0.27828278017954783,9.849367426218741,3.227238017711969,17,21.410207570688552,16.061570747785577,0.4950000000000009,0.015000000000000454
180,success,0,0.08500000000000052,3.636325254329164,0.23765000295247435,9.040966192066334,3.3280152898357365,17,21.410207570688552,16.061570747785577,0.4950000000000009,0.015000000000000454
180,success,0,0.09500000000000053,2.2794657891341656,0.0766423266661711,8.317550275296101,3.2903366906290854,17,21.410207570688552,16.061570747785577,0.4950000000000009,0.015000000000000454
180,success,0,0.10500000000000054,2.204804576175659,0.0384177887651265,7.7439675094517,3.1406862339751234,17,21.410207570688552,16.061570747785577,0.4950000000000009,0.015000000000000454
180,success,0,0.11500000000000055,2.204804576175659,0.0384177887651265,7.425915915304938,2.9677291934298538,17,21.410207570688552,16.061570747785577,0.4950000000000009,0.015000000000000454
180,success,0,0.12500000000000056,2.204804576175659,0.0384177887651265,7.384767293877935,2.841264143137909,17,21.410207570688552,16.061570747785577,0.4950000000000009,0.015000000000000454
180,success,0,0.13500000000000056,1.1808085257415901,0.13240568574573067,7.5261221669393255,2.77312311280762,17,21.410207570688552,16.061570747785577,0.4950000000000009,0.015000000000000454
180,success,0,0.14500000000000057,0.7403375170884398,0.18980612233698546,7.691537171367449,2.7260969550812306,17,21.410207570688552,16.061570747785577,0.4950000000000009,0.015000000000000454
180,success,0,0.15500000000000058,0.5782295043648155,0.21132965936411227,7.722729338720245,2.6552497470393575,17,21.410207570688552,16.061570747785577,0.4950000000000009,0.015000000000000454
180,success,0,0.1650000000000006,0.530110268680887,0.21786130403500317,7.497026015002023,2.543121001564835,17,21.410207570688552,16.061570747785577,0.4950000000000009,0.015000000000000454
180,success,0,0.1750000000000006,0.5182314529793411,0.21949019402198378,6.953742282108908,2.3922103198469533,17,21.410207570688552,16.061570747785577,0.4950000000000009,0.015000000000000454
180,success,0,0.1850000000000006,0.5150824321528956,0.21992353467948184,6.113650245342047,2.197815159592818,17,21.410207570688552,16.061570747785577,0.4950000000000009,0.015000000000000454
180,success,0,0.19500000000000062,0.5150824321528956,0.21992353467948184,5.082158984426394,1.9534918434719548,17,21.410207570688552,16.061570747785577,0.4950000000000009,0.015000000000000454
180,success,0,0.20500000000000063,0.5150824321528956,0.21992353467948184,4.019313557546993,1.6706021886104354,17,21.410207570688552,16.061570747785577,0.4950000000000009,0.015000000000000454
180,success,0,0.21500000000000064,0.5188612571446304,0.2194035561160118,3.0995467379188644,1.376834792796473,17,21.410207570688552,16.061570747785577,0.4950000000000009,0.015000000000000454
180,success,0,0.22500000000000064,0.5461230633517682,0.23223898490853262,2.4797904461948614,1.1247201852971223,17,21.410207570688552,16.061570747785577,0.4950000000000009,0.015000000000000454
180,success,0,0.23500000000000065,0.6628936281814726,0.3075626192004536,2.274673076695206,1.049613689599196,17,21.410207570688552,16.061570747785577,0.4950000000000009,0.015000000000000454
180,success,0,0.24500000000000066,0.8535215690421234,0.4648910363396298,2.5184341048631125,1.2870995033360761,17,21.410207570688552,16.061570747785577,0.4950000000000009,0.015000000000000454
180,success,0,0.25500000000000067,1.0886847047949038,0.666306302738103,3.1401333986589925,1.7161760790478797,17,21.410207570688552,16.061570747785577,0.4950000000000009,0.015000000000000454
180,success,0,0.2650000000000007,1.3236339996764601,0.8347541865851155,3.9888482714411464,2.1167656156123935,17,21.410207570688552,16.061570747785577,0.4950000000000009,0.015000000000000454
180,success,0,0.2750000000000007,1.5656235503463674,0.8890077136189682,4.911395373451501,2.3551654709482346,17,21.410207570688552,16.061570747785577,0.4950000000000009,0.015000000000000454
180,success,0,0.2850000000000007,1.493767007295018,0.8206855584196059,5.81913933484096,2.4251713417634444,17,21.410207570688552,16.061570747785577,0.4950000000000009,0.015000000000000454
180,success,0,0.2950000000000007,1.7748783198061306,0.6084845051733007,6.682207110141153,2.4271343665196707,17,21.410207570688552,16.061570747785577,0.4950000000000009,0.015000000000000454
180,success,0,0.3050000000000007,2.490416320206982,0.3387554900151216,7.466015609770618,2.469502746435168,17,21.410207570688552,16.061570747785577,0.4950000000000009,0.015000000000000454
180,success,0,0.3150000000000007,2.68364686151655,0.27299500822801875,8.09176961657824,2.566440056613043,17,21.410207570688552,16.061570747785577,0.4950000000000009,0.015000000000000454
180,success,0,0.32500000000000073,2.178037866956858,0.09949718877634765,8.46295337067789,2.6571332393714844,17,21.410207570688552,16.061570747785577,0.4950000000000009,0.015000000000000454
180,success,0,0.33500000000000074,1.9497040846868567,0.15362397573225914,8.520898417558813,2.6849951709291777,17,21.410207570688552,16.061570747785577,0.4950000000000009,0.015000000000000454
180,success,0,0.34500000000000075,1.9511438879231273,0.15304525886524992,8.279491252653298,2.623398523791953,17,21.410207570688552,16.061570747785577,0.4950000000000009,0.015000000000000454
180,success,0,0.35500000000000076,2.183647618681917,0.09950399782821673,7.826277893288081,2.474023164542144,17,21.410207570688552,16.061570747785577,0.4950000000000009,0.015000000000000454
180,success,0,0.36500000000000077,2.183647618681917,0.09950399782821673,7.309890977016531,2.280865748359503,17,21.410207570688552,16.061570747785577,0.4950000000000009,0.015000000000000454
180,success,0,0.3750000000000008,2.183647618681917,0.09950399782821673,6.919870636002418,2.126542335232194,17,21.410207570688552,16.061570747785577,0.4950000000000009,0.015000000000000454
180,success,0,0.3850000000000008,2.332655142516285,0.08808048796814291,6.849749114517963,2.077408586321655,17,21.410207570688552,16.061570747785577,0.4950000000000009,0.015000000000000454
180,success,0,0.3950000000000008,4.481731523862854,0.11649653139856384,7.237690573670189,2.1267779306877417,17,21.410207570688552,16.061570747785577,0.4950000000000009,0.015000000000000454
180,success,0,0.4050000000000008,4.697398085010843,0.14088103046598555,8.11747192437613,2.2319761471633486,17,21.410207570688552,16.061570747785577,0.4950000000000009,0.015000000000000454
180,success,0,0.4150000000000008,8.385197094413897,0.28068626063843843,9.405630368565642,2.385731690001627,17,21.410207570688552,16.061570747785577,0.4950000000000009,0.015000000000000454
180,success,0,0.4250000000000008,7.803011516961971,0.3286572269683413,10.923574086401707,2.614788319912998,17,21.410207570688552,16.061570747785577,0.4950000000000009,0.015000000000000454
180,success,0,0.43500000000000083,8.164642919615181,0.2025787155804972,12.432000386707783,2.9226361670040295,17,21.410207570688552,16.061570747785577,0.4950000000000009,0.015000000000000454
180,success,0,0.44500000000000084,11.804714004113979,0.30092944786962156,13.68227710251279,3.2274690195818025,17,21.410207570688552,16.061570747785577,0.4950000000000009,0.015000000000000454
180,success,0,0.45500000000000085,13.415864958103835,0.3693950935761285,14.504953707977496,3.368332362141079,17,21.410207570688552,16.061570747785577,0.4950000000000009,0.015000000000000454
180,success,0,0.46500000000000086,13.765961613943944,0.8095716416520631,14.89569869067316,3.2190732569816016,17,21.410207570688552,16.061570747785577,0.4950000000000009,0.015000000000000454
180,success,0,0.47500000000000087,17.551884946188476,1.006311593725341,15.013776301351633,2.8220229974648903,17,21.410207570688552,16.061570747785577,0.4950000000000009,0.015000000000000454
180,success,0,0.4850000000000009,19.711030196707057,1.3522216143954726,15.032779978365715,2.421616597507384,17,21.410207570688552,16.061570747785577,0.4950000000000009,0.015000000000000454
180,success,0,0.4950000000000009,21.410207570688552,1.6923144651768116,14.959875285316086,2.273360724893309,17,21.410207570688552,16.061570747785577,0.4950000000000009,0.015000000000000454
180,success,0,0.5050000000000009,18.399047712730432,0.7679857165537171,14.623059174205684,2.315846041290908,17,21.410207570688552,16.061570747785577,0.4950000000000009,0.015000000000000454
180,success,0,0.5150000000000009,15.55930645561976,0.3050378166664628,13.860109735551193,2.310692399671985,17,21.410207570688552,16.061570747785577,0.4950000000000009,0.015000000000000454
180,success,0,0.5250000000000009,11.82212117127376,0.17790269666422678,12.708951343256567,2.212120468367953,17,21.410207570688552,16.061570747785577,0.4950000000000009,0.015000000000000454
180,success,0,0.5350000000000009,8.376050344970944,0.3221350413930421,11.391063718035015,2.183160886587945,17,21.410207570688552,16.061570747785577,0.4950000000000009,0.015000000000000454
180,success,0,0.5450000000000009,8.12352215045781,0.23756744024164153,10.129937350282704,2.299368632384579,17,21.410207570688552,16.061570747785577,0.4950000000000009,0.015000000000000454
180,success,0,0.5550000000000009,4.517528932344593,0.12385507108459083,9.012343939494077,2.377417584803689,17,21.410207570688552,16.061570747785577,0.4950000000000009,0.015000000000000454
180,success,0,0.565000000000001,4.429352169551715,0.149566048538788,8.013655925061634,2.237549241483936,17,21.410207570688552,16.061570747785577,0.4950000000000009,0.015000000000000454
180,success,0,0.575000000000001,4.637339371573085,0.1718917261498503,7.099900343576014,1.9105011338608626,17,21.410207570688552,16.061570747785577,0.4950000000000009,0.015000000000000454
180,success,0,0.585000000000001,2.296844882483118,0.07718489721585782,6.267202801445229,1.5996550988364109,17,21.410207570688552,16.061570747785577,0.4950000000000009,0.015000000000000454
180,success,0,0.595000000000001,0.9340918482462727,0.03059600216804436,5.505636657901236,1.4848833585208356,17,21.410207570688552,16.061570747785577,0.4950000000000009,0.015000000000000454
180,success,0,0.605000000000001,0.7324203149892169,0.05646997806034215,4.782161772441942,1.511310817969088,17,21.410207570688552,16.061570747785577,0.4950000000000009,0.015000000000000454
180,success,0,0.615000000000001,0.7324203149892169,0.05646997806034215,4.089334397104428,1.5186016697148226,17,21.410207570688552,16.061570747785577,0.4950000000000009,0.015000000000000454
180,success,0,0.625000000000001,0.46759027977380246,0.05964834627255585,3.5048547169253994,1.458952157542461,17,21.410207570688552,16.061570747785577,0.4950000000000009,0.015000000000000454
180,success,0,0.635000000000001,0.3459679100154285,0.07882406491009204,3.167651640078372,1.3971145451751994,17,21.410207570688552,16.061570747785577,0.4950000000000009,0.015000000000000454
180,success,0,0.645000000000001,0.33762801303785084,0.08019356619814429,3.1752372147324555,1.4291323246451717,17,21.410207570688552,16.061570747785577,0.4950000000000009,0.015000000000000454
180,success,0,0.655000000000001,0.3350633086479549,0.08074688309235593,3.48915144979773,1.5950346874219714,17,21.410207570688552,16.061570747785577,0.4950000000000009,0.015000000000000454
180,success,0,0.665000000000001,0.33828855088881005,0.08000952610565355,3.9406882793449207,1.821473736177798,17,21.410207570688552,16.061570747785577,0.4950000000000009,0.015000000000000454
180,success,0,0.675000000000001,0.33828855088881005,0.08000952610565355,4.332839679611165,1.9683980068908706,17,21.410207570688552,16.061570747785577,0.4950000000000009,0.015000000000000454
180,success,0,0.685000000000001,0.3397283541250803,0.0797641962649535,4.556971228265272,1.9451786733550722,17,21.410207570688552,16.061570747785577,0.4950000000000009,0.015000000000000454
180,success,0,0.6950000000000011,0.4718012994032185,0.05849095135239228,4.645423596681641,1.7917825602295663,17,21.410207570688552,16.061570747785577,0.4950000000000009,0.015000000000000454
180,success,0,0.7050000000000011,0.778109420152152,0.05270585787375439,4.727176624783673,1.6511842194192796,17,21.410207570688552,16.061570747785577,0.4950000000000009,0.015000000000000454
180,success,0,0.7150000000000011,0.778109420152152,0.05270585787375439,4.932315914865118,1.6286339723104717,17,21.410207570688552,16.061570747785577,0.4950000000000009,0.015000000000000454
180,success,0,0.7250000000000011,0.778109420152152,0.05270585787375439,5.305840304370199,1.6971071381983918,17,21.410207570688552,16.061570747785577,0.4950000000000009,0.015000000000000454
180,success,0,0.7350000000000011,0.778109420152152,0.05270585787375439,5.776051416673583,1.7767731287018713,17,21.410207570688552,16.061570747785577,0.4950000000000009,0.015000000000000454
180,success,0,0.7450000000000011,0.778109420152152,0.05270585787375439,6.192542673309913,1.8267649363661953,17,21.410207570688552,16.061570747785577,0.4950000000000009,0.015000000000000454
180,success,0,0.7550000000000011,0.778109420152152,0.05270585787375439,6.412765661661008,1.8671918670133443,17,21.410207570688552,16.061570747785577,0.4950000000000009,0.015000000000000454
180,success,0,0.7650000000000011,0.778109420152152,0.05270585787375439,6.390573149860868,1.9348889912868654,17,21.410207570688552,16.061570747785577,0.4950000000000009,0.015000000000000454
180,success,0,0.7750000000000011,0.778109420152152,0.05270585787375439,6.216150550973551,2.015276318581413,17,21.410207570688552,16.061570747785577,0.4950000000000009,0.015000000000000454
180,success,0,0.7850000000000011,0.8550932010911517,0.047162551590898626,6.073380868991503,2.0712577990695076,17,21.410207570688552,16.061570747785577,0.4950000000000009,0.015000000000000454
180,success,0,0.7950000000000012,1.7069718454847003,0.1869310366801442,6.136201317985062,2.1084413645662856,17,21.410207570688552,16.061570747785577,0.4950000000000009,0.015000000000000454
180,success,0,0.8050000000000012,1.7069718454847003,0.1869310366801442,6.460975651770054,2.1432507744634117,17,21.410207570688552,16.061570747785577,0.4950000000000009,0.015000000000000454
180,success,0,0.8150000000000012,1.7069718454847003,0.1869310366801442,6.959870920764963,2.156361870424266,17,21.410207570688552,16.061570747785577,0.4950000000000009,0.015000000000000454
180,success,0,0.8250000000000012,1.7069718454847003,0.1869310366801442,7.47251732782039,2.1434043317377207,17,21.410207570688552,16.061570747785577,0.4950000000000009,0.015000000000000454
180,success,0,0.8350000000000012,3.2590018303590353,0.4715002104166285,7.8703682946696745,2.1595429438199565,17,21.410207570688552,16.061570747785577,0.4950000000000009,0.015000000000000454
180,success,0,0.8450000000000012,5.210081895662182,0.8903002658992965,8.099418892987176,2.245838716275614,17,21.410207570688552,16.061570747785577,0.4950000000000009,0.015000000000000454
180,success,0,0.8550000000000012,3.2776268619937547,0.4745858569667252,8.14176246014296,2.3439784193063713,17,21.410207570688552,16.061570747785577,0.4950000000000009,0.015000000000000454
180,success,0,0.8650000000000012,3.2652475483928045,0.5162133290866872,7.956865843616053,2.3524019452339138,17,21.410207570688552,16.061570747785577,0.4950000000000009,0.015000000000000454
180,success,0,0.8750000000000012,2.4008251953739914,0.6637847186642768,7.478998443301734,2.2316562529365247,17,21.410207570688552,16.061570747785577,0.4950000000000009,0.015000000000000454
180,success,0,0.8850000000000012,1.939200317194265,0.9334496278768891,6.678440995778766,2.024614522547798,17,21.410207570688552,16.061570747785577,0.4950000000000009,0.015000000000000454
180,success,0,0.8950000000000012,2.141967606138604,1.13028640506379,5.630121225301483,1.7999533274118986,17,21.410207570688552,16.061570747785577,0.4950000000000009,0.015000000000000454
180,success,0,0.9050000000000012,1.8461080227534268,1.2802907480873362,4.520378511115609,1.601837442207518,17,21.410207570688552,16.061570747785577,0.4950000000000009,0.015000000000000454
180,success,0,0.9150000000000013,1.8438461000037685,1.3349605141381653,3.5710008180928803,1.4571938484432443,17,21.410207570688552,16.061570747785577,0.4950000000000009,0.015000000000000454
180,success,0,0.9250000000000013,1.9262120601736787,1.3745272634653425,2.928365903080742,1.3882716234677923,17,21.410207570688552,16.061570747785577,0.4950000000000009,0.015000000000000454
180,success,0,0.9350000000000013,2.1024165641343084,1.4088856520856774,2.610343801163521,1.3913962927494323,17,21.410207570688552,16.061570747785577,0.4950000000000009,0.015000000000000454
180,success,0,0.9450000000000013,2.323252474580105,1.4447420258631976,2.545577698884127,1.4294815398564555,17,21.410207570688552,16.061570747785577,0.4950000000000009,0.015000000000000454
180,success,0,0.9550000000000013,2.572452449558542,1.4807439779196316,2.6567459463560783,1.4730496871071506,17,21.410207570688552,16.061570747785577,0.4950000000000009,0.015000000000000454
180,success,0,0.9650000000000013,2.8749215248439977,1.5620208302856573,2.902035914676316,1.5591913101549135,17,21.410207570688552,16.061570747785577,0.4950000000000009,0.015000000000000454
180,success,0,0.9750000000000013,3.234726342513282,1.7660261570806413,3.2420907995572557,1.7652411308614562,17,21.410207570688552,16.061570747785577,0.4950000000000009,0.015000000000000454
180,success,0,0.9850000000000013,3.587829168654272,2.0589818496023717,3.589268971890543,2.0588347361225448,17,21.410207570688552,16.061570747785577,0.4950000000000009,0.015000000000000454
180,success,0,0.9950000000000013,3.8134160391677683,2.275495035038125,3.8134160391677683,2.275495035038125,17,21.410207570688552,16.061570747785577,0.4950000000000009,0.015000000000000454
180,success,1,-0.495,10.526352829299865,5.898683821369362,10.526352829299865,5.898683821369362,17,39.84851539005671,36.620697205151245,0.1750000000000006,0.5250000000000009
180,success,1,-0.485,10.753968048401092,5.886668099695935,10.76584808970217,5.885402684660718,17,39.84851539005671,36.620697205151245,0.1750000000000006,0.5250000000000009
180,success,1,-0.475,10.976006017706293,5.91564890476563,11.028686604055265,5.910028247111666,17,39.84851539005671,36.620697205151245,0.1750000000000006,0.5250000000000009
180,success,1,-0.46499999999999997,10.90464264936368,5.933245248975572,11.066580464951175,5.916757135713841,17,39.84851539005671,36.620697205151245,0.1750000000000006,0.5250000000000009
180,success,1,-0.45499999999999996,10.409720994841814,5.799052002645748,10.818302722251385,5.761941517385849,17,39.84851539005671,36.620697205151245,0.1750000000000006,0.5250000000000009
180,success,1,-0.44499999999999995,9.614735602519055,5.468903706074226,10.478595329041523,5.406720816504441,17,39.84851539005671,36.620697205151245,0.1750000000000006,0.5250000000000009
180,success,1,-0.43499999999999994,8.804171768173555,5.0551160745839105,10.374200530058983,4.985401973210983,17,39.84851539005671,36.620697205151245,0.1750000000000006,0.5250000000000009
180,success,1,-0.42499999999999993,8.155627216476615,4.7208383612247715,10.754532005179254,4.676073677495647,17,39.84851539005671,36.620697205151245,0.1750000000000006,0.5250000000000009
180,success,1,-0.4149999999999999,8.040712459975198,4.510623489189426,11.646677286718887,4.52601279956507,17,39.84851539005671,36.620697205151245,0.1750000000000006,0.5250000000000009
180,success,1,-0.4049999999999999,8.588143023420162,4.375916130374571,12.858999613691772,4.446953917749736,17,39.84851539005671,36.620697205151245,0.1750000000000006,0.5250000000000009
180,success,1,-0.3949999999999999,10.024952032944618,4.234556049321736,14.110505558343604,4.395106952516299,17,39.84851539005671,36.620697205151245,0.1750000000000006,0.5250000000000009
180,success,1,-0.3849999999999999,11.994132656492797,4.103032009205938,15.164127954877014,4.431333524445034,17,39.84851539005671,36.620697205151245,0.1750000000000006,0.5250000000000009
180,success,1,-0.3749999999999999,14.856532890679006,3.9082755737965713,15.901080487646732,4.560314833650451,17,39.84851539005671,36.620697205151245,0.1750000000000006,0.5250000000000009
180,success,1,-0.3649999999999999,14.9762585587559,3.9725469529785244,16.313165406135905,4.6740103585420485,17,39.84851539005671,36.620697205151245,0.1750000000000006,0.5250000000000009
180,success,1,-0.35499999999999987,18.28037410644566,3.5687830801027234,16.45443387011622,4.691793257839124,17,39.84851539005671,36.620697205151245,0.1750000000000006,0.5250000000000009
180,success,1,-0.34499999999999986,17.4816794009669,3.478035748952451,16.405095991156177,4.605651229818097,17,39.84851539005671,36.620697205151245,0.1750000000000006,0.5250000000000009
180,success,1,-0.33499999999999985,16.697135373129395,3.2447927277147426,16.267534923123282,4.420994518592442,17,39.84851539005671,36.620697205151245,0.1750000000000006,0.5250000000000009
180,success,1,-0.32499999999999984,16.56141613398202,2.9032189305779896,16.188378656820642,4.178773269497941,17,39.84851539005671,36.620697205151245,0.1750000000000006,0.5250000000000009
180,success,1,-0.31499999999999984,16.01452846082898,2.7232304567103296,16.334937054700582,4.000634798198423,17,39.84851539005671,36.620697205151245,0.1750000000000006,0.5250000000000009
180,success,1,-0.3049999999999998,17.066436543889846,2.693530397961352,16.790628788917815,4.021638642542273,17,39.84851539005671,36.620697205151245,0.1750000000000006,0.5250000000000009
180,success,1,-0.2949999999999998,18.84498902609986,2.9308768963200085,17.441612228673357,4.254843356923949,17,39.84851539005671,36.620697205151245,0.1750000000000006,0.5250000000000009
180,success,1,-0.2849999999999998,19.39770637332129,3.228439864758938,17.98357402811095,4.558199127043677,17,39.84851539005671,36.620697205151245,0.1750000000000006,0.5250000000000009
180,success,1,-0.2749999999999998,19.633057237726238,3.6706427786735394,18.090609630448654,4.722336410124236,17,39.84851539005671,36.620697205151245,0.1750000000000006,0.5250000000000009
180,success,1,-0.2649999999999998,20.957973336520944,3.8097767064643113,17.66281974297459,4.602498823981935,17,39.84851539005671,36.620697205151245,0.1750000000000006,0.5250000000000009
180,success,1,-0.2549999999999998,18.21938535017746,1.587741140450578,16.95194135066851,4.238676066264424,17,39.84851539005671,36.620697205151245,0.1750000000000006,0.5250000000000009
180,success,1,-0.24499999999999977,15.484978234729356,0.8575740775237979,16.433301894499426,3.88856642019431,17,39.84851539005671,36.620697205151245,0.1750000000000006,0.5250000000000009
180,success,1,-0.23499999999999976,12.930991505056424,0.3360243532948351,16.484776113620832,3.88441304801507,17,39.84851539005671,36.620697205151245,0.1750000000000006,0.5250000000000009
180,success,1,-0.22499999999999976,10.086376348704865,0.3997056878677888,17.112033522339832,4.322366469026257,17,39.84851539005671,36.620697205151245,0.1750000000000006,0.5250000000000009
180,success,1,-0.21499999999999975,9.661125877928036,0.5228157886853663,17.948266363989493,4.988246119335478,17,39.84851539005671,36.620697205151245,0.1750000000000006,0.5250000000000009
180,success,1,-0.20499999999999974,8.437157462811044,0.831558608831924,18.518762613321492,5.600652175010094,17,39.84851539005671,36.620697205151245,0.1750000000000006,0.5250000000000009
180,success,1,-0.19499999999999973,7.885916854190896,0.9989139481611162,18.58046313199804,5.949722963953441,17,39.84851539005671,36.620697205151245,0.1750000000000006,0.5250000000000009
180,success,1,-0.18499999999999972,8.491634644112942,0.8125939832524485,18.29141294329476,5.95202502049591,17,39.84851539005671,36.620697205151245,0.1750000000000006,0.5250000000000009
180,success,1,-0.1749999999999997,9.605519291939064,0.5163521570786259,18.12234346101579,5.696647800110852,17,39.84851539005671,36.620697205151245,0.1750000000000006,0.5250000000000009
180,success,1,-0.1649999999999997,11.320069631735972,0.20873931127011386,18.557604301520275,5.3972953734865765,17,39.84851539005671,36.620697205151245,0.1750000000000006,0.5250000000000009
180,success,1,-0.1549999999999997,11.465400893058025,0.20821102098643796,19.778087905318415,5.248521438008788,17,39.84851539005671,36.620697205151245,0.1750000000000006,0.5250000000000009
180,success,1,-0.14499999999999968,13.280134770607233,0.47316291985983916,21.524398862431088,5.332804711889574,17,39.84851539005671,36.620697205151245,0.1750000000000006,0.5250000000000009
180,success,1,-0.13499999999999968,13.706912323598416,0.7450058932328159,23.22200568907229,5.613883267886757,17,39.84851539005671,36.620697205151245,0.1750000000000006,0.5250000000000009
180,success,1,-0.12499999999999967,14.111908525572199,1.0891892227757893,24.259973831528598,5.930863094078719,17,39.84851539005671,36.620697205151245,0.1750000000000006,0.5250000000000009
180,success,1,-0.11499999999999966,14.365524549917481,1.025457320649795,24.23690056448608,6.061904652139558,17,39.84851539005671,36.620697205151245,0.1750000000000006,0.5250000000000009
180,success,1,-0.10499999999999965,13.82240279155676,0.65814904994804,23.06906700586075,5.861663001111819,17,39.84851539005671,36.620697205151245,0.1750000000000006,0.5250000000000009
180,success,1,-0.09499999999999964,12.968044447101965,0.4214770072688205,20.97213795888742,5.330540203634272,17,39.84851539005671,36.620697205151245,0.1750000000000006,0.5250000000000009
180,success,1,-0.08499999999999963,12.116325172046094,0.3710415660035904,18.38114692642309,4.57388711751413,17,39.84851539005671,36.620697205151245,0.1750000000000006,0.5250000000000009
180,success,1,-0.07499999999999962,12.400343690273242,0.37476635158819405,15.837607227704567,3.7322788103153055,17,39.84851539005671,36.620697205151245,0.1750000000000006,0.5250000000000009
180,success,1,-0.06499999999999961,12.214638532229245,0.3484969205721153,13.870089023274131,2.9721494364216774,17,39.84851539005671,36.620697205151245,0.1750000000000006,0.5250000000000009
180,success,1,-0.05499999999999961,12.064260719817598,0.3714466441303817,12.858098216672131,2.5470010694297,17,39.84851539005671,36.620697205151245,0.1750000000000006,0.5250000000000009
180,success,1,-0.0449999999999996,9.862709776467986,0.8736742797921646,12.932033515538427,2.712575066296568,17,39.84851539005671,36.620697205151245,0.1750000000000006,0.5250000000000009
180,success,1,-0.034999999999999594,11.396902658165997,0.5518199521222564,13.950303772683505,3.366848773916618,17,39.84851539005671,36.620697205151245,0.1750000000000006,0.5250000000000009
180,success,1,-0.02499999999999958,14.972586645444359,0.3295640435679005,15.584218065415016,4.192204203711382,17,39.84851539005671,36.620697205151245,0.1750000000000006,0.5250000000000009
180,success,1,-0.014999999999999573,15.717882725246056,0.3489772591252099,17.451235011995053,4.962732492287024,17,39.84851539005671,36.620697205151245,0.1750000000000006,0.5250000000000009
180,success,1,-0.004999999999999565,15.67784754895792,0.3444110471351308,19.215834374113427,5.533267554801086,17,39.84851539005671,36.620697205151245,0.1750000000000006,0.5250000000000009
180,success,1,0.005000000000000444,15.618981684370583,0.33717734901842206,20.646918376585596,5.781771460573675,17,39.84851539005671,36.620697205151245,0.1750000000000006,0.5250000000000009
180,success,1,0.015000000000000454,15.664968245553473,0.3404031470983213,21.650947702631303,5.631720677102239,17,39.84851539005671,36.620697205151245,0.1750000000000006,0.5250000000000009
180,success,1,0.025000000000000463,16.607476816479316,0.4696005310638483,22.30529787600686,5.150083073811611,17,39.84851539005671,36.620697205151245,0.1750000000000006,0.5250000000000009
180,success,1,0.03500000000000047,16.8910676152216,0.4941097170960693,22.83615070192646,4.617395478588031,17,39.84851539005671,36.620697205151245,0.1750000000000006,0.5250000000000009
180,success,1,0.04500000000000048,17.30769398633518,0.5482046242462133,23.52703339724396,4.37341095413398,17,39.84851539005671,36.620697205151245,0.1750000000000006,0.5250000000000009
180,success,1,0.055000000000000486,22.260924813753096,0.591220391687618,24.580025862612302,4.478411258463571,17,39.84851539005671,36.620697205151245,0.1750000000000006,0.5250000000000009
180,success,1,0.0650000000000005,22.786588837899544,0.5518055587580833,25.993976528931512,4.755358796930303,17,39.84851539005671,36.620697205151245,0.1750000000000006,0.5250000000000009
180,success,1,0.07500000000000051,22.86137518651217,0.530527404399543,27.532991338567008,5.1155997069317385,17,39.84851539005671,36.620697205151245,0.1750000000000006,0.5250000000000009
180,success,1,0.08500000000000052,23.116951747043434,0.5119457885417585,28.839591727849406,5.551084062371566,17,39.84851539005671,36.620697205151245,0.1750000000000006,0.5250000000000009
180,success,1,0.09500000000000053,25.354140753938935,0.9721381220751026,29.659574101447983,5.977206826114502,17,39.84851539005671,36.620697205151245,0.1750000000000006,0.5250000000000009
180,success,1,0.10500000000000054,30.952778368081205,3.6469225857639636,29.998668327360924,6.248443216687692,17,39.84851539005671,36.620697205151245,0.1750000000000006,0.5250000000000009
180,success,1,0.11500000000000055,29.01697291705135,4.1475714934718315,30.088456558764186,6.2913296592272046,17,39.84851539005671,36.620697205151245,0.1750000000000006,0.5250000000000009
180,success,1,0.12500000000000056,26.23498492393064,4.712669139535461,30.21820223716561,6.178327774008567,17,39.84851539005671,36.620697205151245,0.1750000000000006,0.5250000000000009
180,success,1,0.13500000000000056,26.420793608267218,4.760853407992724,30.597504258564534,6.0736075138695185,17,39.84851539005671,36.620697205151245,0.1750000000000006,0.5250000000000009
180,success,1,0.14500000000000057,26.835431715121793,4.600052436833727,31.271680640095035,6.116532074395431,17,39.84851539005671,36.620697205151245,0.1750000000000006,0.5250000000000009
180,success,1,0.15500000000000058,27.897260171177226,4.290806342153235,32.05296524103643,6.35134661296778,17,39.84851539005671,36.620697205151245,0.1750000000000006,0.5250000000000009
180,success,1,0.1650000000000006,29.78957058357944,3.916079487386402,32.51964829439309,6.6985365877151235,17,39.84851539005671,36.620697205151245,0.1750000000000006,0.5250000000000009
180,success,1,0.1750000000000006,39.84851539005671,4.637524905726282,32.218060604704384,6.97825895504114,17,39.84851539005671,36.620697205151245,0.1750000000000006,0.5250000000000009
180,success,1,0.1850000000000006,37.02766692654277,4.598980618739772,31.030858077649462,7.022294289349178,17,39.84851539005671,36.620697205151245,0.1750000000000006,0.5250000000000009
180,success,1,0.19500000000000062,35.432071214137956,4.492736809469247,29.396672885298386,6.786275744534333,17,39.84851539005671,36.620697205151245,0.1750000000000006,0.5250000000000009
180,success,1,0.20500000000000063,34.30955150559523,4.4757577691679975,28.091713278900812,6.377007898958494,17,39.84851539005671,36.620697205151245,0.1750000000000006,0.5250000000000009
180,success,1,0.21500000000000064,31.060525737925126,2.724322836105938,27.687238591629313,6.001222557623547,17,39.84851539005671,36.620697205151245,0.1750000000000006,0.5250000000000009
180,success,1,0.22500000000000064,30.936663936566386,2.375074983651908,28.127379285183526,5.8404236278384625,17,39.84851539005671,36.620697205151245,0.1750000000000006,0.5250000000000009
180,success,1,0.23500000000000065,32.650226439664586,2.084261548522381,28.782404325414525,5.891317451509685,17,39.84851539005671,36.620697205151245,0.1750000000000006,0.5250000000000009
180,success,1,0.24500000000000066,27.757169004397014,1.1186503847715774,28.900501005487722,5.985089263001716,17,39.84851539005671,36.620697205151245,0.1750000000000006,0.5250000000000009
180,success,1,0.25500000000000067,23.487125000873608,0.7246142909421837,28.066204052242497,5.988642572133611,17,39.84851539005671,36.620697205151245,0.1750000000000006,0.5250000000000009
180,success,1,0.2650000000000007,18.1083209776698,0.4466721786351402,26.340243032251312,5.879856429022272,17,39.84851539005671,36.620697205151245,0.1750000000000006,0.5250000000000009
180,success,1,0.2750000000000007,14.695168879977095,0.3728361752365168,24.052285107342698,5.679786464237126,17,39.84851539005671,36.620697205151245,0.1750000000000006,0.5250000000000009
180,success,1,0.2850000000000007,14.458674274743158,0.433412010869629,21.5116681665146,5.412190238986461,17,39.84851539005671,36.620697205151245,0.1750000000000006,0.5250000000000009
180,success,1,0.2950000000000007,14.819144432539773,0.37950220819672736,18.910112062087055,5.092091581172539,17,39.84851539005671,36.620697205151245,0.1750000000000006,0.5250000000000009
180,success,1,0.3050000000000007,12.654512007158226,0.543625580092385,16.437039794958462,4.722851939416944,17,39.84851539005671,36.620697205151245,0.1750000000000006,0.5250000000000009
180,success,1,0.3150000000000007,9.70684340991496,0.8327224841758094,14.41568117324276,4.351593832819419,17,39.84851539005671,36.620697205151245,0.1750000000000006,0.5250000000000009
180,success,1,0.32500000000000073,8.231954771217694,1.092849794703264,13.225547131271481,4.102899373388328,17,39.84851539005671,36.620697205151245,0.1750000000000006,0.5250000000000009
180,success,1,0.33500000000000074,7.975327794356042,1.2659942780738698,13.057334731750842,4.065825835623974,17,39.84851539005671,36.620697205151245,0.1750000000000006,0.5250000000000009
180,success,1,0.34500000000000075,7.625394260540086,1.1595386593709527,13.734661670841794,4.162866438040914,17,39.84851539005671,36.620697205151245,0.1750000000000006,0.5250000000000009
180,success,1,0.35500000000000076,9.511920848444856,0.9216585910524508,14.803671849750058,4.2471497650690155,17,39.84851539005671,36.620697205151245,0.1750000000000006,0.5250000000000009
180,success,1,0.36500000000000077,12.21670880206203,0.6770312911903922,15.826521292459327,4.268099729618626,17,39.84851539005671,36.620697205151245,0.1750000000000006,0.5250000000000009
180,success,1,0.3750000000000008,12.231130950726751,0.5208767731772177,16.635496839579474,4.290889588259952,17,39.84851539005671,36.620697205151245,0.1750000000000006,0.5250000000000009
180,success,1,0.3850000000000008,12.173333901940628,0.5384750004783369,17.376040443948952,4.404210140943174,17,39.84851539005671,36.620697205151245,0.1750000000000006,0.5250000000000009
180,success,1,0.3950000000000008,12.987302609088115,0.48167466462738984,18.33144437793208,4.613889878619649,17,39.84851539005671,36.620697205151245,0.1750000000000006,0.5250000000000009
180,success,1,0.4050000000000008,15.093999017094223,0.38566878975689944,19.699152868369346,4.850617447580748,17,39.84851539005671,36.620697205151245,0.1750000000000006,0.5250000000000009
180,success,1,0.4150000000000008,16.40413488614011,0.3777909025710948,21.44818977441146,5.100824487409953,17,39.84851539005671,36.620697205151245,0.1750000000000006,0.5250000000000009
180,success,1,0.4250000000000008,16.534186603802883,0.36890092306491,23.30663498582662,5.443260997254875,17,39.84851539005671,36.620697205151245,0.1750000000000006,0.5250000000000009
180,success,1,0.43500000000000083,16.534186603802883,0.36890092306491,24.866091508493824,5.887858478689497,17,39.84851539005671,36.620697205151245,0.1750000000000006,0.5250000000000009
180,success,1,0.44500000000000084,16.41619802081603,0.3891896065158845,25.78478235368752,6.267249522212397,17,39.84851539005671,36.620697205151245,0.1750000000000006,0.5250000000000009
180,success,1,0.45500000000000085,16.61347865553342,0.3708954294919811,26.044999163629843,6.388179219897298,17,39.84851539005671,36.620697205151245,0.1750000000000006,0.5250000000000009
180,success,1,0.46500000000000086,16.694484868052584,0.38386198606038746,26.106333785244242,6.279240559578093,17,39.84851539005671,36.620697205151245,0.1750000000000006,0.5250000000000009
180,success,1,0.47500000000000087,19.850618676242252,0.9262351800692421,26.726684330777562,6.2670818472096155,17,39.84851539005671,36.620697205151245,0.1750000000000006,0.5250000000000009
180,success,1,0.4850000000000009,20.68400915586308,1.4803894751035016,28.46708331313604,6.696492645264926,17,39.84851539005671,36.620697205151245,0.1750000000000006,0.5250000000000009
180,success,1,0.4950000000000009,21.28723813316949,2.0118038364075224,31.20800029794766,7.516931429187759,17,39.84851539005671,36.620697205151245,0.1750000000000006,0.5250000000000009
180,success,1,0.5050000000000009,21.731232277467683,2.3502388328209878,34.12165114805695,8.357376832030878,17,39.84851539005671,36.620697205151245,0.1750000000000006,0.5250000000000009
180,success,1,0.5150000000000009,21.823017214860705,2.488045070863528,36.155868598740845,8.890902719530068,17,39.84851539005671,36.620697205151245,0.1750000000000006,0.5250000000000009
180,success,1,0.5250000000000009,22.671324614600167,2.290659139733299,36.620697205151245,9.001598042884192,17,39.84851539005671,36.620697205151245,0.1750000000000006,0.5250000000000009
180,success,1,0.5350000000000009,20.309009508925563,2.192543607813588,35.473928122033705,8.754880904651317,17,39.84851539005671,36.620697205151245,0.1750000000000006,0.5250000000000009
180,success,1,0.5450000000000009,19.103315790973692,2.233908172835837,33.21950205386168,8.294282610800181,17,39.84851539005671,36.620697205151245,0.1750000000000006,0.5250000000000009
180,success,1,0.5550000000000009,18.874558486740316,2.1715152094452446,30.643153984038303,7.756266065171333,17,39.84851539005671,36.620697205151245,0.1750000000000006,0.5250000000000009
180,success,1,0.565000000000001,18.852598402989614,1.9970427371619623,28.540526064326265,7.2279419569839085,17,39.84851539005671,36.620697205151245,0.1750000000000006,0.5250000000000009
180,success,1,0.575000000000001,19.002167427581806,1.767333055021908,27.471990529663135,6.76168288573186,17,39.84851539005671,36.620697205151245,0.1750000000000006,0.5250000000000009
180,success,1,0.585000000000001,18.616444467111336,1.5265359518009745,27.570686827978967,6.428164174628647,17,39.84851539005671,36.620697205151245,0.1750000000000006,0.5250000000000009
180,success,1,0.595000000000001,18.393720991473426,1.399089336464802,28.486209940359338,6.298895560056643,17,39.84851539005671,36.620697205151245,0.1750000000000006,0.5250000000000009
180,success,1,0.605000000000001,18.697531785853432,1.5473478391759985,29.53082186617332,6.345998260131498,17,39.84851539005671,36.620697205151245,0.1750000000000006,0.5250000000000009
180,success,1,0.615000000000001,19.448841492783917,1.6622202554523848,29.977132115277342,6.4092682720778456,17,39.84851539005671,36.620697205151245,0.1750000000000006,0.5250000000000009
180,success,1,0.625000000000001,17.588630764889754,1.2296157910596177,29.364315105074052,6.309145938287408,17,39.84851539005671,36.620697205151245,0.1750000000000006,0.5250000000000009
180,success,1,0.635000000000001,14.925943637623934,0.975146681377919,27.62983915313439,5.987480892047348,17,39.84851539005671,36.620697205151245,0.1750000000000006,0.5250000000000009
180,success,1,0.645000000000001,14.532921022926661,0.9455428950747573,25.04943999445405,5.5464208412074605,17,39.84851539005671,36.620697205151245,0.1750000000000006,0.5250000000000009
180,success,1,0.655000000000001,14.53646116725016,0.9456005375204972,22.105545962070117,5.160787057009543,17,39.84851539005671,36.620697205151245,0.1750000000000006,0.5250000000000009
180,success,1,0.665000000000001,13.580248719833582,0.9980024507605536,19.364863141092314,4.930530327311915,17,39.84851539005671,36.620697205151245,0.1750000000000006,0.5250000000000009
180,success,1,0.675000000000001,11.893964974218452,1.152637891930065,17.335837676859867,4.818864042694645,17,39.84851539005671,36.620697205151245,0.1750000000000006,0.5250000000000009
180,success,1,0.685000000000001,11.667997243362493,1.198189910701665,16.286805466903072,4.750677476760508,17,39.84851539005671,36.620697205151245,0.1750000000000006,0.5250000000000009
180,success,1,0.6950000000000011,10.689079209222612,1.3683579234273533,16.12925935142632,4.705318664743203,17,39.84851539005671,36.620697205151245,0.1750000000000006,0.5250000000000009
180,success,1,0.7050000000000011,11.845132304548361,1.0753977970244257,16.514646300906605,4.684920264120658,17,39.84851539005671,36.620697205151245,0.1750000000000006,0.5250000000000009
180,success,1,0.7150000000000011,13.556293929559242,0.6668446187433041,17.083778879126154,4.654951672522629,17,39.84851539005671,36.620697205151245,0.1750000000000006,0.5250000000000009
180,success,1,0.7250000000000011,15.246849180874653,0.36077918196889897,17.6821854990588,4.554653844028106,17,39.84851539005671,36.620697205151245,0.1750000000000006,0.5250000000000009
180,success,1,0.7350000000000011,16.27094830506566,0.2664712399710703,18.37898495311441,4.3504057427050515,17,39.84851539005671,36.620697205151245,0.1750000000000006,0.5250000000000009
180,success,1,0.7450000000000011,19.702185637152887,1.5731063650079649,19.305080264663292,4.1107594822453875,17,39.84851539005671,36.620697205151245,0.1750000000000006,0.5250000000000009
180,success,1,0.7550000000000011,18.195139779051114,0.9514758031401745,20.46663039115846,4.034272762349868,17,39.84851539005671,36.620697205151245,0.1750000000000006,0.5250000000000009
180,success,1,0.7650000000000011,17.41839553752997,1.6408660964056523,21.673741122143042,4.30896553445202,17,39.84851539005671,36.620697205151245,0.1750000000000006,0.5250000000000009
180,success,1,0.7750000000000011,18.23010354035999,2.5609885252991544,22.632308777373648,4.877649110293851,17,39.84851539005671,36.620697205151245,0.1750000000000006,0.5250000000000009
180,success,1,0.7850000000000011,18.81286845311709,3.4334495749142215,23.10825723309185,5.469700915731641,17,39.84851539005671,36.620697205151245,0.1750000000000006,0.5250000000000009
180,success,1,0.7950000000000012,19.452202329009854,4.052512031187372,23.006716056380785,5.849419199634808,17,39.84851539005671,36.620697205151245,0.1750000000000006,0.5250000000000009
180,success,1,0.8050000000000012,19.67430129225433,4.3475675118640655,22.324043115974824,5.971697813433911,17,39.84851539005671,36.620697205151245,0.1750000000000006,0.5250000000000009
180,success,1,0.8150000000000012,19.71674749388032,4.32255033039468,21.08289274170761,5.9185437048593315,17,39.84851539005671,36.620697205151245,0.1750000000000006,0.5250000000000009
180,success,1,0.8250000000000012,17.05553177731352,4.282246020412855,19.398780428892895,5.721739198941236,17,39.84851539005671,36.620697205151245,0.1750000000000006,0.5250000000000009
180,success,1,0.8350000000000012,15.41649709140081,4.178511573266547,17.61238728689391,5.350455364836373,17,39.84851539005671,36.620697205151245,0.1750000000000006,0.5250000000000009
180,success,1,0.8450000000000012,15.955792372838108,3.887441633735724,16.277458501734884,4.872734710587093,17,39.84851539005671,36.620697205151245,0.1750000000000006,0.5250000000000009
180,success,1,0.8550000000000012,15.724296493841212,3.769719172064712,15.882571843904365,4.481733831479335,17,39.84851539005671,36.620697205151245,0.1750000000000006,0.5250000000000009
180,success,1,0.8650000000000012,16.89881195097563,3.518529803960868,16.48506895582093,4.317304661681158,17,39.84851539005671,36.620697205151245,0.1750000000000006,0.5250000000000009
180,success,1,0.8750000000000012,17.87589812559961,3.3320506144153303,17.587003287254902,4.341520653993548,17,39.84851539005671,36.620697205151245,0.1750000000000006,0.5250000000000009
180,success,1,0.8850000000000012,20.077656485760738,3.4253029828627315,18.382083083932216,4.411322712141922,17,39.84851539005671,36.620697205151245,0.1750000000000006,0.5250000000000009
180,success,1,0.8950000000000012,18.32673315300387,3.326376499823781,18.225190421776027,4.404115564350971,17,39.84851539005671,36.620697205151245,0.1750000000000006,0.5250000000000009
180,success,1,0.9050000000000012,17.13808501476144,3.3053711448396124,16.995827584051685,4.291901271856289,17,39.84851539005671,36.620697205151245,0.1750000000000006,0.5250000000000009
180,success,1,0.9150000000000013,14.581391765770478,3.559901191018365,15.131149343454855,4.160634497062774,17,39.84851539005671,36.620697205151245,0.1750000000000006,0.5250000000000009
180,success,1,0.9250000000000013,12.478354846354758,3.91869514828989,13.353003208537015,4.14221483702949,17,39.84851539005671,36.620697205151245,0.1750000000000006,0.5250000000000009
180,success,1,0.9350000000000013,12.926673113630981,4.105410039348351,12.295392805280231,4.28975250820513,17,39.84851539005671,36.620697205151245,0.1750000000000006,0.5250000000000009
180,success,1,0.9450000000000013,13.419486109408773,4.3460589612083815,12.255548391284876,4.5484407602697,17,39.84851539005671,36.620697205151245,0.1750000000000006,0.5250000000000009
180,success,1,0.9550000000000013,12.550448144039589,4.779454868683318,13.137598482534843,4.850260972291353,17,39.84851539005671,36.620697205151245,0.1750000000000006,0.5250000000000009
180,success,1,0.9650000000000013,13.236610445703647,5.101531987446986,14.56165603117658,5.179075453765977,17,39.84851539005671,36.620697205151245,0.1750000000000006,0.5250000000000009
180,success,1,0.9750000000000013,16.169476955968015,5.518487068023851,16.051497547724306,5.538517188430635,17,39.84851539005671,36.620697205151245,0.1750000000000006,0.5250000000000009
180,success,1,0.9850000000000013,17.250514355333035,5.878458468165633,17.215896384691675,5.884409535512345,17,39.84851539005671,36.620697205151245,0.1750000000000006,0.5250000000000009
180,success,1,0.9950000000000013,17.836269756568466,6.107616113599881,17.836269756568466,6.107616113599881,17,39.84851539005671,36.620697205151245,0.1750000000000006,0.5250000000000009
180,success,2,-0.495,3.8204407661027053,2.5806295962283863,3.8204407661027053,2.5806295962283863,17,21.193455126552735,18.73389033700274,0.585000000000001,0.25500000000000067
180,success,2,-0.485,3.9029595887821245,2.6861345160355024,3.9077593414362024,2.6857299926234854,17,21.193455126552735,18.73389033700274,0.585000000000001,0.25500000000000067
180,success,2,-0.475,3.960521441308403,2.821880689700504,3.9826558835809514,2.820123888146729,17,21.193455126552735,18.73389033700274,0.585000000000001,0.25500000000000067
180,success,2,-0.46499999999999997,3.872844948440236,2.8477758250615173,3.9452480664817378,2.8425966821929,17,21.193455126552735,18.73389033700274,0.585000000000001,0.25500000000000067
180,success,2,-0.45499999999999996,3.6078940035252622,2.6713315138396316,3.8076389208742425,2.6597958500114918,17,21.193455126552735,18.73389033700274,0.585000000000001,0.25500000000000067
180,success,2,-0.44499999999999995,3.2367959499148413,2.3404716592236,3.717045024140562,2.326679307727832,17,21.193455126552735,18.73389033700274,0.585000000000001,0.25500000000000067
180,success,2,-0.43499999999999994,2.865654336240402,1.9937097382244964,3.8807941133633257,2.026070066456449,17,21.193455126552735,18.73389033700274,0.585000000000001,0.25500000000000067
180,success,2,-0.42499999999999993,2.5485395038470933,1.719802228844991,4.449955208773018,1.9713439286980703,17,21.193455126552735,18.73389033700274,0.585000000000001,0.25500000000000067
180,success,2,-0.4149999999999999,2.3025381131876346,1.4998103484736902,5.44151117348375,2.2892301869657614,17,21.193455126552735,18.73389033700274,0.585000000000001,0.25500000000000067
180,success,2,-0.4049999999999999,2.185850318797425,1.2927964833069157,6.721695418667755,2.9180783956564986,17,21.193455126552735,18.73389033700274,0.585000000000001,0.25500000000000067
180,success,2,-0.3949999999999999,2.4229238930606085,1.1041456359349622,8.055635995870576,3.6366142654076397,17,21.193455126552735,18.73389033700274,0.585000000000001,0.25500000000000067
180,success,2,-0.3849999999999999,2.1045618757043507,1.0676049645094432,9.20977159831879,4.1743034785014554,17,21.193455126552735,18.73389033700274,0.585000000000001,0.25500000000000067
180,success,2,-0.3749999999999999,2.2882325955127136,1.2453975260531422,10.074678430749767,4.337615126528159,17,21.193455126552735,18.73389033700274,0.585000000000001,0.25500000000000067
180,success,2,-0.3649999999999999,2.631226182494625,1.652718314496749,10.717284815755402,4.143621185994402,17,21.193455126552735,18.73389033700274,0.585000000000001,0.25500000000000067
180,success,2,-0.35499999999999987,3.223433278503668,2.2622215460212534,11.303370518506403,3.8767275117628905,17,21.193455126552735,18.73389033700274,0.585000000000001,0.25500000000000067
180,success,2,-0.34499999999999986,3.983599459744938,2.9630978528412824,11.946713607391002,3.8965103761587905,17,21.193455126552735,18.73389033700274,0.585000000000001,0.25500000000000067
180,success,2,-0.33499999999999985,4.676776030282916,3.63554756110719,12.621321278461542,4.249457873695809,17,21.193455126552735,18.73389033700274,0.585000000000001,0.25500000000000067
180,success,2,-0.32499999999999984,5.24272127091433,4.184577549798198,13.182281398334919,4.692079252565236,17,21.193455126552735,18.73389033700274,0.585000000000001,0.25500000000000067
180,success,2,-0.31499999999999984,5.622220916994807,4.552736892087857,13.435176681177325,5.013275724977317,17,21.193455126552735,18.73389033700274,0.585000000000001,0.25500000000000067
180,success,2,-0.3049999999999998,6.922738379021598,4.617056299462628,13.197085404938587,5.098144738284516,17,21.193455126552735,18.73389033700274,0.585000000000001,0.25500000000000067
180,success,2,-0.2949999999999998,6.897459211198431,4.46336212966365,12.37904618260611,4.883784157543291,17,21.193455126552735,18.73389033700274,0.585000000000001,0.25500000000000067
180,success,2,-0.2849999999999998,6.466159727746467,4.045020789864506,11.086410509807994,4.388102551151337,17,21.193455126552735,18.73389033700274,0.585000000000001,0.25500000000000067
180,success,2,-0.2749999999999998,5.856172946679215,3.4533940593895713,9.635844096979513,3.7430845478484254,17,21.193455126552735,18.73389033700274,0.585000000000001,0.25500000000000067
180,success,2,-0.2649999999999998,5.223326887284705,2.839661005518821,8.427550282238958,3.1335018319710115,17,21.193455126552735,18.73389033700274,0.585000000000001,0.25500000000000067
180,success,2,-0.2549999999999998,4.6899560743251065,2.322488290777915,7.758167688662745,2.673241961680972,17,21.193455126552735,18.73389033700274,0.585000000000001,0.25500000000000067
180,success,2,-0.24499999999999977,4.435835457996661,1.926083481105824,7.715948958555981,2.3809472735521227,17,21.193455126552735,18.73389033700274,0.585000000000001,0.25500000000000067
180,success,2,-0.23499999999999976,6.139922385946824,1.495220422894185,8.19801808129616,2.278019900570316,17,21.193455126552735,18.73389033700274,0.585000000000001,0.25500000000000067
180,success,2,-0.22499999999999976,8.21990706156702,1.1464528800815446,8.981334371388277,2.3692567718123767,17,21.193455126552735,18.73389033700274,0.585000000000001,0.25500000000000067
180,success,2,-0.21499999999999975,8.259704966436264,0.9028340329812761,9.818370424811588,2.5460226911512485,17,21.193455126552735,18.73389033700274,0.585000000000001,0.25500000000000067
180,success,2,-0.20499999999999974,9.793077937760032,0.8136333860947922,10.536945060750792,2.6845669386501085,17,21.193455126552735,18.73389033700274,0.585000000000001,0.25500000000000067
180,success,2,-0.19499999999999973,12.726432666166328,1.1845310690089168,11.098316326187337,2.7790176057102784,17,21.193455126552735,18.73389033700274,0.585000000000001,0.25500000000000067
180,success,2,-0.18499999999999972,11.27046828847053,1.0313246715661615,11.548463942410194,2.9109189304986227,17,21.193455126552735,18.73389033700274,0.585000000000001,0.25500000000000067
180,success,2,-0.1749999999999997,7.702159042675538,0.5366812658776807,11.915223345139989,3.109847025561991,17,21.193455126552735,18.73389033700274,0.585000000000001,0.25500000000000067
180,success,2,-0.1649999999999997,5.89077168221818,0.5986461612128319,12.175393519058234,3.301307666844316,17,21.193455126552735,18.73389033700274,0.585000000000001,0.25500000000000067
180,success,2,-0.1549999999999997,5.952102713184382,0.5728536143089423,12.347067643998244,3.417686360885126,17,21.193455126552735,18.73389033700274,0.585000000000001,0.25500000000000067
180,success,2,-0.14499999999999968,6.0818885579237465,0.5362507378276563,12.573145873463522,3.5153652465283374,17,21.193455126552735,18.73389033700274,0.585000000000001,0.25500000000000067
180,success,2,-0.13499999999999968,6.276686447273185,0.5349223283945664,13.041383417987872,3.737837540713965,17,21.193455126552735,18.73389033700274,0.585000000000001,0.25500000000000067
180,success,2,-0.12499999999999967,6.501095668478047,0.6107723115836358,13.762258154724726,4.113949636849308,17,21.193455126552735,18.73389033700274,0.585000000000001,0.25500000000000067
180,success,2,-0.11499999999999966,6.276371545190541,0.534870598504002,14.445053725041104,4.477564274948608,17,21.193455126552735,18.73389033700274,0.585000000000001,0.25500000000000067
180,success,2,-0.10499999999999965,5.106071923567312,0.5124523602471569,14.638375200169424,4.62293085022674,17,21.193455126552735,18.73389033700274,0.585000000000001,0.25500000000000067
180,success,2,-0.09499999999999964,5.106071923567312,0.5124523602471569,14.062337686373308,4.451420389074298,17,21.193455126552735,18.73389033700274,0.585000000000001,0.25500000000000067
180,success,2,-0.08499999999999963,5.106071923567312,0.5124523602471569,12.849930391708288,4.019168215439757,17,21.193455126552735,18.73389033700274,0.585000000000001,0.25500000000000067
180,success,2,-0.07499999999999962,5.106071923567312,0.5124523602471569,11.488593829704111,3.5159021747110297,17,21.193455126552735,18.73389033700274,0.585000000000001,0.25500000000000067
180,success,2,-0.06499999999999961,5.106071923567312,0.5124523602471569,10.50393313989388,3.170105991870695,17,21.193455126552735,18.73389033700274,0.585000000000001,0.25500000000000067
180,success,2,-0.05499999999999961,3.8425366544327866,0.6562058314095225,10.136178733483279,3.0923886347089717,17,21.193455126552735,18.73389033700274,0.585000000000001,0.25500000000000067
180,success,2,-0.0449999999999996,3.1922690001063465,0.7644672904695475,10.243378471073834,3.19683530921614,17,21.193455126552735,18.73389033700274,0.585000000000001,0.25500000000000067
180,success,2,-0.034999999999999594,3.7980168541539596,0.6644837426677997,10.470945984661785,3.316404164204249,17,21.193455126552735,18.73389033700274,0.585000000000001,0.25500000000000067
180,success,2,-0.02499999999999958,3.910602338277674,0.6477234647491944,10.522169017623838,3.335859129069227,17,21.193455126552735,18.73389033700274,0.585000000000001,0.25500000000000067
180,success,2,-0.014999999999999573,5.118227257982797,0.5136466487681858,10.340873813521045,3.2198150175680835,17,21.193455126552735,18.73389033700274,0.585000000000001,0.25500000000000067
180,success,2,-0.004999999999999565,5.118227257982797,0.5136466487681858,10.112046870278206,2.9944793626428075,17,21.193455126552735,18.73389033700274,0.585000000000001,0.25500000000000067
180,success,2,0.005000000000000444,7.045255102442964,0.4723883616966198,10.117649936470093,2.756843785210338,17,21.193455126552735,18.73389033700274,0.585000000000001,0.25500000000000067
180,success,2,0.015000000000000454,7.045255102442964,0.4723883616966198,10.539370370640455,2.6909116574483254,17,21.193455126552735,18.73389033700274,0.585000000000001,0.25500000000000067
180,success,2,0.025000000000000463,7.045255102442964,0.4723883616966198,11.324246165397458,2.9341685888288858,17,21.193455126552735,18.73389033700274,0.585000000000001,0.25500000000000067
180,success,2,0.03500000000000047,7.045255102442964,0.4723883616966198,12.204265689886078,3.3874194432704092,17,21.193455126552735,18.73389033700274,0.585000000000001,0.25500000000000067
180,success,2,0.04500000000000048,7.045255102442964,0.4723883616966198,12.874578416463887,3.8438235952500124,17,21.193455126552735,18.73389033700274,0.585000000000001,0.25500000000000067
180,success,2,0.055000000000000486,7.045255102442964,0.4723883616966198,13.200798126720471,4.188510645963604,17,21.193455126552735,18.73389033700274,0.585000000000001,0.25500000000000067
180,success,2,0.0650000000000005,7.045255102442964,0.4723883616966198,13.293157625913556,4.389458741224375,17,21.193455126552735,18.73389033700274,0.585000000000001,0.25500000000000067
180,success,2,0.07500000000000051,7.045255102442964,0.4723883616966198,13.396172940480044,4.407078382016024,17,21.193455126552735,18.73389033700274,0.585000000000001,0.25500000000000067
180,success,2,0.08500000000000052,7.045255102442964,0.4723883616966198,13.709061244541644,4.219434454055055,17,21.193455126552735,18.73389033700274,0.585000000000001,0.25500000000000067
180,success,2,0.09500000000000053,7.220123948096625,0.467612893133776,14.267062878292762,3.9212527602262712,17,21.193455126552735,18.73389033700274,0.585000000000001,0.25500000000000067
180,success,2,0.10500000000000054,11.232434643590784,0.49125209966000355,14.953978788520223,3.6922835713187108,17,21.193455126552735,18.73389033700274,0.585000000000001,0.25500000000000067
180,success,2,0.11500000000000055,14.184634978510521,1.10136627287601,15.591717502600488,3.6387687734695477,17,21.193455126552735,18.73389033700274,0.585000000000001,0.25500000000000067
180,success,2,0.12500000000000056,16.032281047996275,2.222168276700439,16.036184802151862,3.7450654001556263,17,21.193455126552735,18.73389033700274,0.585000000000001,0.25500000000000067
180,success,2,0.13500000000000056,13.44921986434715,2.1786020805751103,16.231574180529734,3.9354360518956635,17,21.193455126552735,18.73389033700274,0.585000000000001,0.25500000000000067
180,success,2,0.14500000000000057,13.122288066782453,2.083234341825517,16.20275661067667,4.101876502690915,17,21.193455126552735,18.73389033700274,0.585000000000001,0.25500000000000067
180,success,2,0.15500000000000058,12.330119582028537,1.9152791960484081,16.00898170220845,4.169450729395454,17,21.193455126552735,18.73389033700274,0.585000000000001,0.25500000000000067
180,success,2,0.1650000000000006,11.98305576989887,1.58647219437495,15.677692428758023,4.158361473006125,17,21.193455126552735,18.73389033700274,0.585000000000001,0.25500000000000067
180,success,2,0.1750000000000006,11.512392212045427,1.1479026650992394,15.190864170523772,4.094838493024552,17,21.193455126552735,18.73389033700274,0.585000000000001,0.25500000000000067
180,success,2,0.1850000000000006,10.159542310845618,0.8746432481214067,14.569822771932765,3.9267905428838366,17,21.193455126552735,18.73389033700274,0.585000000000001,0.25500000000000067
180,success,2,0.19500000000000062,10.0901111331857,0.4479780020076372,13.987278250759845,3.6822546345469886,17,21.193455126552735,18.73389033700274,0.585000000000001,0.25500000000000067
180,success,2,0.20500000000000063,11.996992930719689,0.9080523479272247,13.759644018057342,3.615614390533835,17,21.193455126552735,18.73389033700274,0.585000000000001,0.25500000000000067
180,success,2,0.21500000000000064,10.93137800309905,0.4643489511550841,14.171045629038979,3.9560367400115877,17,21.193455126552735,18.73389033700274,0.585000000000001,0.25500000000000067
180,success,2,0.22500000000000064,8.872067371876414,0.622774203253264,15.257518458319723,4.603836031129714,17,21.193455126552735,18.73389033700274,0.585000000000001,0.25500000000000067
180,success,2,0.23500000000000065,7.784984006564954,1.005226259286676,16.725830089480468,5.306943648243524,17,21.193455126552735,18.73389033700274,0.585000000000001,0.25500000000000067
180,success,2,0.24500000000000066,9.143771582263172,0.7896339211629042,18.05807930567483,5.843587980326522,17,21.193455126552735,18.73389033700274,0.585000000000001,0.25500000000000067
180,success,2,0.25500000000000067,9.291594022421602,0.7244489177808807,18.73389033700274,6.031214255501642,17,21.193455126552735,18.73389033700274,0.585000000000001,0.25500000000000067
180,success,2,0.2650000000000007,9.949905409834349,0.5961761094713911,18.47841298575319,5.758405621117486,17,21.193455126552735,18.73389033700274,0.585000000000001,0.25500000000000067
180,success,2,0.2750000000000007,12.851298011451062,0.42514362924748433,17.416074296535395,5.053669451193383,17,21.193455126552735,18.73389033700274,0.585000000000001,0.25500000000000067
180,success,2,0.2850000000000007,13.081266719891655,0.5070075409722525,16.031161288627825,4.134809698249963,17,21.193455126552735,18.73389033700274,0.585000000000001,0.25500000000000067
180,success,2,0.2950000000000007,13.200564037644007,0.6213104974473406,14.922088097588873,3.3660359947223246,17,21.193455126552735,18.73389033700274,0.585000000000001,0.25500000000000067
180,success,2,0.3050000000000007,13.449878739174954,0.8381524280835025,14.491011593751411,3.0319778543358256,17,21.193455126552735,18.73389033700274,0.585000000000001,0.25500000000000067
180,success,2,0.3150000000000007,20.62549431548668,2.2948485991925183,14.753324958581802,3.0920270148892035,17,21.193455126552735,18.73389033700274,0.585000000000001,0.25500000000000067
180,success,2,0.32500000000000073,16.19392411176645,1.8349246420469014,15.367050085585205,3.3555182574550213,17,21.193455126552735,18.73389033700274,0.585000000000001,0.25500000000000067
180,success,2,0.33500000000000074,16.28157489310591,1.184799602190658,15.85021315896419,3.6747167509548033,17,21.193455126552735,18.73389033700274,0.585000000000001,0.25500000000000067
180,success,2,0.34500000000000075,13.316185134518227,0.5815747508571456,15.858488022669011,3.9108068198315786,17,21.193455126552735,18.73389033700274,0.585000000000001,0.25500000000000067
180,success,2,0.35500000000000076,10.866689661015473,0.37794932089093913,15.369857356973194,3.9963857333647335,17,21.193455126552735,18.73389033700274,0.585000000000001,0.25500000000000067
180,success,2,0.36500000000000077,10.866689661015473,0.37794932089093913,14.650184097674623,3.9781323652269593,17,21.193455126552735,18.73389033700274,0.585000000000001,0.25500000000000067
180,success,2,0.3750000000000008,7.77238465372278,0.37081329254612283,14.047921897333257,3.918644349543111,17,21.193455126552735,18.73389033700274,0.585000000000001,0.25500000000000067
180,success,2,0.3850000000000008,7.945693037182159,0.3253016403976766,13.764794360842277,3.840923150480879,17,21.193455126552735,18.73389033700274,0.585000000000001,0.25500000000000067
180,success,2,0.3950000000000008,8.169787356304376,0.3855815078414724,13.75941136029974,3.786469945779598,17,21.193455126552735,18.73389033700274,0.585000000000001,0.25500000000000067
180,success,2,0.4050000000000008,6.711140706749632,0.3824611094268388,13.815293718409638,3.810999201823087,17,21.193455126552735,18.73389033700274,0.585000000000001,0.25500000000000067
180,success,2,0.4150000000000008,5.688241029896863,0.4283970351416649,13.69768205594734,3.8922864547909013,17,21.193455126552735,18.73389033700274,0.585000000000001,0.25500000000000067
180,success,2,0.4250000000000008,5.574848879292021,0.4796098763111457,13.309984009603594,3.9349072626821444,17,21.193455126552735,18.73389033700274,0.585000000000001,0.25500000000000067
180,success,2,0.43500000000000083,5.52826980906659,0.5061032504640848,12.754359827590134,3.8760491999040294,17,21.193455126552735,18.73389033700274,0.585000000000001,0.25500000000000067
180,success,2,0.44500000000000084,5.511879825696052,0.5160436085745027,12.256033120245991,3.751832373832655,17,21.193455126552735,18.73389033700274,0.585000000000001,0.25500000000000067
180,success,2,0.45500000000000085,5.737754447780272,0.413292062289856,12.016124812647309,3.683197461628626,17,21.193455126552735,18.73389033700274,0.585000000000001,0.25500000000000067
180,success,2,0.46500000000000086,6.154358655988303,0.49658996398421607,12.106207561606865,3.8103592074164214,17,21.193455126552735,18.73389033700274,0.585000000000001,0.25500000000000067
180,success,2,0.47500000000000087,5.812100758656134,0.4004835414016998,12.451430691566818,4.191433248389583,17,21.193455126552735,18.73389033700274,0.585000000000001,0.25500000000000067
180,success,2,0.4850000000000009,3.4268068235680147,0.556520643297293,12.856604344564197,4.727529375941857,17,21.193455126552735,18.73389033700274,0.585000000000001,0.25500000000000067
180,success,2,0.4950000000000009,2.332667564599442,0.6661368815424024,13.054850083841883,5.208847661905047,17,21.193455126552735,18.73389033700274,0.585000000000001,0.25500000000000067
180,success,2,0.5050000000000009,2.1049824741577314,0.69432043984048,12.824144626130234,5.433242573446558,17,21.193455126552735,18.73389033700274,0.585000000000001,0.25500000000000067
180,success,2,0.5150000000000009,2.2206971927430663,0.6783389370896705,12.176777782974613,5.3052986594847065,17,21.193455126552735,18.73389033700274,0.585000000000001,0.25500000000000067
180,success,2,0.5250000000000009,3.0631124865669292,0.587262200300248,11.473761203650888,4.873389443715381,17,21.193455126552735,18.73389033700274,0.585000000000001,0.25500000000000067
180,success,2,0.5350000000000009,3.142260012269258,0.5999425061634466,11.290128740723056,4.3263120046846195,17,21.193455126552735,18.73389033700274,0.585000000000001,0.25500000000000067
180,success,2,0.5450000000000009,5.23080320799025,0.4740330306362153,12.046403193493385,3.960409769694539,17,21.193455126552735,18.73389033700274,0.585000000000001,0.25500000000000067
180,success,2,0.5550000000000009,5.526333497830118,0.6585869464545981,13.661565212515129,3.997132641381445,17,21.193455126552735,18.73389033700274,0.585000000000001,0.25500000000000067
180,success,2,0.565000000000001,10.369016910773079,0.6989303720215803,15.513469861981264,4.307154414154551,17,21.193455126552735,18.73389033700274,0.585000000000001,0.25500000000000067
180,success,2,0.575000000000001,15.084500427770429,0.8586728083963663,16.790710644385708,4.549523624392685,17,21.193455126552735,18.73389033700274,0.585000000000001,0.25500000000000067
180,success,2,0.585000000000001,21.193455126552735,2.303766917146437,16.999236648790863,4.537345388378366,17,21.193455126552735,18.73389033700274,0.585000000000001,0.25500000000000067
180,success,2,0.595000000000001,18.23437702470651,2.228353850459237,16.25078806171535,4.3638348190380425,17,21.193455126552735,18.73389033700274,0.585000000000001,0.25500000000000067
180,success,2,0.605000000000001,15.616095793043772,1.9632655875304643,15.114358929234145,4.254372134027753,17,21.193455126552735,18.73389033700274,0.585000000000001,0.25500000000000067
180,success,2,0.615000000000001,14.238626524527447,1.545215217016142,14.190560149581536,4.257137986712306,17,21.193455126552735,18.73389033700274,0.585000000000001,0.25500000000000067
180,success,2,0.625000000000001,15.369275439392524,2.4172199242465844,13.765214003700653,4.194758141301868,17,21.193455126552735,18.73389033700274,0.585000000000001,0.25500000000000067
180,success,2,0.635000000000001,12.315502407625498,2.448490191099606,13.754037758178296,3.9787159574895266,17,21.193455126552735,18.73389033700274,0.585000000000001,0.25500000000000067
180,success,2,0.645000000000001,11.557437880943183,2.046932306879057,13.870616231305625,3.7749424400552445,17,21.193455126552735,18.73389033700274,0.585000000000001,0.25500000000000067
180,success,2,0.655000000000001,10.88586106923234,1.57483917437069,13.82993677163101,3.7567126747404718,17,21.193455126552735,18.73389033700274,0.585000000000001,0.25500000000000067
180,success,2,0.665000000000001,10.498335156033043,1.1877601112432912,13.492507568002909,3.792408773793567,17,21.193455126552735,18.73389033700274,0.585000000000001,0.25500000000000067
180,success,2,0.675000000000001,10.19010779175566,0.9741855376284243,12.92694495273738,3.6368560466803688,17,21.193455126552735,18.73389033700274,0.585000000000001,0.25500000000000067
180,success,2,0.685000000000001,10.060145274648963,0.918260447616445,12.372415484020276,3.2648789397791713,17,21.193455126552735,18.73389033700274,0.585000000000001,0.25500000000000067
180,success,2,0.6950000000000011,10.026078784286172,1.0412969115095216,12.093598668099517,2.922512201716913,17,21.193455126552735,18.73389033700274,0.585000000000001,0.25500000000000067
180,success,2,0.7050000000000011,10.521952735540818,1.2896735486569233,12.18697018157919,2.917376896060287,17,21.193455126552735,18.73389033700274,0.585000000000001,0.25500000000000067
180,success,2,0.7150000000000011,10.7672509873428,1.5228733877311116,12.477387345390358,3.234097657425376,17,21.193455126552735,18.73389033700274,0.585000000000001,0.25500000000000067
180,success,2,0.7250000000000011,9.658766339438621,1.7038212008289926,12.587890907054629,3.548230824939552,17,21.193455126552735,18.73389033700274,0.585000000000001,0.25500000000000067
180,success,2,0.7350000000000011,9.639815860726337,1.6855572473855482,12.164318329471914,3.6009489570482383,17,21.193455126552735,18.73389033700274,0.585000000000001,0.25500000000000067
180,success,2,0.7450000000000011,9.435548586023415,1.4888786697265959,11.098355385918175,3.351339111824356,17,21.193455126552735,18.73389033700274,0.585000000000001,0.25500000000000067
180,success,2,0.7550000000000011,5.934571974429886,1.378990962574379,9.604262146733952,2.9438902709521866,17,21.193455126552735,18.73389033700274,0.585000000000001,0.25500000000000067
180,success,2,0.7650000000000011,3.9120496710385426,1.228261996222668,8.111409690551357,2.5841919064094117,17,21.193455126552735,18.73389033700274,0.585000000000001,0.25500000000000067
180,success,2,0.7750000000000011,3.6357060112038653,1.0723343455260959,7.059321769591486,2.4066390700911504,17,21.193455126552735,18.73389033700274,0.585000000000001,0.25500000000000067
180,success,2,0.7850000000000011,2.7526454776294167,1.0799015459020005,6.700444859379906,2.4601035441577648,17,21.193455126552735,18.73389033700274,0.585000000000001,0.25500000000000067
180,success,2,0.7950000000000012,2.2879241955840848,1.08646402223058,7.007733165676558,2.750724996886435,17,21.193455126552735,18.73389033700274,0.585000000000001,0.25500000000000067
180,success,2,0.8050000000000012,2.4890131092408687,1.000951328313538,7.734595021079686,3.1971657115668877,17,21.193455126552735,18.73389033700274,0.585000000000001,0.25500000000000067
180,success,2,0.8150000000000012,2.467467585322983,0.9319043698266061,8.601256144912599,3.656746313257482,17,21.193455126552735,18.73389033700274,0.585000000000001,0.25500000000000067
180,success,2,0.8250000000000012,2.4436565375532693,0.9111528777934949,9.45991552331271,4.03620543781251,17,21.193455126552735,18.73389033700274,0.585000000000001,0.25500000000000067
180,success,2,0.8350000000000012,2.7080184334481383,0.9474542546169936,10.302223097994416,4.30230363290731,17,21.193455126552735,18.73389033700274,0.585000000000001,0.25500000000000067
180,success,2,0.8450000000000012,3.803766742065334,1.0112283881116222,11.12046248112335,4.410774382718749,17,21.193455126552735,18.73389033700274,0.585000000000001,0.25500000000000067
180,success,2,0.8550000000000012,4.451441798768452,1.123097433401225,11.796120142477223,4.299185225355115,17,21.193455126552735,18.73389033700274,0.585000000000001,0.25500000000000067
180,success,2,0.8650000000000012,4.562177864227864,1.2378268711931157,12.15131994142813,3.97127017112408,17,21.193455126552735,18.73389033700274,0.585000000000001,0.25500000000000067
180,success,2,0.8750000000000012,4.659482813102407,1.3314539687313145,12.099585814401067,3.5637985983103437,17,21.193455126552735,18.73389033700274,0.585000000000001,0.25500000000000067
180,success,2,0.8850000000000012,5.017351279983592,1.4046298888670607,11.727329411205497,3.2780090320051194,17,21.193455126552735,18.73389033700274,0.585000000000001,0.25500000000000067
180,success,2,0.8950000000000012,6.868218948909251,1.9420422810087261,11.228185319528562,3.169831446462835,17,21.193455126552735,18.73389033700274,0.585000000000001,0.25500000000000067
180,success,2,0.9050000000000012,6.408137655973332,1.7957859022011857,10.77168283342007,3.095015876635179,17,21.193455126552735,18.73389033700274,0.585000000000001,0.25500000000000067
180,success,2,0.9150000000000013,5.992337470022863,1.593438387777394,10.434710617666509,2.9308422282710556,17,21.193455126552735,18.73389033700274,0.585000000000001,0.25500000000000067
180,success,2,0.9250000000000013,5.538882091951584,1.3988868192381194,10.24573596378649,2.7026433668586876,17,21.193455126552735,18.73389033700274,0.585000000000001,0.25500000000000067
180,success,2,0.9350000000000013,6.630140068268591,1.305485890621552,10.272417152495825,2.538341925444329,17,21.193455126552735,18.73389033700274,0.585000000000001,0.25500000000000067
180,success,2,0.9450000000000013,10.782116341469418,2.177448510424979,10.625696237614225,2.6198794400494854,17,21.193455126552735,18.73389033700274,0.585000000000001,0.25500000000000067
180,success,2,0.9550000000000013,10.991377959773887,2.8254164627494975,11.34495563653611,3.0553127427544955,17,21.193455126552735,18.73389033700274,0.585000000000001,0.25500000000000067
180,success,2,0.9650000000000013,11.910228107996236,3.650366452703249,12.280384552706948,3.7140623746078956,17,21.193455126552735,18.73389033700274,0.585000000000001,0.25500000000000067
180,success,2,0.9750000000000013,12.86416407439377,4.372692443294572,13.148070203058458,4.3674227150729,17,21.193455126552735,18.73389033700274,0.585000000000001,0.25500000000000067
180,success,2,0.9850000000000013,13.71309234375116,4.859467875984788,13.726618653896438,4.865690569220847,17,21.193455126552735,18.73389033700274,0.585000000000001,0.25500000000000067
180,success,2,0.9950000000000013,13.983263300077484,5.135384778439829,13.983263300077484,5.135384778439829,17,21.193455126552735,18.73389033700274,0.585000000000001,0.25500000000000067
315,success,0,-0.495,0.19283262454374014,0.1867093858658433,7.2137751469874125,5.199989799198407,16,17.13254122049814,15.716413631891164,0.025000000000000463,0.025000000000000463
315,success,0,-0.485,0.3030580903486753,0.29343473421346056,6.950280534954069,4.891956175986869,16,17.13254122049814,15.716413631891164,0.025000000000000463,0.025000000000000463
315,success,0,-0.475,0.5115606387209918,0.49531645858540757,6.485126535037745,4.340629961838037,16,17.13254122049814,15.716413631891164,0.025000000000000463,0.025000000000000463
315,success,0,-0.46499999999999997,0.7832932082268614,0.7584203876650031,5.893984135144434,3.658238787062796,16,17.13254122049814,15.716413631891164,0.025000000000000463,0.025000000000000463
315,success,0,-0.45499999999999996,1.06197263273491,1.0282505801775879,5.223699681108361,2.9721073132503335,16,17.13254122049814,15.716413631891164,0.025000000000000463,0.025000000000000463
315,success,0,-0.44499999999999995,1.294476974935895,1.2533719414939193,4.5007074580534185,2.38692629479218,16,17.13254122049814,15.716413631891164,0.025000000000000463,0.025000000000000463
315,success,0,-0.43499999999999994,1.4624959141598488,1.4160555798593717,3.7846658354055362,1.9645588952364705,16,17.13254122049814,15.716413631891164,0.025000000000000463,0.025000000000000463
315,success,0,-0.42499999999999993,1.5850023515253202,1.53467192778929,3.198100106785379,1.7284618735771735,16,17.13254122049814,15.716413631891164,0.025000000000000463,0.025000000000000463
315,success,0,-0.4149999999999999,1.6894426775154303,1.6357958385973324,2.898809387862735,1.6638079902320277,16,17.13254122049814,15.716413631891164,0.025000000000000463,0.025000000000000463
315,success,0,-0.4049999999999999,1.7799535728743128,1.723432636191151,3.0219071119952514,1.7259249020297514,16,17.13254122049814,15.716413631891164,0.025000000000000463,0.025000000000000463
315,success,0,-0.3949999999999999,1.835911314414012,1.7776134864598092,3.6314225291865343,1.9046634372598,16,17.13254122049814,15.716413631891164,0.025000000000000463,0.025000000000000463
315,success,0,-0.3849999999999999,1.835911314414012,1.7776134864598092,4.677128469796841,2.252372991326239,16,17.13254122049814,15.716413631891164,0.025000000000000463,0.025000000000000463
315,success,0,-0.3749999999999999,1.7799535728743128,1.723432636191151,5.955891685208979,2.7666632378027347,16,17.13254122049814,15.716413631891164,0.025000000000000463,0.025000000000000463
315,success,0,-0.3649999999999999,1.6894426775154303,1.6357958385973324,7.1306329398875095,3.289921743479461,16,17.13254122049814,15.716413631891164,0.025000000000000463,0.025000000000000463
315,success,0,-0.35499999999999987,1.5850023515253202,1.53467192778929,7.8612061006062754,3.6025012786736226,16,17.13254122049814,15.716413631891164,0.025000000000000463,0.025000000000000463
315,success,0,-0.34499999999999986,1.4624959141598488,1.4160555798593717,7.994775335855353,3.5827497550011986,16,17.13254122049814,15.716413631891164,0.025000000000000463,0.025000000000000463
315,success,0,-0.33499999999999985,1.294476974935895,1.2533719414939193,7.669348335203136,3.286825820203261,16,17.13254122049814,15.716413631891164,0.025000000000000463,0.025000000000000463
315,success,0,-0.32499999999999984,1.0616380492721,1.027926621132743,7.22018545474533,2.9147178677713916,16,17.13254122049814,15.716413631891164,0.025000000000000463,0.025000000000000463
315,success,0,-0.31499999999999984,0.7817634172883243,0.75693917395797,6.949798479066342,2.703551028702157,16,17.13254122049814,15.716413631891164,0.025000000000000463,0.025000000000000463
315,success,0,-0.3049999999999998,0.5056002775131165,0.48954536366153717,6.935999642613731,2.7594778942375955,16,17.13254122049814,15.716413631891164,0.025000000000000463,0.025000000000000463
315,success,0,-0.2949999999999998,0.28326899423678625,0.2742740242939995,7.014646276181146,2.9457395199687415,16,17.13254122049814,15.716413631891164,0.025000000000000463,0.025000000000000463
315,success,0,-0.2849999999999998,0.1368449771253453,0.13249957935464932,6.929986485845611,3.0345752248165447,16,17.13254122049814,15.716413631891164,0.025000000000000463,0.025000000000000463
315,success,0,-0.2749999999999998,0.05785202181974177,0.056014979263071994,6.529277038681386,2.9191794880801725,16,17.13254122049814,15.716413631891164,0.025000000000000463,0.025000000000000463
315,success,0,-0.2649999999999998,0.02574945731976431,0.02493180484333146,5.867300807356126,2.6639812585346743,16,17.13254122049814,15.716413631891164,0.025000000000000463,0.025000000000000463
315,success,0,-0.2549999999999998,0.03076820926191203,0.024607845798486724,5.165623539676536,2.41133819027649,16,17.13254122049814,15.716413631891164,0.025000000000000463,0.025000000000000463
315,success,0,-0.24499999999999977,0.050369238711869976,0.02335059639355751,4.677674963652219,2.2545812165376367,16,17.13254122049814,15.716413631891164,0.025000000000000463,0.025000000000000463
315,success,0,-0.23499999999999976,0.12313841359338833,0.01887426309057212,4.559640232075355,2.1931790168896717,16,17.13254122049814,15.716413631891164,0.025000000000000463,0.025000000000000463
315,success,0,-0.22499999999999976,0.3542520794388234,0.01205649468687332,4.8060245390426175,2.1743748828795413,16,17.13254122049814,15.716413631891164,0.025000000000000463,0.025000000000000463
315,success,0,-0.21499999999999975,0.3542520794388234,0.01205649468687332,5.2680929381994375,2.1509439229994665,16,17.13254122049814,15.716413631891164,0.025000000000000463,0.025000000000000463
315,success,0,-0.20499999999999974,0.3542520794388234,0.01205649468687332,5.733615848124205,2.098619851119495,16,17.13254122049814,15.716413631891164,0.025000000000000463,0.025000000000000463
315,success,0,-0.19499999999999973,0.3542520794388234,0.01205649468687332,6.036801139347251,1.9932967663686276,16,17.13254122049814,15.716413631891164,0.025000000000000463,0.025000000000000463
315,success,0,-0.18499999999999972,0.7256357571385568,0.06890524274151999,6.132740058158338,1.8348342925568413,16,17.13254122049814,15.716413631891164,0.025000000000000463,0.025000000000000463
315,success,0,-0.1749999999999997,0.9976179668861459,0.19044259840454675,6.08837960697775,1.6989334916003238,16,17.13254122049814,15.716413631891164,0.025000000000000463,0.025000000000000463
315,success,0,-0.1649999999999997,1.5032604296436776,0.45608960013923255,6.002191524903784,1.6670213599267454,16,17.13254122049814,15.716413631891164,0.025000000000000463,0.025000000000000463
315,success,0,-0.1549999999999997,1.2822740274959712,0.33639662166891576,5.924977214276589,1.7065915302188115,16,17.13254122049814,15.716413631891164,0.025000000000000463,0.025000000000000463
315,success,0,-0.14499999999999968,0.8836216677497638,0.13881610428327612,5.83372661442714,1.747534447294741,16,17.13254122049814,15.716413631891164,0.025000000000000463,0.025000000000000463
315,success,0,-0.13499999999999968,0.6800390411973752,0.06483854472788746,5.656843678819367,1.7764454152836766,16,17.13254122049814,15.716413631891164,0.025000000000000463,0.025000000000000463
315,success,0,-0.12499999999999967,0.6032113683150256,0.06888247466355499,5.327840613435074,1.7781072129981357,16,17.13254122049814,15.716413631891164,0.025000000000000463,0.025000000000000463
315,success,0,-0.11499999999999966,0.5789917019337985,0.07804678327498597,4.8531385547199655,1.705478329679604,16,17.13254122049814,15.716413631891164,0.025000000000000463,0.025000000000000463
315,success,0,-0.10499999999999965,0.5878528424724747,0.07423912935221444,4.3501973015475155,1.5665937604597975,16,17.13254122049814,15.716413631891164,0.025000000000000463,0.025000000000000463
315,success,0,-0.09499999999999964,0.6155103122805023,0.06436994180382037,4.004555291997349,1.497045633353247,16,17.13254122049814,15.716413631891164,0.025000000000000463,0.025000000000000463
315,success,0,-0.08499999999999963,0.6155103122805023,0.06436994180382037,3.9562184936958045,1.6301177502814255,16,17.13254122049814,15.716413631891164,0.025000000000000463,0.025000000000000463
315,success,0,-0.07499999999999962,0.6517088635870081,0.06339975630244078,4.217492954296675,1.872370127235707,16,17.13254122049814,15.716413631891164,0.025000000000000463,0.025000000000000463
315,success,0,-0.06499999999999961,0.7621688919078723,0.05218172103916941,4.712791981488523,2.0422847005696676,16,17.13254122049814,15.716413631891164,0.025000000000000463,0.025000000000000463
315,success,0,-0.05499999999999961,0.7621688919078723,0.05218172103916941,5.40426117375909,2.1016956596298537,16,17.13254122049814,15.716413631891164,0.025000000000000463,0.025000000000000463
315,success,0,-0.0449999999999996,0.7621688919078723,0.05218172103916941,6.3705780807989925,2.190677623583674,16,17.13254122049814,15.716413631891164,0.025000000000000463,0.025000000000000463
315,success,0,-0.034999999999999594,0.9900821738102102,0.03675888458869648,7.746547142602742,2.471316652152705,16,17.13254122049814,15.716413631891164,0.025000000000000463,0.025000000000000463
315,success,0,-0.02499999999999958,2.419906770059779,0.10638730272879879,9.557837561831219,2.9437557090449076,16,17.13254122049814,15.716413631891164,0.025000000000000463,0.025000000000000463
315,success,0,-0.014999999999999573,2.419906770059779,0.10638730272879879,11.607061494569344,3.508575828822464,16,17.13254122049814,15.716413631891164,0.025000000000000463,0.025000000000000463
315,success,0,-0.004999999999999565,2.419906770059779,0.10638730272879879,13.522111283418475,4.055060322363729,16,17.13254122049814,15.716413631891164,0.025000000000000463,0.025000000000000463
315,success,0,0.005000000000000444,4.158883785320751,0.14853059520036052,14.939919680458384,4.451165561118631,16,17.13254122049814,15.716413631891164,0.025000000000000463,0.025000000000000463
315,success,0,0.015000000000000454,7.683845243093702,0.1413867861883365,15.670684723660905,4.599767360489368,16,17.13254122049814,15.716413631891164,0.025000000000000463,0.025000000000000463
315,success,0,0.025000000000000463,17.13254122049814,1.7888373399488549,15.716413631891164,4.519132537484452,16,17.13254122049814,15.716413631891164,0.025000000000000463,0.025000000000000463
315,success,0,0.03500000000000047,14.589657465872493,2.0171814016292644,15.165844244435121,4.295212042798801,16,17.13254122049814,15.716413631891164,0.025000000000000463,0.025000000000000463
315,success,0,0.04500000000000048,11.751589732554644,2.225330222371473,14.116521688668787,3.9596811547510513,16,17.13254122049814,15.716413631891164,0.025000000000000463,0.025000000000000463
315,success,0,0.055000000000000486,13.080886214834635,2.4766539128580294,12.704897766954717,3.489036866557898,16,17.13254122049814,15.716413631891164,0.025000000000000463,0.025000000000000463
315,success,0,0.0650000000000005,11.765700860312297,1.9065085174475997,11.165670447533866,2.909548801876688,16,17.13254122049814,15.716413631891164,0.025000000000000463,0.025000000000000463
315,success,0,0.07500000000000051,10.187651307714138,1.2839271867787618,9.794994977962961,2.3421732329031997,16,17.13254122049814,15.716413631891164,0.025000000000000463,0.025000000000000463
315,success,0,0.08500000000000052,8.898562344884104,0.6956083003492972,8.815962669004294,1.9467411953534715,16,17.13254122049814,15.716413631891164,0.025000000000000463,0.025000000000000463
315,success,0,0.09500000000000053,8.118108217114978,0.1863767839148105,8.267763118690171,1.8010309103494893,16,17.13254122049814,15.716413631891164,0.025000000000000463,0.025000000000000463
315,success,0,0.10500000000000054,7.294128666186491,0.26050588889237525,8.018721787492336,1.8540478151967117,16,17.13254122049814,15.716413631891164,0.025000000000000463,0.025000000000000463
315,success,0,0.11500000000000055,4.513704717048543,0.10482131651205376,7.874707322821843,2.015701011211957,16,17.13254122049814,15.716413631891164,0.025000000000000463,0.025000000000000463
315,success,0,0.12500000000000056,4.513704717048543,0.10482131651205376,7.6914894300765075,2.1654510387516472,16,17.13254122049814,15.716413631891164,0.025000000000000463,0.025000000000000463
315,success,0,0.13500000000000056,4.358743159315343,0.16955814724507032,7.4267912699705105,2.1786243551520617,16,17.13254122049814,15.716413631891164,0.025000000000000463,0.025000000000000463
315,success,0,0.14500000000000057,4.278220413071202,0.23612836912428534,7.134591498833531,2.045677118640189,16,17.13254122049814,15.716413631891164,0.025000000000000463,0.025000000000000463
315,success,0,0.15500000000000058,4.3527827981074685,0.17416192743496792,6.929981737986194,1.8820170426781868,16,17.13254122049814,15.716413631891164,0.025000000000000463,0.025000000000000463
315,success,0,0.1650000000000006,4.4939156209366535,0.1036729232559998,6.944570881957229,1.799711485167573,16,17.13254122049814,15.716413631891164,0.025000000000000463,0.025000000000000463
315,success,0,0.1750000000000006,4.70174900238335,0.22338748155679689,7.277017703249064,1.8689340013402735,16,17.13254122049814,15.716413631891164,0.025000000000000463,0.025000000000000463
315,success,0,0.1850000000000006,4.493581037473844,0.10368384174769842,7.951216554647261,2.1681147543867434,16,17.13254122049814,15.716413631891164,0.025000000000000463,0.025000000000000463
315,success,0,0.19500000000000062,2.2775781206650025,0.07531695694083569,8.89069255494924,2.674819639389585,16,17.13254122049814,15.716413631891164,0.025000000000000463,0.025000000000000463
315,success,0,0.20500000000000063,2.1485578791488793,0.060218437987104106,9.936245555795121,3.2407013352848097,16,17.13254122049814,15.716413631891164,0.025000000000000463,0.025000000000000463
315,success,0,0.21500000000000064,1.9902373850748625,0.11966218207913165,10.894467143063398,3.71366478732326,16,17.13254122049814,15.716413631891164,0.025000000000000463,0.025000000000000463
315,success,0,0.22500000000000064,1.919370073400388,0.1619023421875951,11.572047590747047,3.9793023340651623,16,17.13254122049814,15.716413631891164,0.025000000000000463,0.025000000000000463
315,success,0,0.23500000000000065,1.9961977462827376,0.11634835558394138,11.790825149700604,3.9625123199618875,16,17.13254122049814,15.716413631891164,0.025000000000000463,0.025000000000000463
315,success,0,0.24500000000000066,2.1683469752607683,0.06351512600450421,11.429034634407744,3.6661130218791183,16,17.13254122049814,15.716413631891164,0.025000000000000463,0.025000000000000463
315,success,0,0.25500000000000067,2.3106750055656806,0.1512327264782084,10.501947900350014,3.1906227613715132,16,17.13254122049814,15.716413631891164,0.025000000000000463,0.025000000000000463
315,success,0,0.2650000000000007,2.4903967946528263,0.23873399717755245,9.214280426905457,2.6795393389855655,16,17.13254122049814,15.716413631891164,0.025000000000000463,0.025000000000000463
315,success,0,0.2750000000000007,2.4328793562958944,0.19870553795491938,7.897847196578547,2.2659507262906815,16,17.13254122049814,15.716413631891164,0.025000000000000463,0.025000000000000463
315,success,0,0.2850000000000007,2.148223295686069,0.06021358457894516,6.855190256109437,2.0657525742913214,16,17.13254122049814,15.716413631891164,0.025000000000000463,0.025000000000000463
315,success,0,0.2950000000000007,0.9338071218926417,0.02537569079261867,6.229687838661444,2.0939664092821038,16,17.13254122049814,15.716413631891164,0.025000000000000463,0.025000000000000463
315,success,0,0.3050000000000007,0.3275098552765214,0.0073137249712335786,5.993013650328748,2.2232565142313407,16,17.13254122049814,15.716413631891164,0.025000000000000463,0.025000000000000463
315,success,0,0.3150000000000007,0.09976369505431754,0.0022233165727581885,6.020541893866827,2.336104902750716,16,17.13254122049814,15.716413631891164,0.025000000000000463,0.025000000000000463
315,success,0,0.32500000000000073,0.031966807163005866,0.005861720510690437,6.170247060718223,2.3935398595709874,16,17.13254122049814,15.716413631891164,0.025000000000000463,0.025000000000000463
315,success,0,0.33500000000000074,0.09723015372735089,0.0014949793192352771,6.3290142551833215,2.3901853059935108,16,17.13254122049814,15.716413631891164,0.025000000000000463,0.025000000000000463
315,success,0,0.34500000000000075,0.3172947047158447,0.00044261231769484417,6.442278984687836,2.333909748869222,16,17.13254122049814,15.716413631891164,0.025000000000000463,0.025000000000000463
315,success,0,0.35500000000000076,0.897666733095664,0.0014949793192352806,6.530692043508391,2.2505124521738153,16,17.13254122049814,15.716413631891164,0.025000000000000463,0.025000000000000463
315,success,0,0.36500000000000077,2.167848962656006,0.0058248736251264935,6.677158174201432,2.1778522580550375,16,17.13254122049814,15.716413631891164,0.025000000000000463,0.025000000000000463
315,success,0,0.3750000000000008,2.167848962656006,0.0058248736251264935,6.9855181846399175,2.1685090248815757,16,17.13254122049814,15.716413631891164,0.025000000000000463,0.025000000000000463
315,success,0,0.3850000000000008,2.167848962656006,0.0058248736251264935,7.523826612259036,2.2772792237021795,16,17.13254122049814,15.716413631891164,0.025000000000000463,0.025000000000000463
315,success,0,0.3950000000000008,2.167848962656006,0.0058248736251264935,8.266128312390393,2.513031529158764,16,17.13254122049814,15.716413631891164,0.025000000000000463,0.025000000000000463
315,success,0,0.4050000000000008,4.310259569376108,0.1328066033253879,9.067112520289434,2.824367725692468,16,17.13254122049814,15.716413631891164,0.025000000000000463,0.025000000000000463
315,success,0,0.4150000000000008,4.310259569376108,0.1328066033253879,9.697454261227083,3.097513036040556,16,17.13254122049814,15.716413631891164,0.025000000000000463,0.025000000000000463
315,success,0,0.4250000000000008,4.522403982003429,0.055804283221919916,9.944760041355348,3.176740895096813,16,17.13254122049814,15.716413631891164,0.025000000000000463,0.025000000000000463
315,success,0,0.43500000000000083,4.45906890700412,0.021433644164858354,9.731298850738217,2.974691790643466,16,17.13254122049814,15.716413631891164,0.025000000000000463,0.025000000000000463
315,success,0,0.44500000000000084,4.45906890700412,0.021433644164858354,9.1679767391447,2.573668796021391,16,17.13254122049814,15.716413631891164,0.025000000000000463,0.025000000000000463
315,success,0,0.45500000000000085,4.522403982003429,0.055804283221919916,8.501467936434057,2.195472789616222,16,17.13254122049814,15.716413631891164,0.025000000000000463,0.025000000000000463
315,success,0,0.46500000000000086,6.404190432814604,0.6133108778550375,7.982388451280655,2.0315720570468585,16,17.13254122049814,15.716413631891164,0.025000000000000463,0.025000000000000463
315,success,0,0.47500000000000087,4.89024241655046,0.27261169110739913,7.7279599266247185,2.078402591723815,16,17.13254122049814,15.716413631891164,0.025000000000000463,0.025000000000000463
315,success,0,0.4850000000000009,3.780525640380236,0.2608267389932324,7.660431277211822,2.2048950929145503,16,17.13254122049814,15.716413631891164,0.025000000000000463,0.025000000000000463
315,success,0,0.4950000000000009,3.4679479844977057,0.3868253261502751,7.558601781423046,2.2907844390362566,16,17.13254122049814,15.716413631891164,0.025000000000000463,0.025000000000000463
315,success,0,0.5050000000000009,3.7883503759894577,0.2578519215233307,7.210339705186708,2.2471129574733175,16,17.13254122049814,15.716413631891164,0.025000000000000463,0.025000000000000463
315,success,0,0.5150000000000009,3.7883503759894577,0.2578519215233307,6.579360244425846,2.0324146325614145,16,17.13254122049814,15.716413631891164,0.025000000000000463,0.025000000000000463
315,success,0,0.5250000000000009,3.7883503759894577,0.2578519215233307,5.870446560728319,1.7180521859774762,16,17.13254122049814,15.716413631891164,0.025000000000000463,0.025000000000000463
315,success,0,0.5350000000000009,3.759384706894374,0.2677300706970346,5.447787628398154,1.5210549703988632,16,17.13254122049814,15.716413631891164,0.025000000000000463,0.025000000000000463
315,success,0,0.5450000000000009,4.4271442960687075,0.07316498665166674,5.643398191460978,1.6295185527883829,16,17.13254122049814,15.716413631891164,0.025000000000000463,0.025000000000000463
315,success,0,0.5550000000000009,4.636650594829454,0.216238716729519,6.562933132783784,1.956218613228391,16,17.13254122049814,15.716413631891164,0.025000000000000463,0.025000000000000463
315,success,0,0.565000000000001,5.08802763989465,0.44682677928678527,7.9788956389974395,2.334815468833516,16,17.13254122049814,15.716413631891164,0.025000000000000463,0.025000000000000463
315,success,0,0.575000000000001,7.422789701774059,0.6048367451730061,9.396934666129432,2.6626836295992513,16,17.13254122049814,15.716413631891164,0.025000000000000463,0.025000000000000463
315,success,0,0.585000000000001,8.607081993146792,0.7645630767773801,10.30847534829227,2.8426083520081535,16,17.13254122049814,15.716413631891164,0.025000000000000463,0.025000000000000463
315,success,0,0.595000000000001,9.904957413057366,1.1106717568992817,10.522285311482685,2.8050858032371564,16,17.13254122049814,15.716413631891164,0.025000000000000463,0.025000000000000463
315,success,0,0.605000000000001,11.25614258888393,1.5748466545206616,10.320448411883062,2.6089141288109357,16,17.13254122049814,15.716413631891164,0.025000000000000463,0.025000000000000463
315,success,0,0.615000000000001,11.789700641407455,0.9340939738632527,10.249941037908663,2.4988014120032433,16,17.13254122049814,15.716413631891164,0.025000000000000463,0.025000000000000463
315,success,0,0.625000000000001,8.461207876513086,1.0298084485534198,10.682643843306794,2.766561639540018,16,17.13254122049814,15.716413631891164,0.025000000000000463,0.025000000000000463
315,success,0,0.635000000000001,5.783890107604625,1.300507138843312,11.513813398278712,3.398754978538915,16,17.13254122049814,15.716413631891164,0.025000000000000463,0.025000000000000463
315,success,0,0.645000000000001,5.719891188800067,1.3972316240416485,12.26688769871698,4.079534722564876,16,17.13254122049814,15.716413631891164,0.025000000000000463,0.025000000000000463
315,success,0,0.655000000000001,5.826355251261283,1.348005384146067,12.486969419768883,4.49933632281884,16,17.13254122049814,15.716413631891164,0.025000000000000463,0.025000000000000463
315,success,0,0.665000000000001,5.863898455010926,1.1872987800568695,12.062668592546483,4.538415281402035,16,17.13254122049814,15.716413631891164,0.025000000000000463,0.025000000000000463
315,success,0,0.675000000000001,5.384709099641058,0.9220465236611002,11.235953412005314,4.300303803826892,16,17.13254122049814,15.716413631891164,0.025000000000000463,0.025000000000000463
315,success,0,0.685000000000001,2.9866435273184084,0.773482613046036,10.378404865247337,3.9939262894667342,16,17.13254122049814,15.716413631891164,0.025000000000000463,0.025000000000000463
315,success,0,0.6950000000000011,1.919246176076829,0.6458357887995181,9.777304286554722,3.76111300840892,16,17.13254122049814,15.716413631891164,0.025000000000000463,0.025000000000000463
315,success,0,0.7050000000000011,1.5200518140394514,0.6644595485376165,9.570625811735502,3.6093816484317047,16,17.13254122049814,15.716413631891164,0.025000000000000463,0.025000000000000463
315,success,0,0.7150000000000011,1.9401198925057368,0.825910413164832,9.76433552475072,3.498711515108193,16,17.13254122049814,15.716413631891164,0.025000000000000463,0.025000000000000463
315,success,0,0.7250000000000011,2.86912300088879,1.1398391531320966,10.231208253951666,3.4410719852650664,16,17.13254122049814,15.716413631891164,0.025000000000000463,0.025000000000000463
315,success,0,0.7350000000000011,3.4143422680091704,1.5159387905828716,10.708421910217945,3.454849810169488,16,17.13254122049814,15.716413631891164,0.025000000000000463,0.025000000000000463
315,success,0,0.7450000000000011,3.687140951410063,1.77888126816539,10.88127676279011,3.4623076821453473,16,17.13254122049814,15.716413631891164,0.025000000000000463,0.025000000000000463
315,success,0,0.7550000000000011,3.7201041399229577,1.810639717526688,10.56769514898632,3.352992649451717,16,17.13254122049814,15.716413631891164,0.025000000000000463,0.025000000000000463
315,success,0,0.7650000000000011,3.4502062358528662,1.632741139789625,9.856025345382937,3.1342185929262625,16,17.13254122049814,15.716413631891164,0.025000000000000463,0.025000000000000463
315,success,0,0.7750000000000011,3.1346093788906684,1.3685449651532682,9.058503586466758,2.9328752884285643,16,17.13254122049814,15.716413631891164,0.025000000000000463,0.025000000000000463
315,success,0,0.7850000000000011,3.6760033061646644,1.1738839112283694,8.505914242718706,2.8467120305084457,16,17.13254122049814,15.716413631891164,0.025000000000000463,0.025000000000000463
315,success,0,0.7950000000000012,3.768533579856111,1.1453539236925665,8.347886672908016,2.853259799642202,16,17.13254122049814,15.716413631891164,0.025000000000000463,0.025000000000000463
315,success,0,0.8050000000000012,4.936405501058087,1.344726511333454,8.495950997970498,2.879695423424285,16,17.13254122049814,15.716413631891164,0.025000000000000463,0.025000000000000463
315,success,0,0.8150000000000012,4.0664195027385475,1.427327962678957,8.727994198386359,2.88817923394437,16,17.13254122049814,15.716413631891164,0.025000000000000463,0.025000000000000463
315,success,0,0.8250000000000012,3.7936542586657773,1.6192208439037779,8.87332647485111,2.886918833150114,16,17.13254122049814,15.716413631891164,0.025000000000000463,0.025000000000000463
315,success,0,0.8350000000000012,4.299911099363607,1.8166925635728515,8.947991886840942,2.908549507653293,16,17.13254122049814,15.716413631891164,0.025000000000000463,0.025000000000000463
315,success,0,0.8450000000000012,4.830087773729375,2.0827448255848595,9.140575274667727,3.035800921313163,16,17.13254122049814,15.716413631891164,0.025000000000000463,0.025000000000000463
315,success,0,0.8550000000000012,5.321023250938196,2.398258530454387,9.652844919786201,3.4018502661770924,16,17.13254122049814,15.716413631891164,0.025000000000000463,0.025000000000000463
315,success,0,0.8650000000000012,5.708726579484696,2.672588398564554,10.519919411303313,4.014695185933152,16,17.13254122049814,15.716413631891164,0.025000000000000463,0.025000000000000463
315,success,0,0.8750000000000012,5.965578465116337,2.848376316407013,11.549609230020485,4.670614193591068,16,17.13254122049814,15.716413631891164,0.025000000000000463,0.025000000000000463
315,success,0,0.8850000000000012,6.1045208110596105,2.9387606347872794,12.415809541542842,5.122546148570454,16,17.13254122049814,15.716413631891164,0.025000000000000463,0.025000000000000463
315,success,0,0.8950000000000012,5.908052617671555,2.9949707411238013,12.813035557920823,5.231231459580634,16,17.13254122049814,15.716413631891164,0.025000000000000463,0.025000000000000463
315,success,0,0.9050000000000012,5.763588064899474,2.9892777211527726,12.57343419543696,4.999143174236936,16,17.13254122049814,15.716413631891164,0.025000000000000463,0.025000000000000463
315,success,0,0.9150000000000013,5.64383628365763,2.9115923382682416,11.71917739433256,4.526069188681523,16,17.13254122049814,15.716413631891164,0.025000000000000463,0.025000000000000463
315,success,0,0.9250000000000013,6.110755131570337,2.7185656878590323,10.474128540511623,3.933103025851977,16,17.13254122049814,15.716413631891164,0.025000000000000463,0.025000000000000463
315,success,0,0.9350000000000013,8.794576856157896,3.2549451085833816,9.224212251858948,3.324606780190622,16,17.13254122049814,15.716413631891164,0.025000000000000463,0.025000000000000463
315,success,0,0.9450000000000013,8.133003240497128,2.7832477475615414,8.387597313406458,2.8363389408366513,16,17.13254122049814,15.716413631891164,0.025000000000000463,0.025000000000000463
315,success,0,0.9550000000000013,8.22260226373449,2.6547161425169463,8.231156942313413,2.6919302893310855,16,17.13254122049814,15.716413631891164,0.025000000000000463,0.025000000000000463
315,success,0,0.9650000000000013,8.644112997504639,3.0438251507672875,8.73873565392053,3.0395424678928653,16,17.13254122049814,15.716413631891164,0.025000000000000463,0.025000000000000463
315,success,0,0.9750000000000013,9.556780626173307,3.713811053842214,9.629014299644364,3.7046789875091894,16,17.13254122049814,15.716413631891164,0.025000000000000463,0.025000000000000463
315,success,0,0.9850000000000013,10.485304064065609,4.367242595068823,10.507393918638098,4.364250147418119,16,17.13254122049814,15.716413631891164,0.025000000000000463,0.025000000000000463
315,success,0,0.9950000000000013,11.036789662149207,4.761787829545368,11.036789662149207,4.761787829545368,16,17.13254122049814,15.716413631891164,0.025000000000000463,0.025000000000000463
315,success,1,-0.495,11.526040439287932,6.583953216252814,11.526040439287932,6.583953216252814,16,48.335567958986324,38.233302359871,0.15500000000000058,0.1650000000000006
315,success,1,-0.485,11.52939375169501,6.655472525648442,11.537920308770877,6.654558591938492,16,48.335567958986324,38.233302359871,0.15500000000000058,0.1650000000000006
315,success,1,-0.475,11.407400856238342,6.698136276215846,11.444780090597963,6.694265988930268,16,48.335567958986324,38.233302359871,0.15500000000000058,0.1650000000000006
315,success,1,-0.46499999999999997,10.99023114642348,6.558022347980688,11.104438053665447,6.546946384831919,16,48.335567958986324,38.233302359871,0.15500000000000058,0.1650000000000006
315,success,1,-0.45499999999999996,10.175878806071038,6.105394416373203,10.460227441514181,6.081328023343324,16,48.335567958986324,38.233302359871,0.15500000000000058,0.1650000000000006
315,success,1,-0.44499999999999995,8.991519448879036,5.308330015352761,9.59863540135164,5.271201259618975,16,48.335567958986324,38.233302359871,0.15500000000000058,0.1650000000000006
315,success,1,-0.43499999999999994,7.561703082992918,4.264040510583513,8.736464319249967,4.253085163725621,16,48.335567958986324,38.233302359871,0.15500000000000058,0.1650000000000006
315,success,1,-0.42499999999999993,6.102696605100164,3.177802752738575,8.124221919033737,3.340919468784623,16,48.335567958986324,38.233302359871,0.15500000000000058,0.1650000000000006
315,success,1,-0.4149999999999999,3.8313890012079432,2.0970051197942348,7.916493352150416,2.87012818015743,16,48.335567958986324,38.233302359871,0.15500000000000058,0.1650000000000006
315,success,1,-0.4049999999999999,3.3787816966313247,1.4383999382675001,8.113552824370458,2.8050084791751617,16,48.335567958986324,38.233302359871,0.15500000000000058,0.1650000000000006
315,success,1,-0.3949999999999999,3.964794024148111,1.074305886572087,8.627537339852287,2.8150915998876918,16,48.335567958986324,38.233302359871,0.15500000000000058,0.1650000000000006
315,success,1,-0.3849999999999999,5.488181009549019,0.8648153080846898,9.401326506406136,2.802101461170176,16,48.335567958986324,38.233302359871,0.15500000000000058,0.1650000000000006
315,success,1,-0.3749999999999999,5.976727423544263,0.8595031046591343,10.437383743803629,2.949577213502075,16,48.335567958986324,38.233302359871,0.15500000000000058,0.1650000000000006
315,success,1,-0.3649999999999999,5.993517406861506,0.8719872639905716,11.735575112785193,3.403258245061786,16,48.335567958986324,38.233302359871,0.15500000000000058,0.1650000000000006
315,success,1,-0.35499999999999987,5.8961855262818315,0.8014995689024282,13.258467157650154,4.09556338570251,16,48.335567958986324,38.233302359871,0.15500000000000058,0.1650000000000006
315,success,1,-0.34499999999999986,7.4331140869353,1.0120990890541723,14.972450264181905,4.920471301084509,16,48.335567958986324,38.233302359871,0.15500000000000058,0.1650000000000006
315,success,1,-0.33499999999999985,6.575641223022778,0.7486515226755137,16.890756413309536,5.824346413077263,16,48.335567958986324,38.233302359871,0.15500000000000058,0.1650000000000006
315,success,1,-0.32499999999999984,5.927328254909555,0.5883880014195461,19.01322343727745,6.719201315643801,16,48.335567958986324,38.233302359871,0.15500000000000058,0.1650000000000006
315,success,1,-0.31499999999999984,5.245115062926792,0.5569971815108298,21.232094549689798,7.4406637021023325,16,48.335567958986324,38.233302359871,0.15500000000000058,0.1650000000000006
315,success,1,-0.3049999999999998,4.733341084640528,0.6585937336763439,23.322126389690887,7.828688820108806,16,48.335567958986324,38.233302359871,0.15500000000000058,0.1650000000000006
315,success,1,-0.2949999999999998,5.147690094568816,0.5802330939622881,25.042231566990658,7.84423990385677,16,48.335567958986324,38.233302359871,0.15500000000000058,0.1650000000000006
315,success,1,-0.2849999999999998,6.917537557260774,0.5184797220511711,26.233360131102383,7.596967204000325,16,48.335567958986324,38.233302359871,0.15500000000000058,0.1650000000000006
315,success,1,-0.2749999999999998,10.514900697904288,0.48870216022311247,26.822193377333267,7.235030149808761,16,48.335567958986324,38.233302359871,0.15500000000000058,0.1650000000000006
315,success,1,-0.2649999999999998,14.081821178160684,0.33405367384508794,26.775090211376323,6.829901910780623,16,48.335567958986324,38.233302359871,0.15500000000000058,0.1650000000000006
315,success,1,-0.2549999999999998,18.3679541064134,0.6247475132359462,26.091693462161462,6.4087703500314115,16,48.335567958986324,38.233302359871,0.15500000000000058,0.1650000000000006
315,success,1,-0.24499999999999977,20.15551343798291,1.1656803621263838,24.854286231807293,6.030340966407129,16,48.335567958986324,38.233302359871,0.15500000000000058,0.1650000000000006
315,success,1,-0.23499999999999976,20.324841704643987,1.5634688842026911,23.240948607349793,5.7134261387262395,16,48.335567958986324,38.233302359871,0.15500000000000058,0.1650000000000006
315,success,1,-0.22499999999999976,20.605911544103492,1.7328196421696804,21.454879132175357,5.351795940211629,16,48.335567958986324,38.233302359871,0.15500000000000058,0.1650000000000006
315,success,1,-0.21499999999999975,20.413891007963997,1.5623805519509677,19.681321980292978,4.844662519021331,16,48.335567958986324,38.233302359871,0.15500000000000058,0.1650000000000006
315,success,1,-0.20499999999999974,22.129885581021743,1.8932289910421736,18.14659979616331,4.272846006377862,16,48.335567958986324,38.233302359871,0.15500000000000058,0.1650000000000006
315,success,1,-0.19499999999999973,23.77287092209551,2.8584884185056056,17.174426341318437,3.8595745245289668,16,48.335567958986324,38.233302359871,0.15500000000000058,0.1650000000000006
315,success,1,-0.18499999999999972,25.5252247157151,3.774163845433183,17.096976513527093,3.7647608041504337,16,48.335567958986324,38.233302359871,0.15500000000000058,0.1650000000000006
315,success,1,-0.1749999999999997,26.89830231827439,4.246648696971489,18.02786677559553,3.9664725732167985,16,48.335567958986324,38.233302359871,0.15500000000000058,0.1650000000000006
315,success,1,-0.1649999999999997,27.422499340268807,4.268958227735729,19.72543446799074,4.312951248268163,16,48.335567958986324,38.233302359871,0.15500000000000058,0.1650000000000006
315,success,1,-0.1549999999999997,28.211420615446563,3.889981127308676,21.687339912806237,4.623696709504559,16,48.335567958986324,38.233302359871,0.15500000000000058,0.1650000000000006
315,success,1,-0.14499999999999968,25.929188260919098,2.924401707693844,23.37918691296167,4.804592220040804,16,48.335567958986324,38.233302359871,0.15500000000000058,0.1650000000000006
315,success,1,-0.13499999999999968,25.8708146688576,3.0027583749446203,24.391227416785906,4.879310567699045,16,48.335567958986324,38.233302359871,0.15500000000000058,0.1650000000000006
315,success,1,-0.12499999999999967,23.957605680970552,1.5379751494519862,24.466449834033984,4.894843114966371,16,48.335567958986324,38.233302359871,0.15500000000000058,0.1650000000000006
315,success,1,-0.11499999999999966,20.6203427681169,0.8071624027582941,23.522281057600424,4.821833298548514,16,48.335567958986324,38.233302359871,0.15500000000000058,0.1650000000000006
315,success,1,-0.10499999999999965,17.348698873927848,0.29759140896979064,21.724565085854014,4.5714577782859385,16,48.335567958986324,38.233302359871,0.15500000000000058,0.1650000000000006
315,success,1,-0.09499999999999964,17.119282402848466,0.3219997642142679,19.5216068133335,4.10314925660613,16,48.335567958986324,38.233302359871,0.15500000000000058,0.1650000000000006
315,success,1,-0.08499999999999963,14.682902031698644,0.7369974758499612,17.526109344407,3.52478723785534,16,48.335567958986324,38.233302359871,0.15500000000000058,0.1650000000000006
315,success,1,-0.07499999999999962,14.09595321111752,0.9977014189672155,16.282106253649918,3.1224692049425236,16,48.335567958986324,38.233302359871,0.15500000000000058,0.1650000000000006
315,success,1,-0.06499999999999961,13.93240729640929,1.1377393153450668,16.053747681050947,3.220957960642718,16,48.335567958986324,38.233302359871,0.15500000000000058,0.1650000000000006
315,success,1,-0.05499999999999961,14.296269242922026,0.8509481776580277,16.745827831784997,3.824740371679238,16,48.335567958986324,38.233302359871,0.15500000000000058,0.1650000000000006
315,success,1,-0.0449999999999996,15.519183382239612,0.5467484496997307,17.95203978388522,4.591834575516095,16,48.335567958986324,38.233302359871,0.15500000000000058,0.1650000000000006
315,success,1,-0.034999999999999594,15.519183382239612,0.5467484496997307,19.083226044377888,5.127813456489716,16,48.335567958986324,38.233302359871,0.15500000000000058,0.1650000000000006
315,success,1,-0.02499999999999958,15.883286540937394,0.5278917705026336,19.555270418155757,5.167537414916802,16,48.335567958986324,38.233302359871,0.15500000000000058,0.1650000000000006
315,success,1,-0.014999999999999573,15.555908178993114,0.5391782506951559,19.027845734242796,4.696753116849943,16,48.335567958986324,38.233302359871,0.15500000000000058,0.1650000000000006
315,success,1,-0.004999999999999565,15.555908178993114,0.5391782506951559,17.600689097597797,3.9606344304510066,16,48.335567958986324,38.233302359871,0.15500000000000058,0.1650000000000006
315,success,1,0.005000000000000444,15.555908178993114,0.5391782506951559,15.846009043777029,3.312344784858324,16,48.335567958986324,38.233302359871,0.15500000000000058,0.1650000000000006
315,success,1,0.015000000000000454,15.555908178993114,0.5391782506951559,14.581882892640085,3.0140935205052646,16,48.335567958986324,38.233302359871,0.15500000000000058,0.1650000000000006
315,success,1,0.025000000000000463,14.235908177027813,0.7365931934445512,14.464209939377046,3.1521540918572106,16,48.335567958986324,38.233302359871,0.15500000000000058,0.1650000000000006
315,success,1,0.03500000000000047,13.930487951639353,0.8824871507977813,15.668871202778018,3.6608321883088166,16,48.335567958986324,38.233302359871,0.15500000000000058,0.1650000000000006
315,success,1,0.04500000000000048,12.157932645237114,1.3440560253445573,17.882851524761982,4.350016419179541,16,48.335567958986324,38.233302359871,0.15500000000000058,0.1650000000000006
315,success,1,0.055000000000000486,14.031471945446633,0.8433486245547173,20.56731136234375,4.989072692888676,16,48.335567958986324,38.233302359871,0.15500000000000058,0.1650000000000006
315,success,1,0.0650000000000005,18.269929767318455,0.40561019656260827,23.246764804358445,5.436414516542254,16,48.335567958986324,38.233302359871,0.15500000000000058,0.1650000000000006
315,success,1,0.07500000000000051,18.423485107660323,0.4124842336374549,25.620388533531813,5.7136513362345225,16,48.335567958986324,38.233302359871,0.15500000000000058,0.1650000000000006
315,success,1,0.08500000000000052,19.577512630935917,0.5380704845944532,27.547715258646296,5.9669030972880615,16,48.335567958986324,38.233302359871,0.15500000000000058,0.1650000000000006
315,success,1,0.09500000000000053,20.557201263267277,0.637019830071898,29.054962367261187,6.308246972329261,16,48.335567958986324,38.233302359871,0.15500000000000058,0.1650000000000006
315,success,1,0.10500000000000054,24.42179410006876,1.1832350933376967,30.344204933097387,6.675417429721925,16,48.335567958986324,38.233302359871,0.15500000000000058,0.1650000000000006
315,success,1,0.11500000000000055,26.27909479274054,2.1747174756024084,31.699477051171726,6.903616651952273,16,48.335567958986324,38.233302359871,0.15500000000000058,0.1650000000000006
315,success,1,0.12500000000000056,25.71324439220763,0.785127098583927,33.283642880474325,6.925721277029842,16,48.335567958986324,38.233302359871,0.15500000000000058,0.1650000000000006
315,success,1,0.13500000000000056,31.86351854019597,1.2286975093124384,35.01297149634436,6.861645018106765,16,48.335567958986324,38.233302359871,0.15500000000000058,0.1650000000000006
315,success,1,0.14500000000000057,39.16716111029139,1.819810593563304,36.61295169235786,6.896080497750723,16,48.335567958986324,38.233302359871,0.15500000000000058,0.1650000000000006
315,success,1,0.15500000000000058,48.335567958986324,3.28876866363424,37.7708039796203,7.080115754892856,16,48.335567958986324,38.233302359871,0.15500000000000058,0.1650000000000006
315,success,1,0.1650000000000006,42.77820316996762,2.8947616204704225,38.233302359871,7.29256985173462,16,48.335567958986324,38.233302359871,0.15500000000000058,0.1650000000000006
315,success,1,0.1750000000000006,41.6718385924016,2.1503001734976244,37.82116857217162,7.38519991695107,16,48.335567958986324,38.233302359871,0.15500000000000058,0.1650000000000006
315,success,1,0.1850000000000006,37.33282554195985,1.6603292067375208,36.45899989871883,7.316280256430133,16,48.335567958986324,38.233302359871,0.15500000000000058,0.1650000000000006
315,success,1,0.19500000000000062,34.205456976423335,1.3102427910452874,34.26617246134289,7.143495819184352,16,48.335567958986324,38.233302359871,0.15500000000000058,0.1650000000000006
315,success,1,0.20500000000000063,27.975870743901034,1.0614329724410072,31.614321771104446,6.916300395769391,16,48.335567958986324,38.233302359871,0.15500000000000058,0.1650000000000006
315,success,1,0.21500000000000064,25.313593703522816,0.878154809526818,29.02640127354448,6.608396229035053,16,48.335567958986324,38.233302359871,0.15500000000000058,0.1650000000000006
315,success,1,0.22500000000000064,23.738065277798107,0.8787654257798021,26.976188320585383,6.179709476308609,16,48.335567958986324,38.233302359871,0.15500000000000058,0.1650000000000006
315,success,1,0.23500000000000065,22.026782533683477,1.1305361353101508,25.746659813226273,5.686426736702244,16,48.335567958986324,38.233302359871,0.15500000000000058,0.1650000000000006
315,success,1,0.24500000000000066,22.332588476123803,1.0417026955800381,25.41857280565185,5.278570994647536,16,48.335567958986324,38.233302359871,0.15500000000000058,0.1650000000000006
315,success,1,0.25500000000000067,24.625626684207624,0.8017738099357954,25.895510212787084,5.063187532251756,16,48.335567958986324,38.233302359871,0.15500000000000058,0.1650000000000006
315,success,1,0.2650000000000007,26.235296100744694,0.8634144446450016,26.862689724788787,5.006980061535096,16,48.335567958986324,38.233302359871,0.15500000000000058,0.1650000000000006
315,success,1,0.2750000000000007,28.090587374438492,1.1795292300818525,27.737606116749124,4.972762915256992,16,48.335567958986324,38.233302359871,0.15500000000000058,0.1650000000000006
315,success,1,0.2850000000000007,28.539187444123414,1.4717888215192825,27.806855032868324,4.801188651773403,16,48.335567958986324,38.233302359871,0.15500000000000058,0.1650000000000006
315,success,1,0.2950000000000007,29.424419707138092,1.5017582768798143,26.591591809979704,4.396503353761699,16,48.335567958986324,38.233302359871,0.15500000000000058,0.1650000000000006
315,success,1,0.3050000000000007,25.92524947882097,1.0611752746118621,24.18693123992982,3.808690590088004,16,48.335567958986324,38.233302359871,0.15500000000000058,0.1650000000000006
315,success,1,0.3150000000000007,19.22008995026356,0.8212550652062226,21.272864482245065,3.252517462400976,16,48.335567958986324,38.233302359871,0.15500000000000058,0.1650000000000006
315,success,1,0.32500000000000073,16.562129712465016,1.0111714406858392,18.76296745509945,2.994316707080007,16,48.335567958986324,38.233302359871,0.15500000000000058,0.1650000000000006
315,success,1,0.33500000000000074,15.058895951710571,1.3955368391729535,17.380917359863062,3.116772481071353,16,48.335567958986324,38.233302359871,0.15500000000000058,0.1650000000000006
315,success,1,0.34500000000000075,14.49954876091967,1.5816438547357239,17.42663709916083,3.5007236556501384,16,48.335567958986324,38.233302359871,0.15500000000000058,0.1650000000000006
315,success,1,0.35500000000000076,15.129642518469334,1.2687980165604225,18.772524972981866,4.0740087031097625,16,48.335567958986324,38.233302359871,0.15500000000000058,0.1650000000000006
315,success,1,0.36500000000000077,16.471048056239994,1.162388178665088,20.955751417394833,4.855896810909095,16,48.335567958986324,38.233302359871,0.15500000000000058,0.1650000000000006
315,success,1,0.3750000000000008,17.229779288732082,1.177133455854392,23.278272379434856,5.750132843291628,16,48.335567958986324,38.233302359871,0.15500000000000058,0.1650000000000006
315,success,1,0.3850000000000008,17.25235238172051,1.1807728670486046,24.965347142764365,6.452011819661931,16,48.335567958986324,38.233302359871,0.15500000000000058,0.1650000000000006
315,success,1,0.3950000000000008,17.253547589196238,1.1812499540657178,25.434844741816,6.650200036809423,16,48.335567958986324,38.233302359871,0.15500000000000058,0.1650000000000006
315,success,1,0.4050000000000008,17.247456508440628,1.1805774360250714,24.581156301344,6.270827645416939,16,48.335567958986324,38.233302359871,0.15500000000000058,0.1650000000000006
315,success,1,0.4150000000000008,17.188353085263262,1.1750547137593885,22.838091146368022,5.52504036365954,16,48.335567958986324,38.233302359871,0.15500000000000058,0.1650000000000006
315,success,1,0.4250000000000008,16.82075514852695,1.1597985278014995,20.917192332336928,4.7783465227664665,16,48.335567958986324,38.233302359871,0.15500000000000058,0.1650000000000006
315,success,1,0.43500000000000083,14.870736289741744,1.072544195074406,19.389080163139383,4.386293582411082,16,48.335567958986324,38.233302359871,0.15500000000000058,0.1650000000000006
315,success,1,0.44500000000000084,14.519045087051598,1.1757720809371668,18.429180972404474,4.509897366423134,16,48.335567958986324,38.233302359871,0.15500000000000058,0.1650000000000006
315,success,1,0.45500000000000085,14.297724101441082,1.2835061664067984,17.891344498389653,4.936004505936149,16,48.335567958986324,38.233302359871,0.15500000000000058,0.1650000000000006
315,success,1,0.46500000000000086,13.736455872939407,1.3821936705683842,17.59334380842361,5.2676585785078425,16,48.335567958986324,38.233302359871,0.15500000000000058,0.1650000000000006
315,success,1,0.47500000000000087,13.278947780184682,1.4570905292358618,17.546016868544392,5.295299385625946,16,48.335567958986324,38.233302359871,0.15500000000000058,0.1650000000000006
315,success,1,0.4850000000000009,13.002944002479234,1.493647055746173,17.932647684885684,5.114161831709568,16,48.335567958986324,38.233302359871,0.15500000000000058,0.1650000000000006
315,success,1,0.4950000000000009,12.78781915864803,1.4138563496671603,18.872320022019068,4.955365332396082,16,48.335567958986324,38.233302359871,0.15500000000000058,0.1650000000000006
315,success,1,0.5050000000000009,13.579319227520921,1.2124400610296688,20.19333662550907,4.924960094432135,16,48.335567958986324,38.233302359871,0.15500000000000058,0.1650000000000006
315,success,1,0.5150000000000009,14.763240100782966,1.0577674032256468,21.459850705679735,4.953024615818462,16,48.335567958986324,38.233302359871,0.15500000000000058,0.1650000000000006
315,success,1,0.5250000000000009,15.590754915513914,1.0870886490761462,22.243823608714255,4.965944685915021,16,48.335567958986324,38.233302359871,0.15500000000000058,0.1650000000000006
315,success,1,0.5350000000000009,15.583332962267162,1.0864253787092857,22.399215978419345,4.987418498856112,16,48.335567958986324,38.233302359871,0.15500000000000058,0.1650000000000006
315,success,1,0.5450000000000009,15.47608920870987,1.0832637447526043,22.088337945556653,5.050563958814752,16,48.335567958986324,38.233302359871,0.15500000000000058,0.1650000000000006
315,success,1,0.5550000000000009,15.211713291875757,1.1193587479457543,21.574519774400724,5.07786579991415,16,48.335567958986324,38.233302359871,0.15500000000000058,0.1650000000000006
315,success,1,0.565000000000001,15.450482672868732,1.0841719708180664,21.02345876322976,4.929527927674455,16,48.335567958986324,38.233302359871,0.15500000000000058,0.1650000000000006
315,success,1,0.575000000000001,15.454884600616042,1.0844126383167607,20.485723564693387,4.565626928801614,16,48.335567958986324,38.233302359871,0.15500000000000058,0.1650000000000006
315,success,1,0.585000000000001,16.241702661969796,1.1397644719012607,20.00351452798966,4.128008410298178,16,48.335567958986324,38.233302359871,0.15500000000000058,0.1650000000000006
315,success,1,0.595000000000001,18.092827999474476,1.4959099031131597,19.657541004262832,3.8535160505434876,16,48.335567958986324,38.233302359871,0.15500000000000058,0.1650000000000006
315,success,1,0.605000000000001,20.66006793765899,2.1675506203357893,19.487283652794478,3.8548105615246753,16,48.335567958986324,38.233302359871,0.15500000000000058,0.1650000000000006
315,success,1,0.615000000000001,17.84524108245207,1.4740899328983612,19.38871038003998,4.01570644784407,16,48.335567958986324,38.233302359871,0.15500000000000058,0.1650000000000006
315,success,1,0.625000000000001,16.154383890915874,1.1438114479586907,19.13203649623608,4.1619015443700125,16,48.335567958986324,38.233302359871,0.15500000000000058,0.1650000000000006
315,success,1,0.635000000000001,15.934513316885214,1.111348074049268,18.521911510245047,4.221026234782873,16,48.335567958986324,38.233302359871,0.15500000000000058,0.1650000000000006
315,success,1,0.645000000000001,14.697136985793867,1.0483088768859519,17.579380686307424,4.219141133495622,16,48.335567958986324,38.233302359871,0.15500000000000058,0.1650000000000006
315,success,1,0.655000000000001,13.037772078685787,0.9276786719048513,16.568306881567352,4.22712436452327,16,48.335567958986324,38.233302359871,0.15500000000000058,0.1650000000000006
315,success,1,0.665000000000001,12.448084175996476,0.9109405423228747,15.82133979372238,4.309781229046249,16,48.335567958986324,38.233302359871,0.15500000000000058,0.1650000000000006
315,success,1,0.675000000000001,9.360561437890569,0.8649438323488787,15.51590983310237,4.466502330735814,16,48.335567958986324,38.233302359871,0.15500000000000058,0.1650000000000006
315,success,1,0.685000000000001,5.965981162188381,0.9488249906663561,15.600617224972257,4.630085978275774,16,48.335567958986324,38.233302359871,0.15500000000000058,0.1650000000000006
315,success,1,0.6950000000000011,3.6583764284635976,1.1203614726028799,15.906495535461078,4.762210828241965,16,48.335567958986324,38.233302359871,0.15500000000000058,0.1650000000000006
315,success,1,0.7050000000000011,4.869905046302979,1.0586587291986325,16.310655783428746,4.908493053684541,16,48.335567958986324,38.233302359871,0.15500000000000058,0.1650000000000006
315,success,1,0.7150000000000011,6.84585527129931,1.0836884498067094,16.79977382209633,5.110424597105288,16,48.335567958986324,38.233302359871,0.15500000000000058,0.1650000000000006
315,success,1,0.7250000000000011,7.439851763187589,1.0955643494414267,17.406194197081216,5.29481435095212,16,48.335567958986324,38.233302359871,0.15500000000000058,0.1650000000000006
315,success,1,0.7350000000000011,8.362287715758137,1.1453232472973303,18.090046466677673,5.31728846252262,16,48.335567958986324,38.233302359871,0.15500000000000058,0.1650000000000006
315,success,1,0.7450000000000011,11.016716845996728,1.3527500473068506,18.666211570890574,5.088640695975278,16,48.335567958986324,38.233302359871,0.15500000000000058,0.1650000000000006
315,success,1,0.7550000000000011,12.147446681204096,1.4014462978490871,18.85198933060798,4.64125544399954,16,48.335567958986324,38.233302359871,0.15500000000000058,0.1650000000000006
315,success,1,0.7650000000000011,13.745349921759232,1.7676953546835297,18.434084818029064,4.1187881566229105,16,48.335567958986324,38.233302359871,0.15500000000000058,0.1650000000000006
315,success,1,0.7750000000000011,13.236064758195626,1.372232178816343,17.429168438037046,3.6969470449038386,16,48.335567958986324,38.233302359871,0.15500000000000058,0.1650000000000006
315,success,1,0.7850000000000011,12.353832226100975,1.1710229126258758,16.11836279807555,3.4510362554497873,16,48.335567958986324,38.233302359871,0.15500000000000058,0.1650000000000006
315,success,1,0.7950000000000012,11.881118155883177,1.065210165742282,14.918840842445203,3.326745623786983,16,48.335567958986324,38.233302359871,0.15500000000000058,0.1650000000000006
315,success,1,0.8050000000000012,12.023520045513273,0.9688909225902335,14.190526162584273,3.270214591100763,16,48.335567958986324,38.233302359871,0.15500000000000058,0.1650000000000006
315,success,1,0.8150000000000012,11.539743562384686,1.0165619046816994,14.093795678820648,3.284095824239101,16,48.335567958986324,38.233302359871,0.15500000000000058,0.1650000000000006
315,success,1,0.8250000000000012,13.06094116057566,0.9526425467335805,14.5554784445271,3.364275889918391,16,48.335567958986324,38.233302359871,0.15500000000000058,0.1650000000000006
315,success,1,0.8350000000000012,15.044430691114394,1.017824468290073,15.345429722503308,3.494870651726323,16,48.335567958986324,38.233302359871,0.15500000000000058,0.1650000000000006
315,success,1,0.8450000000000012,15.180538302414458,1.0287169522230426,16.21075369052782,3.6886691408108816,16,48.335567958986324,38.233302359871,0.15500000000000058,0.1650000000000006
315,success,1,0.8550000000000012,15.180538302414458,1.0287169522230426,17.017601445928143,3.956531095443306,16,48.335567958986324,38.233302359871,0.15500000000000058,0.1650000000000006
315,success,1,0.8650000000000012,15.180538302414458,1.0287169522230426,17.830464686326465,4.2671935095653435,16,48.335567958986324,38.233302359871,0.15500000000000058,0.1650000000000006
315,success,1,0.8750000000000012,15.180538302414458,1.0287169522230426,18.88763931240023,4.58969974657164,16,48.335567958986324,38.233302359871,0.15500000000000058,0.1650000000000006
315,success,1,0.8850000000000012,15.180538302414458,1.0287169522230426,20.469950936686473,4.936161744605893,16,48.335567958986324,38.233302359871,0.15500000000000058,0.1650000000000006
315,success,1,0.8950000000000012,15.25432163193533,1.038973750353837,22.723300539691724,5.316041084536003,16,48.335567958986324,38.233302359871,0.15500000000000058,0.1650000000000006
315,success,1,0.9050000000000012,16.0240460326399,1.103957596309332,25.506001534638067,5.647983711657879,16,48.335567958986324,38.233302359871,0.15500000000000058,0.1650000000000006
315,success,1,0.9150000000000013,19.78020350430028,1.4630804675355924,28.3584033081653,5.767607097535549,16,48.335567958986324,38.233302359871,0.15500000000000058,0.1650000000000006
315,success,1,0.9250000000000013,23.6313983734227,1.9165346563988401,30.651004823932507,5.5794235852122265,16,48.335567958986324,38.233302359871,0.15500000000000058,0.1650000000000006
315,success,1,0.9350000000000013,35.0503032133539,5.179897737112741,31.833487726231745,5.179885447411929,16,48.335567958986324,38.233302359871,0.15500000000000058,0.1650000000000006
315,success,1,0.9450000000000013,32.28735497159077,4.374544623086062,31.621851560099028,4.788774971740545,16,48.335567958986324,38.233302359871,0.15500000000000058,0.1650000000000006
315,success,1,0.9550000000000013,29.60107187572071,3.7331447811330296,30.023711108636828,4.562102862767787,16,48.335567958986324,38.233302359871,0.15500000000000058,0.1650000000000006
315,success,1,0.9650000000000013,26.8580555728802,3.694489716733002,27.29495878197244,4.504226701580553,16,48.335567958986324,38.233302359871,0.15500000000000058,0.1650000000000006
315,success,1,0.9750000000000013,23.335908624548477,4.027654232261599,23.9605646846848,4.538437141554401,16,48.335567958986324,38.233302359871,0.15500000000000058,0.1650000000000006
315,success,1,0.9850000000000013,22.490019105537662,4.227852223382767,20.857366231498975,4.595388385654045,16,48.335567958986324,38.233302359871,0.15500000000000058,0.1650000000000006
315,success,1,0.9950000000000013,18.96203295304138,4.634721636448652,18.96203295304138,4.634721636448652,16,48.335567958986324,38.233302359871,0.15500000000000058,0.1650000000000006
315,success,2,-0.495,5.659419011564496,3.6912889820303687,5.659419011564496,3.6912889820303687,16,23.52950952208365,18.566920331229078,0.0650000000000005,0.2750000000000007
315,success,2,-0.485,5.108042603028572,3.2650424477345377,5.24950557305206,3.269906413830935,16,23.52950952208365,18.566920331229078,0.0650000000000005,0.2750000000000007
315,success,2,-0.475,4.222409358316651,2.570787581449547,4.608598529664269,2.6041063123703974,16,23.52950952208365,18.566920331229078,0.0650000000000005,0.2750000000000007
315,success,2,-0.46499999999999997,3.3371594463077345,1.857262609710178,4.017291641493954,1.9601374794958117,16,23.52950952208365,18.566920331229078,0.0650000000000005,0.2750000000000007
315,success,2,-0.45499999999999996,2.751662059921097,1.3790380984347919,3.7510810592240613,1.5559234780163298,16,23.52950952208365,18.566920331229078,0.0650000000000005,0.2750000000000007
315,success,2,-0.44499999999999995,2.7329119039970498,1.3237279380958917,3.985354407146049,1.483675230828113,16,23.52950952208365,18.566920331229078,0.0650000000000005,0.2750000000000007
315,success,2,-0.43499999999999994,3.1645191696658816,1.5956899462511291,4.732589674855115,1.7548489108623695,16,23.52950952208365,18.566920331229078,0.0650000000000005,0.2750000000000007
315,success,2,-0.42499999999999993,3.75456563281404,1.955733415641641,5.827753699624394,2.269418941473909,16,23.52950952208365,18.566920331229078,0.0650000000000005,0.2750000000000007
315,success,2,-0.4149999999999999,4.183098161115689,2.2237089322144654,6.980411560699382,2.8193676188493657,16,23.52950952208365,18.566920331229078,0.0650000000000005,0.2750000000000007
315,success,2,-0.4049999999999999,4.242216739783164,2.291819810315052,7.904808195940763,3.2313531724534967,16,23.52950952208365,18.566920331229078,0.0650000000000005,0.2750000000000007
315,success,2,-0.3949999999999999,2.486042270179337,1.7722002529556298,8.462393048719523,3.480926885556397,16,23.52950952208365,18.566920331229078,0.0650000000000005,0.2750000000000007
315,success,2,-0.3849999999999999,1.970075730533669,1.42804363637512,8.72263123368655,3.68934854361402,16,23.52950952208365,18.566920331229078,0.0650000000000005,0.2750000000000007
315,success,2,-0.3749999999999999,1.4492387769566297,1.0348701113131524,8.899955980707764,3.979957765288762,16,23.52950952208365,18.566920331229078,0.0650000000000005,0.2750000000000007
315,success,2,-0.3649999999999999,1.09579883546677,0.7319087957625603,9.204621662637418,4.342499884644821,16,23.52950952208365,18.566920331229078,0.0650000000000005,0.2750000000000007
315,success,2,-0.35499999999999987,0.8810350178646713,0.5699518096096429,9.710594203645952,4.65797100276029,16,23.52950952208365,18.566920331229078,0.0650000000000005,0.2750000000000007
315,success,2,-0.34499999999999986,0.8608289303272698,0.5562901440418699,10.334107207801217,4.798593985843597,16,23.52950952208365,18.566920331229078,0.0650000000000005,0.2750000000000007
315,success,2,-0.33499999999999985,0.8608289303272698,0.5562901440418699,10.936648110387138,4.715452093410615,16,23.52950952208365,18.566920331229078,0.0650000000000005,0.2750000000000007
315,success,2,-0.32499999999999984,0.8608289303272698,0.5562901440418699,11.445910399308712,4.504143611270262,16,23.52950952208365,18.566920331229078,0.0650000000000005,0.2750000000000007
315,success,2,-0.31499999999999984,0.8608289303272698,0.5562901440418699,11.861737012668216,4.3723184168152605,16,23.52950952208365,18.566920331229078,0.0650000000000005,0.2750000000000007
315,success,2,-0.3049999999999998,0.8608289303272698,0.5562901440418699,12.137810684930638,4.42182071153751,16,23.52950952208365,18.566920331229078,0.0650000000000005,0.2750000000000007
315,success,2,-0.2949999999999998,0.8608289303272698,0.5562901440418699,12.11060892864908,4.49112662676334,16,23.52950952208365,18.566920331229078,0.0650000000000005,0.2750000000000007
315,success,2,-0.2849999999999998,0.8608289303272698,0.5562901440418699,11.608940109028984,4.349649594030147,16,23.52950952208365,18.566920331229078,0.0650000000000005,0.2750000000000007
315,success,2,-0.2749999999999998,0.8608289303272698,0.5562901440418699,10.654436148885067,3.9491589195224805,16,23.52950952208365,18.566920331229078,0.0650000000000005,0.2750000000000007
315,success,2,-0.2649999999999998,0.8608289303272698,0.5562901440418699,9.528718091016351,3.4616565050700854,16,23.52950952208365,18.566920331229078,0.0650000000000005,0.2750000000000007
315,success,2,-0.2549999999999998,0.8608289303272698,0.5562901440418699,8.629618888188554,3.154659723473358,16,23.52950952208365,18.566920331229078,0.0650000000000005,0.2750000000000007
315,success,2,-0.24499999999999977,0.8648439318809882,0.5559021994937587,8.254354275490305,3.1972158368532337,16,23.52950952208365,18.566920331229078,0.0650000000000005,0.2750000000000007
315,success,2,-0.23499999999999976,0.8771305901010705,0.5547188331281728,8.489903681366062,3.545832228167779,16,23.52950952208365,18.566920331229078,0.0650000000000005,0.2750000000000007
315,success,2,-0.22499999999999976,0.9297870689537816,0.5496952647054816,9.236955557550223,4.0369753049096415,16,23.52950952208365,18.566920331229078,0.0650000000000005,0.2750000000000007
315,success,2,-0.21499999999999975,1.1310086204427734,0.691184956251566,10.280143942455986,4.5031420711860015,16,23.52950952208365,18.566920331229078,0.0650000000000005,0.2750000000000007
315,success,2,-0.20499999999999974,1.511145998955281,1.0145882356701548,11.35370475134122,4.82404591847447,16,23.52950952208365,18.566920331229078,0.0650000000000005,0.2750000000000007
315,success,2,-0.19499999999999973,2.015481606736341,1.4486352501645623,12.21038227808356,4.966725693803898,16,23.52950952208365,18.566920331229078,0.0650000000000005,0.2750000000000007
315,success,2,-0.18499999999999972,2.658660987853548,1.833487952409464,12.70102428176537,4.970272579790225,16,23.52950952208365,18.566920331229078,0.0650000000000005,0.2750000000000007
315,success,2,-0.1749999999999997,3.483851127522025,2.021689515541055,12.816845328222792,4.872431502564311,16,23.52950952208365,18.566920331229078,0.0650000000000005,0.2750000000000007
315,success,2,-0.1649999999999997,4.7592278772077,1.964377615001983,12.658785505323069,4.716535422730147,16,23.52950952208365,18.566920331229078,0.0650000000000005,0.2750000000000007
315,success,2,-0.1549999999999997,5.23743172219824,1.9078873272613317,12.36249421949322,4.574713468172494,16,23.52950952208365,18.566920331229078,0.0650000000000005,0.2750000000000007
315,success,2,-0.14499999999999968,5.564389782498304,1.9989075690889546,12.04803471039688,4.425569913897168,16,23.52950952208365,18.566920331229078,0.0650000000000005,0.2750000000000007
315,success,2,-0.13499999999999968,5.90858787949446,2.2071752002516143,11.82241050054055,4.14808621368241,16,23.52950952208365,18.566920331229078,0.0650000000000005,0.2750000000000007
315,success,2,-0.12499999999999967,7.150963259480845,2.2740922917829236,11.776067508674092,3.7473996199275312,16,23.52950952208365,18.566920331229078,0.0650000000000005,0.2750000000000007
315,success,2,-0.11499999999999966,9.05913428388476,2.1203544877493963,11.9300666935619,3.4286401800111315,16,23.52950952208365,18.566920331229078,0.0650000000000005,0.2750000000000007
315,success,2,-0.10499999999999965,9.937115758185447,2.070842589564779,12.188634597946619,3.362667495108089,16,23.52950952208365,18.566920331229078,0.0650000000000005,0.2750000000000007
315,success,2,-0.09499999999999964,9.205799421406406,1.8779767645391292,12.3969002211573,3.497306599781427,16,23.52950952208365,18.566920331229078,0.0650000000000005,0.2750000000000007
315,success,2,-0.08499999999999963,8.028342131521393,1.8857360208293312,12.471876785599765,3.70708022768182,16,23.52950952208365,18.566920331229078,0.0650000000000005,0.2750000000000007
315,success,2,-0.07499999999999962,7.262485275154709,2.091457788854848,12.473565903604248,3.943836612134807,16,23.52950952208365,18.566920331229078,0.0650000000000005,0.2750000000000007
315,success,2,-0.06499999999999961,7.485591452721018,2.3055077623611338,12.531414155861784,4.213148370102804,16,23.52950952208365,18.566920331229078,0.0650000000000005,0.2750000000000007
315,success,2,-0.05499999999999961,7.214376144639753,2.592573772603781,12.724748424581286,4.5129917372378365,16,23.52950952208365,18.566920331229078,0.0650000000000005,0.2750000000000007
315,success,2,-0.0449999999999996,7.847468185268679,2.7504714991334076,13.052283475911274,4.807436391495481,16,23.52950952208365,18.566920331229078,0.0650000000000005,0.2750000000000007
315,success,2,-0.034999999999999594,8.169325195835563,2.8583705854186414,13.505766282314388,5.049827789520543,16,23.52950952208365,18.566920331229078,0.0650000000000005,0.2750000000000007
315,success,2,-0.02499999999999958,11.18637616001805,2.708419792820575,14.13411450062203,5.243120391133173,16,23.52950952208365,18.566920331229078,0.0650000000000005,0.2750000000000007
315,success,2,-0.014999999999999573,12.218878855363393,2.624955981759019,14.996489897627274,5.458444482894513,16,23.52950952208365,18.566920331229078,0.0650000000000005,0.2750000000000007
315,success,2,-0.004999999999999565,10.436524014963146,2.4919278973418764,16.045825797689336,5.762175472923766,16,23.52950952208365,18.566920331229078,0.0650000000000005,0.2750000000000007
315,success,2,0.005000000000000444,9.564863695564403,2.4461724297972656,17.071292828045976,6.125770778845699,16,23.52950952208365,18.566920331229078,0.0650000000000005,0.2750000000000007
315,success,2,0.015000000000000454,9.930561523734873,2.3377973895098747,17.772483849103654,6.405279106541573,16,23.52950952208365,18.566920331229078,0.0650000000000005,0.2750000000000007
315,success,2,0.025000000000000463,10.336316006945115,2.331743783467582,17.90320595178388,6.387923716010414,16,23.52950952208365,18.566920331229078,0.0650000000000005,0.2750000000000007
315,success,2,0.03500000000000047,12.411947722478804,2.499595602808786,17.37966904323216,5.914697572748779,16,23.52950952208365,18.566920331229078,0.0650000000000005,0.2750000000000007
315,success,2,0.04500000000000048,15.382429180141214,2.99347589043445,16.289153829616236,5.0233461026633135,16,23.52950952208365,18.566920331229078,0.0650000000000005,0.2750000000000007
315,success,2,0.055000000000000486,19.387119261980782,3.7056511142061797,14.821798048843764,3.977972479865435,16,23.52950952208365,18.566920331229078,0.0650000000000005,0.2750000000000007
315,success,2,0.0650000000000005,23.52950952208365,4.518084662811776,13.185995048631751,3.1224043739090104,16,23.52950952208365,18.566920331229078,0.0650000000000005,0.2750000000000007
315,success,2,0.07500000000000051,11.601545846133748,1.31947945544482,11.557878606620045,2.642842941795207,16,23.52950952208365,18.566920331229078,0.0650000000000005,0.2750000000000007
315,success,2,0.08500000000000052,7.072688860114495,0.737864207585125,10.079214080455483,2.457270118679498,16,23.52950952208365,18.566920331229078,0.0650000000000005,0.2750000000000007
315,success,2,0.09500000000000053,5.0373706367201825,0.5529707406381834,8.873831105744316,2.366499998886975,16,23.52950952208365,18.566920331229078,0.0650000000000005,0.2750000000000007
315,success,2,0.10500000000000054,4.0991249532958935,0.4810306979830933,8.044256894859403,2.2446716190583693,16,23.52950952208365,18.566920331229078,0.0650000000000005,0.2750000000000007
315,success,2,0.11500000000000055,3.867546732595948,0.471933099321093,7.630663682166882,2.1315069593196037,16,23.52950952208365,18.566920331229078,0.0650000000000005,0.2750000000000007
315,success,2,0.12500000000000056,3.2328695038996815,0.4391278112992981,7.56125166753747,2.1834394130626484,16,23.52950952208365,18.566920331229078,0.0650000000000005,0.2750000000000007
315,success,2,0.13500000000000056,2.805885412984943,0.4218359367542128,7.643655934886398,2.4000790352205446,16,23.52950952208365,18.566920331229078,0.0650000000000005,0.2750000000000007
315,success,2,0.14500000000000057,1.6976101510202581,0.43401757955879433,7.660340969360448,2.5690123228145754,16,23.52950952208365,18.566920331229078,0.0650000000000005,0.2750000000000007
315,success,2,0.15500000000000058,1.3563384505948253,0.4736604966653148,7.526393332607749,2.5652767787210022,16,23.52950952208365,18.566920331229078,0.0650000000000005,0.2750000000000007
315,success,2,0.1650000000000006,1.4242990529332082,0.4584056847150018,7.405328688803649,2.508791339421663,16,23.52950952208365,18.566920331229078,0.0650000000000005,0.2750000000000007
315,success,2,0.1750000000000006,1.7420698219952402,0.4162551825833449,7.6596860169812775,2.6551274949967167,16,23.52950952208365,18.566920331229078,0.0650000000000005,0.2750000000000007
315,success,2,0.1850000000000006,2.741811984521114,0.33333335655080665,8.617031103877698,3.1110539802206354,16,23.52950952208365,18.566920331229078,0.0650000000000005,0.2750000000000007
315,success,2,0.19500000000000062,2.741811984521114,0.33333335655080665,10.303866525238684,3.732165696926945,16,23.52950952208365,18.566920331229078,0.0650000000000005,0.2750000000000007
315,success,2,0.20500000000000063,4.499437977890259,0.2482529826315313,12.355326539777073,4.29010945991103,16,23.52950952208365,18.566920331229078,0.0650000000000005,0.2750000000000007
315,success,2,0.21500000000000064,7.616763130764676,0.1152114244800271,14.228165480199188,4.628570016152456,16,23.52950952208365,18.566920331229078,0.0650000000000005,0.2750000000000007
315,success,2,0.22500000000000064,8.33240210681798,0.4073722332716143,15.567505112076057,4.768982681339961,16,23.52950952208365,18.566920331229078,0.0650000000000005,0.2750000000000007
315,success,2,0.23500000000000065,8.255557993344496,0.3814861836715026,16.423895902867248,4.908989650310137,16,23.52950952208365,18.566920331229078,0.0650000000000005,0.2750000000000007
315,success,2,0.24500000000000066,7.76730632015943,0.15286149836377091,17.1070474924826,5.221453240846274,16,23.52950952208365,18.566920331229078,0.0650000000000005,0.2750000000000007
315,success,2,0.25500000000000067,7.452854108163736,0.21019495072660296,17.821227040611642,5.651461925737033,16,23.52950952208365,18.566920331229078,0.0650000000000005,0.2750000000000007
315,success,2,0.2650000000000007,8.78273409876284,0.49671532673276275,18.430118002439286,5.980615171387225,16,23.52950952208365,18.566920331229078,0.0650000000000005,0.2750000000000007
315,success,2,0.2750000000000007,9.892634849472376,0.829522156520698,18.566920331229078,6.005231674473048,16,23.52950952208365,18.566920331229078,0.0650000000000005,0.2750000000000007
315,success,2,0.2850000000000007,10.276045651746719,0.9696720492164479,17.96246426253897,5.646586330517849,16,23.52950952208365,18.566920331229078,0.0650000000000005,0.2750000000000007
315,success,2,0.2950000000000007,12.407158720421782,0.4749743627244407,16.683483457693924,4.992822567684375,16,23.52950952208365,18.566920331229078,0.0650000000000005,0.2750000000000007
315,success,2,0.3050000000000007,14.139289304549282,0.8340414729674641,15.103059491821448,4.277246880712478,16,23.52950952208365,18.566920331229078,0.0650000000000005,0.2750000000000007
315,success,2,0.3150000000000007,10.798467420124005,0.3517695998310358,13.665998698073215,3.7746852260601162,16,23.52950952208365,18.566920331229078,0.0650000000000005,0.2750000000000007
315,success,2,0.32500000000000073,8.058585911660119,0.2526393009919388,12.65791026429431,3.6263800012577025,16,23.52950952208365,18.566920331229078,0.0650000000000005,0.2750000000000007
315,success,2,0.33500000000000074,5.665454809002621,0.44338572071750443,12.119878026732174,3.7574867219786747,16,23.52950952208365,18.566920331229078,0.0650000000000005,0.2750000000000007
315,success,2,0.34500000000000075,5.231874865395291,0.4628717231640551,11.924360744938902,3.9632572169381888,16,23.52950952208365,18.566920331229078,0.0650000000000005,0.2750000000000007
315,success,2,0.35500000000000076,4.403027699203924,0.6122857486689975,11.903615037122803,4.013563405969291,16,23.52950952208365,18.566920331229078,0.0650000000000005,0.2750000000000007
315,success,2,0.36500000000000077,4.114247472591565,0.7092253194169631,11.937283871388255,3.788194047694996,16,23.52950952208365,18.566920331229078,0.0650000000000005,0.2750000000000007
315,success,2,0.3750000000000008,4.634392931613613,0.6971396690089979,11.945395289737155,3.40134337803946,16,23.52950952208365,18.566920331229078,0.0650000000000005,0.2750000000000007
315,success,2,0.3850000000000008,4.776720961918525,0.717863302633996,11.842329474325105,3.132869299216012,16,23.52950952208365,18.566920331229078,0.0650000000000005,0.2750000000000007
315,success,2,0.3950000000000008,4.776720961918525,0.717863302633996,11.534222479319462,3.094096469538091,16,23.52950952208365,18.566920331229078,0.0650000000000005,0.2750000000000007
315,success,2,0.4050000000000008,4.776720961918525,0.717863302633996,10.996910742257715,3.1102565016799697,16,23.52950952208365,18.566920331229078,0.0650000000000005,0.2750000000000007
315,success,2,0.4150000000000008,5.091352989289249,0.8452315743102568,10.348272654796636,3.0598293366174065,16,23.52950952208365,18.566920331229078,0.0650000000000005,0.2750000000000007
315,success,2,0.4250000000000008,5.6704896976736405,1.1782159611512302,9.797047758766107,3.019673130220172,16,23.52950952208365,18.566920331229078,0.0650000000000005,0.2750000000000007
315,success,2,0.43500000000000083,6.26615577768844,1.6332977896603975,9.494640617415428,3.095004933353535,16,23.52950952208365,18.566920331229078,0.0650000000000005,0.2750000000000007
315,success,2,0.44500000000000084,6.843740551638114,2.018045346460405,9.437911382360348,3.2657800586745402,16,23.52950952208365,18.566920331229078,0.0650000000000005,0.2750000000000007
315,success,2,0.45500000000000085,7.011561884952899,2.2026557018109956,9.521643658363608,3.4220806286887844,16,23.52950952208365,18.566920331229078,0.0650000000000005,0.2750000000000007
315,success,2,0.46500000000000086,6.726271448761355,2.138126848150933,9.66809561894642,3.468699519406174,16,23.52950952208365,18.566920331229078,0.0650000000000005,0.2750000000000007
315,success,2,0.47500000000000087,7.364878010636902,1.6910976098521322,9.882638558990024,3.3685795065452107,16,23.52950952208365,18.566920331229078,0.0650000000000005,0.2750000000000007
315,success,2,0.4850000000000009,8.369373976803255,1.204657781994146,10.188797702367202,3.1317803303932776,16,23.52950952208365,18.566920331229078,0.0650000000000005,0.2750000000000007
315,success,2,0.4950000000000009,8.217247065332055,0.9228752982203401,10.541569644479608,2.8253055640914777,16,23.52950952208365,18.566920331229078,0.0650000000000005,0.2750000000000007
315,success,2,0.5050000000000009,14.39196779769038,1.7616249888384767,10.826738512876583,2.5944439710704024,16,23.52950952208365,18.566920331229078,0.0650000000000005,0.2750000000000007
315,success,2,0.5150000000000009,12.895321863408912,1.939587121059223,10.946811819347966,2.576801546169241,16,23.52950952208365,18.566920331229078,0.0650000000000005,0.2750000000000007
315,success,2,0.5250000000000009,9.985182477162398,2.3932829001196856,10.904027332808305,2.7281927410862252,16,23.52950952208365,18.566920331229078,0.0650000000000005,0.2750000000000007
315,success,2,0.5350000000000009,10.153491120351157,2.5536707337292945,10.779464104134215,2.882304575998899,16,23.52950952208365,18.566920331229078,0.0650000000000005,0.2750000000000007
315,success,2,0.5450000000000009,9.981867691181195,2.3901276117909838,10.621672543571897,2.953399047443152,16,23.52950952208365,18.566920331229078,0.0650000000000005,0.2750000000000007
315,success,2,0.5550000000000009,6.976129083881511,2.1925544896598255,10.350253669962033,2.9663592126561897,16,23.52950952208365,18.566920331229078,0.0650000000000005,0.2750000000000007
315,success,2,0.565000000000001,4.476432429372072,2.040120083983767,9.808914645648475,2.942170703897972,16,23.52950952208365,18.566920331229078,0.0650000000000005,0.2750000000000007
315,success,2,0.575000000000001,4.208725824892915,1.9026892044795054,8.964141718392957,2.817174304734856,16,23.52950952208365,18.566920331229078,0.0650000000000005,0.2750000000000007
315,success,2,0.585000000000001,4.195531694256108,1.852073308988992,8.057354536986368,2.532605838116833,16,23.52950952208365,18.566920331229078,0.0650000000000005,0.2750000000000007
315,success,2,0.595000000000001,4.200109133597964,1.7733969643723855,7.532014793117035,2.216380571931847,16,23.52950952208365,18.566920331229078,0.0650000000000005,0.2750000000000007
315,success,2,0.605000000000001,3.9953095576027007,1.5758932968163173,7.75739153048134,2.2182321628517343,16,23.52950952208365,18.566920331229078,0.0650000000000005,0.2750000000000007
315,success,2,0.615000000000001,3.6522005463468297,1.2455720272376016,8.760956037690066,2.674635706683719,16,23.52950952208365,18.566920331229078,0.0650000000000005,0.2750000000000007
315,success,2,0.625000000000001,3.2516884453809087,0.8618294948150463,10.19583299446947,3.2969336384827406,16,23.52950952208365,18.566920331229078,0.0650000000000005,0.2750000000000007
315,success,2,0.635000000000001,2.9052597944509904,0.5346427837096066,11.54517310933239,3.813558921835102,16,23.52950952208365,18.566920331229078,0.0650000000000005,0.2750000000000007
315,success,2,0.645000000000001,2.606980613323519,0.3693483689386342,12.398173847479676,4.088792108180895,16,23.52950952208365,18.566920331229078,0.0650000000000005,0.2750000000000007
315,success,2,0.655000000000001,2.655812692058311,0.33251014656052597,12.602449877128906,4.078002172221885,16,23.52950952208365,18.566920331229078,0.0650000000000005,0.2750000000000007
315,success,2,0.665000000000001,2.9557920495116212,0.35255993398068575,12.25618134373607,3.846976369114848,16,23.52950952208365,18.566920331229078,0.0650000000000005,0.2750000000000007
315,success,2,0.675000000000001,2.9557920495116212,0.35255993398068575,11.602934872745728,3.5342622618737134,16,23.52950952208365,18.566920331229078,0.0650000000000005,0.2750000000000007
315,success,2,0.685000000000001,2.9557920495116212,0.35255993398068575,10.91714900260437,3.2381978045395026,16,23.52950952208365,18.566920331229078,0.0650000000000005,0.2750000000000007
315,success,2,0.6950000000000011,2.9557920495116212,0.35255993398068575,10.40072646506792,3.0310210631006465,16,23.52950952208365,18.566920331229078,0.0650000000000005,0.2750000000000007
315,success,2,0.7050000000000011,3.577791084634856,0.6383704786533871,10.09622133407262,2.995207836657434,16,23.52950952208365,18.566920331229078,0.0650000000000005,0.2750000000000007
315,success,2,0.7150000000000011,3.599109971685282,0.6799409700702945,9.848866176752033,3.0588411335957315,16,23.52950952208365,18.566920331229078,0.0650000000000005,0.2750000000000007
315,success,2,0.7250000000000011,2.968716522315801,0.44510224360929007,9.393352628964045,3.0025519528610563,16,23.52950952208365,18.566920331229078,0.0650000000000005,0.2750000000000007
315,success,2,0.7350000000000011,2.6796298914366377,0.4275231357642923,8.562065302839226,2.7120314357047777,16,23.52950952208365,18.566920331229078,0.0650000000000005,0.2750000000000007
315,success,2,0.7450000000000011,2.30531992946831,0.46367253926641006,7.459968436413962,2.2746378960447218,16,23.52950952208365,18.566920331229078,0.0650000000000005,0.2750000000000007
315,success,2,0.7550000000000011,2.4902464704165155,0.589201322398376,6.440291933973156,1.900139920017355,16,23.52950952208365,18.566920331229078,0.0650000000000005,0.2750000000000007
315,success,2,0.7650000000000011,2.8218375416191077,0.862679687951751,5.883749735582561,1.7849489778804748,16,23.52950952208365,18.566920331229078,0.0650000000000005,0.2750000000000007
315,success,2,0.7750000000000011,2.556980521603382,1.3086141582552857,5.969739916201777,1.9571203060743003,16,23.52950952208365,18.566920331229078,0.0650000000000005,0.2750000000000007
315,success,2,0.7850000000000011,3.0242667675416777,1.8398670984069714,6.616346268965793,2.3133928735036053,16,23.52950952208365,18.566920331229078,0.0650000000000005,0.2750000000000007
315,success,2,0.7950000000000012,3.833291979699854,2.452596119699682,7.5903125038495265,2.789460337554402,16,23.52950952208365,18.566920331229078,0.0650000000000005,0.2750000000000007
315,success,2,0.8050000000000012,4.688900532873619,3.11717877534566,8.627979456690905,3.3456779600886106,16,23.52950952208365,18.566920331229078,0.0650000000000005,0.2750000000000007
315,success,2,0.8150000000000012,5.597641295748988,3.6927290766967773,9.479449473921639,3.872248069352013,16,23.52950952208365,18.566920331229078,0.0650000000000005,0.2750000000000007
315,success,2,0.8250000000000012,6.298487115685882,3.9966819136029934,9.918064082846058,4.185568594283698,16,23.52950952208365,18.566920331229078,0.0650000000000005,0.2750000000000007
315,success,2,0.8350000000000012,6.519555016463167,3.880034264383459,9.793015034409745,4.1145474749728725,16,23.52950952208365,18.566920331229078,0.0650000000000005,0.2750000000000007
315,success,2,0.8450000000000012,5.847387320506921,3.3557606191330063,9.124608741797216,3.619490910063127,16,23.52950952208365,18.566920331229078,0.0650000000000005,0.2750000000000007
315,success,2,0.8550000000000012,5.357141481216084,2.5366026120500713,8.132767002534846,2.8591378843700497,16,23.52950952208365,18.566920331229078,0.0650000000000005,0.2750000000000007
315,success,2,0.8650000000000012,3.8533694611318032,1.7709895433163236,7.138937624122934,2.1358340512467007,16,23.52950952208365,18.566920331229078,0.0650000000000005,0.2750000000000007
315,success,2,0.8750000000000012,3.072046220745776,1.239383270482651,6.398809171930777,1.7165293596717357,16,23.52950952208365,18.566920331229078,0.0650000000000005,0.2750000000000007
315,success,2,0.8850000000000012,2.7232231036457524,1.0517601776656755,6.00113040090994,1.6091169147533555,16,23.52950952208365,18.566920331229078,0.0650000000000005,0.2750000000000007
315,success,2,0.8950000000000012,2.6096627500400476,1.0824847532483548,5.893415365999991,1.6433594949750405,16,23.52950952208365,18.566920331229078,0.0650000000000005,0.2750000000000007
315,success,2,0.9050000000000012,2.883745275935646,1.2187980807310002,5.978604186604968,1.7807833833947426,16,23.52950952208365,18.566920331229078,0.0650000000000005,0.2750000000000007
315,success,2,0.9150000000000013,3.262675239269521,1.5092445625753943,6.175574358882603,2.0894396089640166,16,23.52950952208365,18.566920331229078,0.0650000000000005,0.2750000000000007
315,success,2,0.9250000000000013,3.898063371968204,1.952102240948953,6.422295186167945,2.512843599414462,16,23.52950952208365,18.566920331229078,0.0650000000000005,0.2750000000000007
315,success,2,0.9350000000000013,4.6023860667721195,2.43164559310958,6.6756905043126995,2.8732737766813994,16,23.52950952208365,18.566920331229078,0.0650000000000005,0.2750000000000007
315,success,2,0.9450000000000013,5.472828737688969,2.78547325916677,6.950615505510978,3.053253567344292,16,23.52950952208365,18.566920331229078,0.0650000000000005,0.2750000000000007
315,success,2,0.9550000000000013,6.25337186138031,3.0203424270530754,7.354808955565526,3.1052356604985465,16,23.52950952208365,18.566920331229078,0.0650000000000005,0.2750000000000007
315,success,2,0.9650000000000013,7.357361985856052,3.2514220678560775,8.02277162441267,3.241097190520611,16,23.52950952208365,18.566920331229078,0.0650000000000005,0.2750000000000007
315,success,2,0.9750000000000013,8.64700298431932,3.6639056069276745,8.962372370408055,3.6384591255015795,16,23.52950952208365,18.566920331229078,0.0650000000000005,0.2750000000000007
315,success,2,0.9850000000000013,9.84876446320154,4.1979569894005255,9.946748745740514,4.186967517097126,16,23.52950952208365,18.566920331229078,0.0650000000000005,0.2750000000000007
315,success,2,0.9950000000000013,10.589994324519132,4.577409383792737,10.589994324519132,4.577409383792737,16,23.52950952208365,18.566920331229078,0.0650000000000005,0.2750000000000007
225,success,0,-0.495,0.9036955956014283,0.8381622303245254,0.9036955956014283,0.8381622303245254,15,23.394942733590238,18.70945668894445,0.22500000000000064,0.025000000000000463
225,success,0,-0.485,1.051586497545379,0.9433142193070488,1.0566500064246227,0.9429322449150911,15,23.394942733590238,18.70945668894445,0.22500000000000064,0.025000000000000463
225,success,0,-0.475,1.2797996052053162,1.0747132137021853,1.302033333947121,1.07304157763827,15,23.394942733590238,18.70945668894445,0.22500000000000064,0.025000000000000463
225,success,0,-0.46499999999999997,1.5041490805132927,1.1423847294300173,1.572816091056062,1.1375794773713683,15,23.394942733590238,18.70945668894445,0.22500000000000064,0.025000000000000463
225,success,0,-0.45499999999999996,1.679984075778584,1.1414471039849172,1.8551153990898417,1.1326888028073208,15,23.394942733590238,18.70945668894445,0.22500000000000064,0.025000000000000463
225,success,0,-0.44499999999999995,1.8135619724876197,1.1905240503713683,2.1944720072845407,1.1886263500109193,15,23.394942733590238,18.70945668894445,0.22500000000000064,0.025000000000000463
225,success,0,-0.43499999999999994,1.9264928847676706,1.3848240414891106,2.642398669762289,1.4197928179618489,15,23.394942733590238,18.70945668894445,0.22500000000000064,0.025000000000000463
225,success,0,-0.42499999999999993,2.0137472584728804,1.6379170282701268,3.1878090519358153,1.7415721054597513,15,23.394942733590238,18.70945668894445,0.22500000000000064,0.025000000000000463
225,success,0,-0.4149999999999999,2.0367115712683135,1.806403997183352,3.7367986621871627,1.996429255769886,15,23.394942733590238,18.70945668894445,0.22500000000000064,0.025000000000000463
225,success,0,-0.4049999999999999,1.9481822405630946,1.8093451243302363,4.161300592320006,2.0857589075113037,15,23.394942733590238,18.70945668894445,0.22500000000000064,0.025000000000000463
225,success,0,-0.3949999999999999,1.7279993901636124,1.6377885465497402,4.3884912290494515,2.0053165062432265,15,23.394942733590238,18.70945668894445,0.22500000000000064,0.025000000000000463
225,success,0,-0.3849999999999999,1.4092682311276128,1.3398789680583236,4.464713181338884,1.8853895371219693,15,23.394942733590238,18.70945668894445,0.22500000000000064,0.025000000000000463
225,success,0,-0.3749999999999999,1.051968878645733,1.0074705982586991,4.537918826552515,1.988158965149859,15,23.394942733590238,18.70945668894445,0.22500000000000064,0.025000000000000463
225,success,0,-0.3649999999999999,0.7806564299592066,0.7444251425617067,4.75638752259789,2.4113722964924467,15,23.394942733590238,18.70945668894445,0.22500000000000064,0.025000000000000463
225,success,0,-0.35499999999999987,0.6790805237504002,0.6312825863948298,5.1584351096910295,2.8961713767290567,15,23.394942733590238,18.70945668894445,0.22500000000000064,0.025000000000000463
225,success,0,-0.34499999999999986,0.7798916677584983,0.6878736902901031,5.640408065074579,3.1520850308236548,15,23.394942733590238,18.70945668894445,0.22500000000000064,0.025000000000000463
225,success,0,-0.33499999999999985,1.0477074514426545,0.8623414409106593,6.0162309907426605,3.0893342892032893,15,23.394942733590238,18.70945668894445,0.22500000000000064,0.025000000000000463
225,success,0,-0.32499999999999984,1.3967364565686344,1.056977148790121,6.112513802843622,2.8291296304480116,15,23.394942733590238,18.70945668894445,0.22500000000000064,0.025000000000000463
225,success,0,-0.31499999999999984,1.7060928074229789,1.189448825042202,5.836352068213053,2.553274868943771,15,23.394942733590238,18.70945668894445,0.22500000000000064,0.025000000000000463
225,success,0,-0.3049999999999998,1.9012973017107122,1.2400758062876307,5.21108753827818,2.3207043216603447,15,23.394942733590238,18.70945668894445,0.22500000000000064,0.025000000000000463
225,success,0,-0.2949999999999998,1.8999313503098811,1.238995437810276,4.391167662584059,2.0888489118315965,15,23.394942733590238,18.70945668894445,0.22500000000000064,0.025000000000000463
225,success,0,-0.2849999999999998,1.714306431451691,1.1820483483005055,3.6458892570467762,1.872601754764786,15,23.394942733590238,18.70945668894445,0.22500000000000064,0.025000000000000463
225,success,0,-0.2749999999999998,1.3955752724156911,1.0337233331578501,3.2852053593092205,1.7735996213281562,15,23.394942733590238,18.70945668894445,0.22500000000000064,0.025000000000000463
225,success,0,-0.2649999999999998,0.09427420952029754,0.03178318357373866,3.534446071099969,1.887126207134777,15,23.394942733590238,18.70945668894445,0.22500000000000064,0.025000000000000463
225,success,0,-0.2549999999999998,0.040049562754678456,0.007729233421661081,4.4152375456559545,2.2252130089361324,15,23.394942733590238,18.70945668894445,0.22500000000000064,0.025000000000000463
225,success,0,-0.24499999999999977,0.023493084716116493,0.0013938930313228994,5.701161693789777,2.6973197774786346,15,23.394942733590238,18.70945668894445,0.22500000000000064,0.025000000000000463
225,success,0,-0.23499999999999976,0.020761181914454217,0.002181199695222773,6.98537279040587,3.1426135079908692,15,23.394942733590238,18.70945668894445,0.22500000000000064,0.025000000000000463
225,success,0,-0.22499999999999976,0.02485903611694763,0.00036847164814408684,7.841031874289821,3.4000977956304412,15,23.394942733590238,18.70945668894445,0.22500000000000064,0.025000000000000463
225,success,0,-0.21499999999999975,0.02485903611694763,0.00036847164814408684,8.003091291152456,3.3728843645346784,15,23.394942733590238,18.70945668894445,0.22500000000000064,0.025000000000000463
225,success,0,-0.20499999999999974,0.09613054152671217,0.0005006543819123497,7.472902128907838,3.0600582801435934,15,23.394942733590238,18.70945668894445,0.22500000000000064,0.025000000000000463
225,success,0,-0.19499999999999973,0.3216517271940119,0.0024961536230224584,6.498027609274331,2.5533175969794795,15,23.394942733590238,18.70945668894445,0.22500000000000064,0.025000000000000463
225,success,0,-0.18499999999999972,0.9164193714599158,0.009924023583992124,5.445393946587164,2.00691119481064,15,23.394942733590238,18.70945668894445,0.22500000000000064,0.025000000000000463
225,success,0,-0.1749999999999997,1.7289183403175523,0.15460288888489965,4.659891636111511,1.5984280273377602,15,23.394942733590238,18.70945668894445,0.22500000000000064,0.025000000000000463
225,success,0,-0.1649999999999997,2.0153242376748493,0.11090618270308195,4.374648140390249,1.4918052460355706,15,23.394942733590238,18.70945668894445,0.22500000000000064,0.025000000000000463
225,success,0,-0.1549999999999997,2.2325516098903613,0.033806023380151394,4.684085284206389,1.7049242851580086,15,23.394942733590238,18.70945668894445,0.22500000000000064,0.025000000000000463
225,success,0,-0.14499999999999968,2.2325516098903613,0.033806023380151394,5.550099940009896,2.0719293501909912,15,23.394942733590238,18.70945668894445,0.22500000000000064,0.025000000000000463
225,success,0,-0.13499999999999968,2.2325516098903613,0.033806023380151394,6.811051116288111,2.4488112938327804,15,23.394942733590238,18.70945668894445,0.22500000000000064,0.025000000000000463
225,success,0,-0.12499999999999967,2.2325516098903613,0.033806023380151394,8.196715706684897,2.782463650669322,15,23.394942733590238,18.70945668894445,0.22500000000000064,0.025000000000000463
225,success,0,-0.11499999999999966,4.172691936777261,0.46724961979329366,9.384464066525743,3.0428035594329397,15,23.394942733590238,18.70945668894445,0.22500000000000064,0.025000000000000463
225,success,0,-0.10499999999999965,3.696879445555531,0.2664404796590694,10.111558115667574,3.1807622793480794,15,23.394942733590238,18.70945668894445,0.22500000000000064,0.025000000000000463
225,success,0,-0.09499999999999964,3.3719406145303705,0.2861608300465252,10.31034778801506,3.172404351666735,15,23.394942733590238,18.70945668894445,0.22500000000000064,0.025000000000000463
225,success,0,-0.08499999999999963,3.3196510764281686,0.3086887299683992,10.162858568052858,3.075297961802387,15,23.394942733590238,18.70945668894445,0.22500000000000064,0.025000000000000463
225,success,0,-0.07499999999999962,4.611256765826734,0.14688148728747324,10.011731732241174,3.012866805189179,15,23.394942733590238,18.70945668894445,0.22500000000000064,0.025000000000000463
225,success,0,-0.06499999999999961,4.611256765826734,0.14688148728747324,10.174048874989328,3.0881218254743175,15,23.394942733590238,18.70945668894445,0.22500000000000064,0.025000000000000463
225,success,0,-0.05499999999999961,4.611256765826734,0.14688148728747324,10.780366054255186,3.317109806721215,15,23.394942733590238,18.70945668894445,0.22500000000000064,0.025000000000000463
225,success,0,-0.0449999999999996,4.879999303557626,0.18047336777967476,11.740254722889429,3.634608283903376,15,23.394942733590238,18.70945668894445,0.22500000000000064,0.025000000000000463
225,success,0,-0.034999999999999594,7.38960053871151,0.31121108951769333,12.837724099724156,3.9226887013030276,15,23.394942733590238,18.70945668894445,0.22500000000000064,0.025000000000000463
225,success,0,-0.02499999999999958,8.039796190383916,0.27431051381290295,13.89326310573875,4.06625110422119,15,23.394942733590238,18.70945668894445,0.22500000000000064,0.025000000000000463
225,success,0,-0.014999999999999573,10.012268174026214,0.5534419933064717,14.881419802476145,4.053227618048804,15,23.394942733590238,18.70945668894445,0.22500000000000064,0.025000000000000463
225,success,0,-0.004999999999999565,10.977253093377394,0.4947875857240936,15.90859607727157,4.052200013635099,15,23.394942733590238,18.70945668894445,0.22500000000000064,0.025000000000000463
225,success,0,0.005000000000000444,11.666765825615636,0.4548953691556175,17.034438401489076,4.294726921027001,15,23.394942733590238,18.70945668894445,0.22500000000000064,0.025000000000000463
225,success,0,0.015000000000000454,14.775950199675773,0.6684696634859274,18.08778506417706,4.740905524368696,15,23.394942733590238,18.70945668894445,0.22500000000000064,0.025000000000000463
225,success,0,0.025000000000000463,15.60309168088935,1.3517242341961928,18.70945668894445,5.055693909541963,15,23.394942733590238,18.70945668894445,0.22500000000000064,0.025000000000000463
225,success,0,0.03500000000000047,19.462303431762685,1.8808803662013922,18.638717291819006,4.972237903175703,15,23.394942733590238,18.70945668894445,0.22500000000000064,0.025000000000000463
225,success,0,0.04500000000000048,17.516600646997166,1.3434148474975793,17.97491065507584,4.551689773902562,15,23.394942733590238,18.70945668894445,0.22500000000000064,0.025000000000000463
225,success,0,0.055000000000000486,14.271507133253698,0.8973601258174465,17.106314596707836,4.189999952449265,15,23.394942733590238,18.70945668894445,0.22500000000000064,0.025000000000000463
225,success,0,0.0650000000000005,13.603222672578736,0.5663395578541446,16.35047610216841,4.250795415340341,15,23.394942733590238,18.70945668894445,0.22500000000000064,0.025000000000000463
225,success,0,0.07500000000000051,10.668909141519705,0.4232343694573842,15.696603669040162,4.587363533718456,15,23.394942733590238,18.70945668894445,0.22500000000000064,0.025000000000000463
225,success,0,0.08500000000000052,7.233981979648816,0.2864383995930441,14.910042946661168,4.833740078471879,15,23.394942733590238,18.70945668894445,0.22500000000000064,0.025000000000000463
225,success,0,0.09500000000000053,4.772867749719317,0.23677940293079772,13.830522916678202,4.86562531451397,15,23.394942733590238,18.70945668894445,0.22500000000000064,0.025000000000000463
225,success,0,0.10500000000000054,4.772867749719317,0.23677940293079772,12.536627967586286,4.7508150881984355,15,23.394942733590238,18.70945668894445,0.22500000000000064,0.025000000000000463
225,success,0,0.11500000000000055,2.818850025077907,0.3917511105483471,11.2557400233092,4.533998750791605,15,23.394942733590238,18.70945668894445,0.22500000000000064,0.025000000000000463
225,success,0,0.12500000000000056,2.818850025077907,0.3917511105483471,10.207744728593253,4.2042785414571044,15,23.394942733590238,18.70945668894445,0.22500000000000064,0.025000000000000463
225,success,0,0.13500000000000056,2.630231923068691,0.42521029489528667,9.548310994780538,3.7963576544467763,15,23.394942733590238,18.70945668894445,0.22500000000000064,0.025000000000000463
225,success,0,0.14500000000000057,4.337569668014089,0.29924153372039025,9.394442661969965,3.4234079275119673,15,23.394942733590238,18.70945668894445,0.22500000000000064,0.025000000000000463
225,success,0,0.15500000000000058,5.529839404623517,0.7365690756943414,9.830827038511007,3.2260575592964513,15,23.394942733590238,18.70945668894445,0.22500000000000064,0.025000000000000463
225,success,0,0.1650000000000006,5.0324445618785925,0.3441682530029736,10.852394705198504,3.293477878880325,15,23.394942733590238,18.70945668894445,0.22500000000000064,0.025000000000000463
225,success,0,0.1750000000000006,4.69586359296885,0.30353076988833555,12.305706367057793,3.571004615065404,15,23.394942733590238,18.70945668894445,0.22500000000000064,0.025000000000000463
225,success,0,0.1850000000000006,6.395965039964262,0.3802481516831581,13.908326847407722,3.8866485302054525,15,23.394942733590238,18.70945668894445,0.22500000000000064,0.025000000000000463
225,success,0,0.19500000000000062,7.773523194278918,0.2043421215442668,15.338645387964032,4.089688182108204,15,23.394942733590238,18.70945668894445,0.22500000000000064,0.025000000000000463
225,success,0,0.20500000000000063,11.718844379162425,0.3255401924080309,16.315415986566585,4.103231244406526,15,23.394942733590238,18.70945668894445,0.22500000000000064,0.025000000000000463
225,success,0,0.21500000000000064,17.024178383104953,0.6125404885881401,16.657314320544955,3.9061471276468134,15,23.394942733590238,18.70945668894445,0.22500000000000064,0.025000000000000463
225,success,0,0.22500000000000064,23.394942733590238,2.3926828597553724,16.351625007787497,3.5689484986659403,15,23.394942733590238,18.70945668894445,0.22500000000000064,0.025000000000000463
225,success,0,0.23500000000000065,21.73288449805686,2.266463416981414,15.604883598458946,3.2760249329116955,15,23.394942733590238,18.70945668894445,0.22500000000000064,0.025000000000000463
225,success,0,0.24500000000000066,18.78958295703905,2.161646149460296,14.771999045632002,3.1903029055744296,15,23.394942733590238,18.70945668894445,0.22500000000000064,0.025000000000000463
225,success,0,0.25500000000000067,17.447347407592886,1.6771957574365721,14.150302551508448,3.2973542848669632,15,23.394942733590238,18.70945668894445,0.22500000000000064,0.025000000000000463
225,success,0,0.2650000000000007,15.745627092190924,1.2342376390488827,13.80913685368999,3.4895495042347906,15,23.394942733590238,18.70945668894445,0.22500000000000064,0.025000000000000463
225,success,0,0.2750000000000007,14.481384421150254,0.8052433291032034,13.593603587943822,3.698678175652557,15,23.394942733590238,18.70945668894445,0.22500000000000064,0.025000000000000463
225,success,0,0.2850000000000007,13.343149890872223,0.405541606372905,13.265580416812474,3.876209864383388,15,23.394942733590238,18.70945668894445,0.22500000000000064,0.025000000000000463
225,success,0,0.2950000000000007,9.709787155842973,0.4457366951626281,12.653146720515206,3.93497373713811,15,23.394942733590238,18.70945668894445,0.22500000000000064,0.025000000000000463
225,success,0,0.3050000000000007,7.610243206565896,0.3217784481990723,11.726565246654777,3.781099229345156,15,23.394942733590238,18.70945668894445,0.22500000000000064,0.025000000000000463
225,success,0,0.3150000000000007,8.119280412238975,0.33936736634556075,10.59078276812738,3.4034856076847206,15,23.394942733590238,18.70945668894445,0.22500000000000064,0.025000000000000463
225,success,0,0.32500000000000073,5.987084399799026,0.38274039129409904,9.421818886734343,2.913017483997462,15,23.394942733590238,18.70945668894445,0.22500000000000064,0.025000000000000463
225,success,0,0.33500000000000074,4.783504718386886,0.2621667066516928,8.375180099516129,2.4806729104331895,15,23.394942733590238,18.70945668894445,0.22500000000000064,0.025000000000000463
225,success,0,0.34500000000000075,2.8215320557802364,0.380598271947483,7.513122753613099,2.238565508056055,15,23.394942733590238,18.70945668894445,0.22500000000000064,0.025000000000000463
225,success,0,0.35500000000000076,1.5976043017237718,0.5190296643261822,6.79873806470703,2.2201724575706066,15,23.394942733590238,18.70945668894445,0.22500000000000064,0.025000000000000463
225,success,0,0.36500000000000077,1.9104086949345003,0.47506925649259174,6.162796055343231,2.3094705884836406,15,23.394942733590238,18.70945668894445,0.22500000000000064,0.025000000000000463
225,success,0,0.3750000000000008,2.7336139838727,0.38384144494845907,5.612482880818775,2.292850293345787,15,23.394942733590238,18.70945668894445,0.22500000000000064,0.025000000000000463
225,success,0,0.3850000000000008,2.9192328191647516,0.39172925097955447,5.310477943151739,2.0521012187767314,15,23.394942733590238,18.70945668894445,0.22500000000000064,0.025000000000000463
225,success,0,0.3950000000000008,2.9192328191647516,0.39172925097955447,5.527181986002156,1.7109092020966503,15,23.394942733590238,18.70945668894445,0.22500000000000064,0.025000000000000463
225,success,0,0.4050000000000008,4.471343598169605,0.29106212999786174,6.464467947387985,1.631691763002691,15,23.394942733590238,18.70945668894445,0.22500000000000064,0.025000000000000463
225,success,0,0.4150000000000008,7.171247031100917,0.3167947944909421,8.057587745867476,2.016362320490309,15,23.394942733590238,18.70945668894445,0.22500000000000064,0.025000000000000463
225,success,0,0.4250000000000008,8.104028170576283,0.18576630444282047,9.922687101040196,2.6155871667335173,15,23.394942733590238,18.70945668894445,0.22500000000000064,0.025000000000000463
225,success,0,0.43500000000000083,14.163977198733194,1.4005531710884265,11.535883476925468,3.15013723953617,15,23.394942733590238,18.70945668894445,0.22500000000000064,0.025000000000000463
225,success,0,0.44500000000000084,12.168186020686916,1.1008245529020642,12.537732090554142,3.4660862243349775,15,23.394942733590238,18.70945668894445,0.22500000000000064,0.025000000000000463
225,success,0,0.45500000000000085,10.29448312191071,1.014065249807062,12.935389917447882,3.544270592744918,15,23.394942733590238,18.70945668894445,0.22500000000000064,0.025000000000000463
225,success,0,0.46500000000000086,9.441635740676062,0.8140797656009624,13.031070724238932,3.500384407525931,15,23.394942733590238,18.70945668894445,0.22500000000000064,0.025000000000000463
225,success,0,0.47500000000000087,9.107673748797328,0.6397675143977203,13.11630356020942,3.4973176850282615,15,23.394942733590238,18.70945668894445,0.22500000000000064,0.025000000000000463
225,success,0,0.4850000000000009,9.142646795749865,0.6697826739079507,13.211781678325563,3.586021302528365,15,23.394942733590238,18.70945668894445,0.22500000000000064,0.025000000000000463
225,success,0,0.4950000000000009,8.665737124201986,0.3291159223238956,13.081473327805684,3.6625132675285887,15,23.394942733590238,18.70945668894445,0.22500000000000064,0.025000000000000463
225,success,0,0.5050000000000009,8.34317769655047,0.22461855613652035,12.504196242718475,3.5971058375296066,15,23.394942733590238,18.70945668894445,0.22500000000000064,0.025000000000000463
225,success,0,0.5150000000000009,8.34317769655047,0.22461855613652035,11.540640753921997,3.3403441182556888,15,23.394942733590238,18.70945668894445,0.22500000000000064,0.025000000000000463
225,success,0,0.5250000000000009,8.34317769655047,0.22461855613652035,10.54933772985209,2.9496543822379238,15,23.394942733590238,18.70945668894445,0.22500000000000064,0.025000000000000463
225,success,0,0.5350000000000009,7.513827002444913,0.392896719381963,9.936556414994252,2.603741469643568,15,23.394942733590238,18.70945668894445,0.22500000000000064,0.025000000000000463
225,success,0,0.5450000000000009,8.258941290312492,0.21303569203567885,9.855814413816182,2.508710527270096,15,23.394942733590238,18.70945668894445,0.22500000000000064,0.025000000000000463
225,success,0,0.5550000000000009,8.258941290312492,0.21303569203567885,10.102706191455724,2.6230868485226613,15,23.394942733590238,18.70945668894445,0.22500000000000064,0.025000000000000463
225,success,0,0.565000000000001,8.258941290312492,0.21303569203567885,10.298363631614661,2.6848980471925317,15,23.394942733590238,18.70945668894445,0.22500000000000064,0.025000000000000463
225,success,0,0.575000000000001,8.258941290312492,0.21303569203567885,10.204322314578146,2.5516961840994696,15,23.394942733590238,18.70945668894445,0.22500000000000064,0.025000000000000463
225,success,0,0.585000000000001,8.258941290312492,0.21303569203567885,9.915994021457873,2.320250710301578,15,23.394942733590238,18.70945668894445,0.22500000000000064,0.025000000000000463
225,success,0,0.595000000000001,8.878637062144325,0.531669925554489,9.777846127613183,2.2179166540579405,15,23.394942733590238,18.70945668894445,0.22500000000000064,0.025000000000000463
225,success,0,0.605000000000001,10.160097716606014,1.2050893892655283,10.110350724918154,2.432604222035916,15,23.394942733590238,18.70945668894445,0.22500000000000064,0.025000000000000463
225,success,0,0.615000000000001,11.543297984091579,1.9922954334245557,10.954383571293501,2.9764585676573274,15,23.394942733590238,18.70945668894445,0.22500000000000064,0.025000000000000463
225,success,0,0.625000000000001,12.577083573016719,2.6184671701469373,12.027354812496919,3.6480384401342287,15,23.394942733590238,18.70945668894445,0.22500000000000064,0.025000000000000463
225,success,0,0.635000000000001,13.355229975973717,2.8227243610210406,12.909144679697723,4.154542503117004,15,23.394942733590238,18.70945668894445,0.22500000000000064,0.025000000000000463
225,success,0,0.645000000000001,9.905030160150307,0.7454059123332809,13.307085046488341,4.306239507607641,15,23.394942733590238,18.70945668894445,0.22500000000000064,0.025000000000000463
225,success,0,0.655000000000001,8.486826051413933,0.33351978262206955,13.183587637205504,4.130411356784486,15,23.394942733590238,18.70945668894445,0.22500000000000064,0.025000000000000463
225,success,0,0.665000000000001,8.1106207446455,0.23847873662304092,12.67568573570288,3.7980062487808794,15,23.394942733590238,18.70945668894445,0.22500000000000064,0.025000000000000463
225,success,0,0.675000000000001,8.1106207446455,0.23847873662304092,11.928288438503435,3.4335938275934117,15,23.394942733590238,18.70945668894445,0.22500000000000064,0.025000000000000463
225,success,0,0.685000000000001,8.126425013107228,0.23216617404662165,11.039360733472517,3.0580501596881935,15,23.394942733590238,18.70945668894445,0.22500000000000064,0.025000000000000463
225,success,0,0.6950000000000011,8.588302660996812,0.319537714407903,10.136320118017935,2.711910781476813,15,23.394942733590238,18.70945668894445,0.22500000000000064,0.025000000000000463
225,success,0,0.7050000000000011,8.887473734002736,0.47614157054563605,9.438602897227284,2.5225979217646177,15,23.394942733590238,18.70945668894445,0.22500000000000064,0.025000000000000463
225,success,0,0.7150000000000011,8.25143748566953,0.2162105789854539,9.179723204112944,2.6089746440268593,15,23.394942733590238,18.70945668894445,0.22500000000000064,0.025000000000000463
225,success,0,0.7250000000000011,7.775242613347449,0.26975232807939925,9.439857287148962,2.9369155747530122,15,23.394942733590238,18.70945668894445,0.22500000000000064,0.025000000000000463
225,success,0,0.7350000000000011,7.775242613347449,0.26975232807939925,10.039778877700462,3.324000132607269,15,23.394942733590238,18.70945668894445,0.22500000000000064,0.025000000000000463
225,success,0,0.7450000000000011,7.775242613347449,0.26975232807939925,10.605300261310427,3.571980005240905,15,23.394942733590238,18.70945668894445,0.22500000000000064,0.025000000000000463
225,success,0,0.7550000000000011,5.929532471604211,0.4969451461748219,10.766232221989862,3.5752903589160807,15,23.394942733590238,18.70945668894445,0.22500000000000064,0.025000000000000463
225,success,0,0.7650000000000011,4.49059159401248,0.8327037851653649,10.361010094367064,3.3436017644731715,15,23.394942733590238,18.70945668894445,0.22500000000000064,0.025000000000000463
225,success,0,0.7750000000000011,5.074103670617052,0.8004669293240821,9.514622724413085,2.9478107461393206,15,23.394942733590238,18.70945668894445,0.22500000000000064,0.025000000000000463
225,success,0,0.7850000000000011,5.0368138362740975,0.8149561385426842,8.555956040226837,2.4759976640385686,15,23.394942733590238,18.70945668894445,0.22500000000000064,0.025000000000000463
225,success,0,0.7950000000000012,5.037797406574575,0.8145274720576671,7.833921734510993,2.0593439930167694,15,23.394942733590238,18.70945668894445,0.22500000000000064,0.025000000000000463
225,success,0,0.8050000000000012,5.079167179496295,0.7982119024729064,7.553708114498828,1.888975066624297,15,23.394942733590238,18.70945668894445,0.22500000000000064,0.025000000000000463
225,success,0,0.8150000000000012,5.183883159763599,0.7619293103092958,7.711150327361063,2.0225330247717603,15,23.394942733590238,18.70945668894445,0.22500000000000064,0.025000000000000463
225,success,0,0.8250000000000012,5.3875311576477225,0.7120185401904363,8.156279535344783,2.246677920478918,15,23.394942733590238,18.70945668894445,0.22500000000000064,0.025000000000000463
225,success,0,0.8350000000000012,5.47819120195448,0.6755947181892468,8.718787517815219,2.372436036332499,15,23.394942733590238,18.70945668894445,0.22500000000000064,0.025000000000000463
225,success,0,0.8450000000000012,5.6422177594180685,0.6354339226559644,9.299223595866843,2.431736245676601,15,23.394942733590238,18.70945668894445,0.22500000000000064,0.025000000000000463
225,success,0,0.8550000000000012,7.255626048509476,0.690175800179561,9.864106350366272,2.566515955292014,15,23.394942733590238,18.70945668894445,0.22500000000000064,0.025000000000000463
225,success,0,0.8650000000000012,7.149544116841341,0.747810510793684,10.38307371116442,2.7966209565862554,15,23.394942733590238,18.70945668894445,0.22500000000000064,0.025000000000000463
225,success,0,0.8750000000000012,7.103110835040376,0.7759337094676608,10.785707694315686,3.0044331713150405,15,23.394942733590238,18.70945668894445,0.22500000000000064,0.025000000000000463
225,success,0,0.8850000000000012,7.085940615177814,0.7867231617323699,10.994613879413771,3.09494516324779,15,23.394942733590238,18.70945668894445,0.22500000000000064,0.025000000000000463
225,success,0,0.8950000000000012,7.080494725198217,0.7901868545190205,10.999100131001342,3.061390346125433,15,23.394942733590238,18.70945668894445,0.22500000000000064,0.025000000000000463
225,success,0,0.9050000000000012,7.311403055639774,0.8534880392307577,10.905062010496641,2.963141228760762,15,23.394942733590238,18.70945668894445,0.22500000000000064,0.025000000000000463
225,success,0,0.9150000000000013,7.9993735306087554,1.142822613075189,10.912841512250361,2.892003247543232,15,23.394942733590238,18.70945668894445,0.22500000000000064,0.025000000000000463
225,success,0,0.9250000000000013,10.965128233914673,1.5704541089619302,11.208518542558313,2.93160768775089,15,23.394942733590238,18.70945668894445,0.22500000000000064,0.025000000000000463
225,success,0,0.9350000000000013,12.088653325189872,2.013256695385221,11.821585227830965,3.0840604483319725,15,23.394942733590238,18.70945668894445,0.22500000000000064,0.025000000000000463
225,success,0,0.9450000000000013,12.845605176507632,2.402187882470214,12.559944058968787,3.25782766950786,15,23.394942733590238,18.70945668894445,0.22500000000000064,0.025000000000000463
225,success,0,0.9550000000000013,15.153374324022185,3.049469073913162,13.09553902808164,3.379665860044219,15,23.394942733590238,18.70945668894445,0.22500000000000064,0.025000000000000463
225,success,0,0.9650000000000013,14.933526844330911,3.158656634186905,13.165596071968093,3.4790109390926123,15,23.394942733590238,18.70945668894445,0.22500000000000064,0.025000000000000463
225,success,0,0.9750000000000013,14.149399109374281,3.3737637584828786,12.755016405574283,3.6372026657728656,15,23.394942733590238,18.70945668894445,0.22500000000000064,0.025000000000000463
225,success,0,0.9850000000000013,12.9344824684074,3.704154244213486,12.125484466194889,3.858872623383604,15,23.394942733590238,18.70945668894445,0.22500000000000064,0.025000000000000463
225,success,0,0.9950000000000013,11.66864135996873,4.029780560711465,11.66864135996873,4.029780560711465,15,23.394942733590238,18.70945668894445,0.22500000000000064,0.025000000000000463
225,success,1,-0.495,7.816758151213541,4.23394955046188,7.816758151213541,4.23394955046188,15,47.76709141229447,38.909314213184345,0.2950000000000007,0.3050000000000007
225,success,1,-0.485,7.274788117965976,4.027617482349099,7.2899911972275815,4.025710177166261,15,47.76709141229447,38.909314213184345,0.2950000000000007,0.3050000000000007
225,success,1,-0.475,6.306173814815546,3.658486613353538,6.365096188700181,3.6517430563893627,15,47.76709141229447,38.909314213184345,0.2950000000000007,0.3050000000000007
225,success,1,-0.46499999999999997,5.118550613426088,3.1652415441477224,5.2778776682756146,3.1502931625132606,15,47.76709141229447,38.909314213184345,0.2950000000000007,0.3050000000000007
225,success,1,-0.45499999999999996,3.9723659556643485,2.581185699101808,4.326726915700802,2.560248294179295,15,47.76709141229447,38.909314213184345,0.2950000000000007,0.3050000000000007
225,success,1,-0.44499999999999995,3.0681185693914665,1.9896262054062424,3.8080947739465834,2.003220298903914,15,47.76709141229447,38.909314213184345,0.2950000000000007,0.3050000000000007
225,success,1,-0.43499999999999994,2.327809012915132,1.490091997812033,3.9481003554406504,1.7870427591993925,15,47.76709141229447,38.909314213184345,0.2950000000000007,0.3050000000000007
225,success,1,-0.42499999999999993,1.8875879865100855,1.2038400168373122,4.839374880849339,2.1949121885822596,15,47.76709141229447,38.909314213184345,0.2950000000000007,0.3050000000000007
225,success,1,-0.4149999999999999,1.8237818565171573,1.1741523100232647,6.394630248089902,3.0402727508248693,15,47.76709141229447,38.909314213184345,0.2950000000000007,0.3050000000000007
225,success,1,-0.4049999999999999,1.8364025651258074,1.1727567561738623,8.343331900266579,4.002380722235104,15,47.76709141229447,38.909314213184345,0.2950000000000007,0.3050000000000007
225,success,1,-0.3949999999999999,1.8827747384871627,1.1676547720330062,10.289359096647544,4.816492933797914,15,47.76709141229447,38.909314213184345,0.2950000000000007,0.3050000000000007
225,success,1,-0.3849999999999999,2.048733386914475,1.149613517304625,11.851489980141162,5.278068989623218,15,47.76709141229447,38.909314213184345,0.2950000000000007,0.3050000000000007
225,success,1,-0.3749999999999999,2.534204317143967,1.0980713479574762,12.835619720076773,5.330033451732012,15,47.76709141229447,38.909314213184345,0.2950000000000007,0.3050000000000007
225,success,1,-0.3649999999999999,3.8236423321881747,1.222949621872139,13.332655799162167,5.098979169653359,15,47.76709141229447,38.909314213184345,0.2950000000000007,0.3050000000000007
225,success,1,-0.35499999999999987,5.63238241737777,1.5508561469700253,13.653683454334962,4.786566526854339,15,47.76709141229447,38.909314213184345,0.2950000000000007,0.3050000000000007
225,success,1,-0.34499999999999986,7.932419217159003,1.9087861952173628,14.12472055387335,4.533609965774877,15,47.76709141229447,38.909314213184345,0.2950000000000007,0.3050000000000007
225,success,1,-0.33499999999999985,11.059611236839919,2.0899419577141827,14.89121989558395,4.4367507011633505,15,47.76709141229447,38.909314213184345,0.2950000000000007,0.3050000000000007
225,success,1,-0.32499999999999984,11.742495853147075,2.326234513080985,15.857583621280567,4.593905464828249,15,47.76709141229447,38.909314213184345,0.2950000000000007,0.3050000000000007
225,success,1,-0.31499999999999984,11.386827727518702,2.3764359662391987,16.801391109213522,4.991206113711933,15,47.76709141229447,38.909314213184345,0.2950000000000007,0.3050000000000007
225,success,1,-0.3049999999999998,11.153005366195757,2.3810957515669857,17.55786090875778,5.465437191371859,15,47.76709141229447,38.909314213184345,0.2950000000000007,0.3050000000000007
225,success,1,-0.2949999999999998,10.407103452977235,2.3576390396562648,18.12413842690136,5.880754285059122,15,47.76709141229447,38.909314213184345,0.2950000000000007,0.3050000000000007
225,success,1,-0.2849999999999998,9.832616238456628,2.2961036719863617,18.609747773733595,6.218976684733805,15,47.76709141229447,38.909314213184345,0.2950000000000007,0.3050000000000007
225,success,1,-0.2749999999999998,10.292298351700895,2.069405967620075,19.08973515600869,6.484377066007388,15,47.76709141229447,38.909314213184345,0.2950000000000007,0.3050000000000007
225,success,1,-0.2649999999999998,13.11396478230082,1.7474478620919436,19.52533707107897,6.632923962659772,15,47.76709141229447,38.909314213184345,0.2950000000000007,0.3050000000000007
225,success,1,-0.2549999999999998,16.20105142105071,1.4275015033420102,19.830276272122422,6.617027947508711,15,47.76709141229447,38.909314213184345,0.2950000000000007,0.3050000000000007
225,success,1,-0.24499999999999977,15.7112944379077,0.8947771810745707,19.973600480589734,6.430800822907468,15,47.76709141229447,38.909314213184345,0.2950000000000007,0.3050000000000007
225,success,1,-0.23499999999999976,15.243162657101179,0.4990897382444486,19.97844138258645,6.111463715635533,15,47.76709141229447,38.909314213184345,0.2950000000000007,0.3050000000000007
225,success,1,-0.22499999999999976,14.744010454409056,0.3051285306710115,19.814142894889436,5.727684832292601,15,47.76709141229447,38.909314213184345,0.2950000000000007,0.3050000000000007
225,success,1,-0.21499999999999975,14.015138826333342,0.7662844717083839,19.34981620974956,5.343443530719052,15,47.76709141229447,38.909314213184345,0.2950000000000007,0.3050000000000007
225,success,1,-0.20499999999999974,13.868282488732314,0.8978658619662447,18.47443422113952,4.9628251471404266,15,47.76709141229447,38.909314213184345,0.2950000000000007,0.3050000000000007
225,success,1,-0.19499999999999973,13.819756979547986,0.9419772873787414,17.30339145538993,4.550281133398946,15,47.76709141229447,38.909314213184345,0.2950000000000007,0.3050000000000007
225,success,1,-0.18499999999999972,13.870030821233499,0.8962815775849602,16.26540862448203,4.1275341000835635,15,47.76709141229447,38.909314213184345,0.2950000000000007,0.3050000000000007
225,success,1,-0.1749999999999997,14.021950667713769,0.7602677424487949,15.926170031220298,3.799631770240936,15,47.76709141229447,38.909314213184345,0.2950000000000007,0.3050000000000007
225,success,1,-0.1649999999999997,14.593186297975956,0.5635848896234583,16.653916947859717,3.680959752556553,15,47.76709141229447,38.909314213184345,0.2950000000000007,0.3050000000000007
225,success,1,-0.1549999999999997,14.906069412060244,0.34451640933944566,18.3803343817552,3.859379684017698,15,47.76709141229447,38.909314213184345,0.2950000000000007,0.3050000000000007
225,success,1,-0.14499999999999968,16.539361537446393,0.8731270748715763,20.635539898034825,4.417734685398648,15,47.76709141229447,38.909314213184345,0.2950000000000007,0.3050000000000007
225,success,1,-0.13499999999999968,18.546996122298452,1.5482551076227276,22.8181380900399,5.342016324057186,15,47.76709141229447,38.909314213184345,0.2950000000000007,0.3050000000000007
225,success,1,-0.12499999999999967,17.34086181858208,0.8614225834574011,24.47307655002846,6.444148770776777,15,47.76709141229447,38.909314213184345,0.2950000000000007,0.3050000000000007
225,success,1,-0.11499999999999966,15.994815123223924,0.333314865647505,25.419621994832262,7.447482025904961,15,47.76709141229447,38.909314213184345,0.2950000000000007,0.3050000000000007
225,success,1,-0.10499999999999965,15.701915520886294,0.29522275095470385,25.736827960400543,8.107113028363782,15,47.76709141229447,38.909314213184345,0.2950000000000007,0.3050000000000007
225,success,1,-0.09499999999999964,14.067769094768527,0.4455127626334156,25.70844022837388,8.3015798171718,15,47.76709141229447,38.909314213184345,0.2950000000000007,0.3050000000000007
225,success,1,-0.08499999999999963,12.94155737687225,0.8133049310382952,25.727002036505716,8.085194568174893,15,47.76709141229447,38.909314213184345,0.2950000000000007,0.3050000000000007
225,success,1,-0.07499999999999962,14.095969071774874,0.4347591466935168,26.080539247224692,7.6623555991186985,15,47.76709141229447,38.909314213184345,0.2950000000000007,0.3050000000000007
225,success,1,-0.06499999999999961,14.945688116439944,0.3642223050055506,26.704347366858112,7.264716374719597,15,47.76709141229447,38.909314213184345,0.2950000000000007,0.3050000000000007
225,success,1,-0.05499999999999961,14.810084278063993,0.3688647037472611,27.145916017227723,6.971531760411718,15,47.76709141229447,38.909314213184345,0.2950000000000007,0.3050000000000007
225,success,1,-0.0449999999999996,14.350155440739798,0.6182460741060852,26.910372599928337,6.6421815266900746,15,47.76709141229447,38.909314213184345,0.2950000000000007,0.3050000000000007
225,success,1,-0.034999999999999594,16.48755402055212,0.49578796029811356,25.946256465213626,6.104235739796878,15,47.76709141229447,38.909314213184345,0.2950000000000007,0.3050000000000007
225,success,1,-0.02499999999999958,19.09708908193593,0.7821583080300342,24.782099067572627,5.412122237905254,15,47.76709141229447,38.909314213184345,0.2950000000000007,0.3050000000000007
225,success,1,-0.014999999999999573,22.558618359554163,1.5386112578966615,24.129526247754114,4.872223472344737,15,47.76709141229447,38.909314213184345,0.2950000000000007,0.3050000000000007
225,success,1,-0.004999999999999565,23.06976820868322,1.6670994705023967,24.30930329611857,4.723110816478604,15,47.76709141229447,38.909314213184345,0.2950000000000007,0.3050000000000007
225,success,1,0.005000000000000444,23.557214706620396,2.4150453619172096,25.065579808984456,4.833931628559996,15,47.76709141229447,38.909314213184345,0.2950000000000007,0.3050000000000007
225,success,1,0.015000000000000454,24.34146624327596,3.195742536480735,25.889945457055234,4.991635927948051,15,47.76709141229447,38.909314213184345,0.2950000000000007,0.3050000000000007
225,success,1,0.025000000000000463,27.48006327047853,3.7308741903158755,26.455839227626303,5.270633433232679,15,47.76709141229447,38.909314213184345,0.2950000000000007,0.3050000000000007
225,success,1,0.03500000000000047,25.41065914489322,1.6762479921915445,26.728717146002737,5.875911937389385,15,47.76709141229447,38.909314213184345,0.2950000000000007,0.3050000000000007
225,success,1,0.04500000000000048,21.113664054199358,0.9461532871910548,26.739792307561352,6.700434379891769,15,47.76709141229447,38.909314213184345,0.2950000000000007,0.3050000000000007
225,success,1,0.055000000000000486,16.324856860239066,0.307064744146801,26.372894202179275,7.326827199173129,15,47.76709141229447,38.909314213184345,0.2950000000000007,0.3050000000000007
225,success,1,0.0650000000000005,14.037733396414572,0.6001741646858961,25.427317842828614,7.414072713365374,15,47.76709141229447,38.909314213184345,0.2950000000000007,0.3050000000000007
225,success,1,0.07500000000000051,13.073912174904976,0.9897049706730373,23.844561387418956,6.935504572471083,15,47.76709141229447,38.909314213184345,0.2950000000000007,0.3050000000000007
225,success,1,0.08500000000000052,14.152852959698572,0.46096833987721003,21.827083253895545,6.167034992321726,15,47.76709141229447,38.909314213184345,0.2950000000000007,0.3050000000000007
225,success,1,0.09500000000000053,14.76121111491115,0.34390893549170787,19.73635078560437,5.495913214898106,15,47.76709141229447,38.909314213184345,0.2950000000000007,0.3050000000000007
225,success,1,0.10500000000000054,14.868566654632895,0.3703722735524971,17.898063205068496,5.149492481716105,15,47.76709141229447,38.909314213184345,0.2950000000000007,0.3050000000000007
225,success,1,0.11500000000000055,12.246222395887797,0.4908280450840537,16.533779000540793,5.061771275168473,15,47.76709141229447,38.909314213184345,0.2950000000000007,0.3050000000000007
225,success,1,0.12500000000000056,9.499593651886721,0.8577188867850801,15.814524924199919,5.037934212439891,15,47.76709141229447,38.909314213184345,0.2950000000000007,0.3050000000000007
225,success,1,0.13500000000000056,12.272342216441398,0.6149725386605316,15.913327935870672,4.958883788936307,15,47.76709141229447,38.909314213184345,0.2950000000000007,0.3050000000000007
225,success,1,0.14500000000000057,14.1610695445119,0.34187357221464326,16.97313032354716,4.823393807340326,15,47.76709141229447,38.909314213184345,0.2950000000000007,0.3050000000000007
225,success,1,0.15500000000000058,14.62567183764399,0.38762010769065736,19.018010744419964,4.701739397225428,15,47.76709141229447,38.909314213184345,0.2950000000000007,0.3050000000000007
225,success,1,0.1650000000000006,20.35901433883136,0.6727481900717682,21.83900129785527,4.651796317813389,15,47.76709141229447,38.909314213184345,0.2950000000000007,0.3050000000000007
225,success,1,0.1750000000000006,25.392935338973448,0.9150866806545392,24.925696247268665,4.666794754038669,15,47.76709141229447,38.909314213184345,0.2950000000000007,0.3050000000000007
225,success,1,0.1850000000000006,30.921906269076043,1.2024837567023767,27.535328771145714,4.711790060976623,15,47.76709141229447,38.909314213184345,0.2950000000000007,0.3050000000000007
225,success,1,0.19500000000000062,33.3250637602094,1.6001077180301992,28.99908518644788,4.747381972251127,15,47.76709141229447,38.909314213184345,0.2950000000000007,0.3050000000000007
225,success,1,0.20500000000000063,35.808045362605235,2.0520523864471483,29.121608846813764,4.751855542392031,15,47.76709141229447,38.909314213184345,0.2950000000000007,0.3050000000000007
225,success,1,0.21500000000000064,31.67408673507018,1.2975888774107514,28.33608594033271,4.775227988677521,15,47.76709141229447,38.909314213184345,0.2950000000000007,0.3050000000000007
225,success,1,0.22500000000000064,28.847984827091494,1.1664851770122768,27.431214688286385,4.882665415015207,15,47.76709141229447,38.909314213184345,0.2950000000000007,0.3050000000000007
225,success,1,0.23500000000000065,23.538295061383913,1.9337295177146245,27.064870199593486,5.019409221174805,15,47.76709141229447,38.909314213184345,0.2950000000000007,0.3050000000000007
225,success,1,0.24500000000000066,26.205517068151206,1.397002770604838,27.498241373786264,5.038922457093825,15,47.76709141229447,38.909314213184345,0.2950000000000007,0.3050000000000007
225,success,1,0.25500000000000067,28.611594925758208,1.1695226626523125,28.714947141273065,4.886159850797845,15,47.76709141229447,38.909314213184345,0.2950000000000007,0.3050000000000007
225,success,1,0.2650000000000007,29.914432083991297,1.2486496244143608,30.64297701447497,4.713622060866834,15,47.76709141229447,38.909314213184345,0.2950000000000007,0.3050000000000007
225,success,1,0.2750000000000007,32.2163467923628,1.3414735922374388,33.149128330094655,4.765775045310911,15,47.76709141229447,38.909314213184345,0.2950000000000007,0.3050000000000007
225,success,1,0.2850000000000007,38.5413869330367,2.134795091738552,35.838532774093885,5.103288008460466,15,47.76709141229447,38.909314213184345,0.2950000000000007,0.3050000000000007
225,success,1,0.2950000000000007,47.76709141229447,3.7152731298364206,38.00136344076093,5.591344355045279,15,47.76709141229447,38.909314213184345,0.2950000000000007,0.3050000000000007
225,success,1,0.3050000000000007,43.04035989413118,2.8013316503052215,38.909314213184345,6.138497271087853,15,47.76709141229447,38.909314213184345,0.2950000000000007,0.3050000000000007
225,success,1,0.3150000000000007,36.96570166642117,1.8765291120027208,38.261172797437084,6.7436930764766645,15,47.76709141229447,38.909314213184345,0.2950000000000007,0.3050000000000007
225,success,1,0.32500000000000073,30.762365238896034,1.2276455116248175,36.35800201732278,7.39003372715015,15,47.76709141229447,38.909314213184345,0.2950000000000007,0.3050000000000007
225,success,1,0.33500000000000074,27.546312895233275,1.0290912339053808,33.878395425809536,8.00817571577534,15,47.76709141229447,38.909314213184345,0.2950000000000007,0.3050000000000007
225,success,1,0.34500000000000075,21.48144090280772,0.5701568379029595,31.500616260340678,8.538977170351451,15,47.76709141229447,38.909314213184345,0.2950000000000007,0.3050000000000007
225,success,1,0.35500000000000076,18.813921512082498,0.60793044725604,29.67804281714091,8.98982741936417,15,47.76709141229447,38.909314213184345,0.2950000000000007,0.3050000000000007
225,success,1,0.36500000000000077,14.889269735130396,0.883350007464191,28.632158834042382,9.400687401300672,15,47.76709141229447,38.909314213184345,0.2950000000000007,0.3050000000000007
225,success,1,0.3750000000000008,12.89090929354989,1.252218296123845,28.40314630358932,9.777501962465767,15,47.76709141229447,38.909314213184345,0.2950000000000007,0.3050000000000007
225,success,1,0.3850000000000008,14.022346220469112,1.1127519586106343,28.830320164355133,10.093924038196661,15,47.76709141229447,38.909314213184345,0.2950000000000007,0.3050000000000007
225,success,1,0.3950000000000008,15.03679530070941,1.2909656099158786,29.518503726698963,10.29600804920622,15,47.76709141229447,38.909314213184345,0.2950000000000007,0.3050000000000007
225,success,1,0.4050000000000008,15.497299737166955,1.508186697829771,29.9299745368696,10.258206646874955,15,47.76709141229447,38.909314213184345,0.2950000000000007,0.3050000000000007
225,success,1,0.4150000000000008,15.609816951326462,1.4716045149171528,29.621758621395326,9.829875318760743,15,47.76709141229447,38.909314213184345,0.2950000000000007,0.3050000000000007
225,success,1,0.4250000000000008,15.557324262765473,1.2516383503661699,28.476471682943345,8.967520066966904,15,47.76709141229447,38.909314213184345,0.2950000000000007,0.3050000000000007
225,success,1,0.43500000000000083,15.186736942729786,1.1994139797048655,26.737050568192522,7.789982372434838,15,47.76709141229447,38.909314213184345,0.2950000000000007,0.3050000000000007
225,success,1,0.44500000000000084,14.915173793331865,1.0691067465792514,24.878533471557116,6.532001265914233,15,47.76709141229447,38.909314213184345,0.2950000000000007,0.3050000000000007
225,success,1,0.45500000000000085,16.37545750442093,1.0013874396552063,23.451980650248068,5.481045255086138,15,47.76709141229447,38.909314213184345,0.2950000000000007,0.3050000000000007
225,success,1,0.46500000000000086,17.0572686849934,0.950466145977616,22.983770458638986,4.911163129979114,15,47.76709141229447,38.909314213184345,0.2950000000000007,0.3050000000000007
225,success,1,0.47500000000000087,17.610527627950727,0.6920321861694902,23.872009935542817,4.997307167865878,15,47.76709141229447,38.909314213184345,0.2950000000000007,0.3050000000000007
225,success,1,0.4850000000000009,19.033483525764918,0.5497243386262933,26.196047559612285,5.703008309152522,15,47.76709141229447,38.909314213184345,0.2950000000000007,0.3050000000000007
225,success,1,0.4950000000000009,21.047540198234284,0.578867490445592,29.519624536145734,6.704223772191594,15,47.76709141229447,38.909314213184345,0.2950000000000007,0.3050000000000007
225,success,1,0.5050000000000009,22.02607780486083,0.6115849411672766,32.91936995384931,7.525301525972173,15,47.76709141229447,38.909314213184345,0.2950000000000007,0.3050000000000007
225,success,1,0.5150000000000009,25.953857181604267,0.9516940440246899,35.37848750048039,7.813388720160523,15,47.76709141229447,38.909314213184345,0.2950000000000007,0.3050000000000007
225,success,1,0.5250000000000009,29.235833992379657,1.6186612382146086,36.331845247914046,7.515253826166578,15,47.76709141229447,38.909314213184345,0.2950000000000007,0.3050000000000007
225,success,1,0.5350000000000009,33.07752957609308,3.041744234632128,35.94424080844027,6.858110100104672,15,47.76709141229447,38.909314213184345,0.2950000000000007,0.3050000000000007
225,success,1,0.5450000000000009,30.751627403156466,2.5302239762699794,34.870109503116055,6.253962488291846,15,47.76709141229447,38.909314213184345,0.2950000000000007,0.3050000000000007
225,success,1,0.5550000000000009,28.25420647534505,2.2147317048085666,33.71656524705516,6.195924588117307,15,47.76709141229447,38.909314213184345,0.2950000000000007,0.3050000000000007
225,success,1,0.565000000000001,27.819397385816096,1.8500870378286458,32.689794289471735,6.858783845980378,15,47.76709141229447,38.909314213184345,0.2950000000000007,0.3050000000000007
225,success,1,0.575000000000001,26.795128584812982,1.4815224616688432,31.68646703176096,7.823947895927266,15,47.76709141229447,38.909314213184345,0.2950000000000007,0.3050000000000007
225,success,1,0.585000000000001,25.667779557085616,1.3333695978795104,30.651747618637415,8.587839915813348,15,47.76709141229447,38.909314213184345,0.2950000000000007,0.3050000000000007
225,success,1,0.595000000000001,24.309799305942164,1.4017971579221624,29.79617441013706,8.999742989522142,15,47.76709141229447,38.909314213184345,0.2950000000000007,0.3050000000000007
225,success,1,0.605000000000001,23.982871589728592,1.5660875426104286,29.462292234812413,9.211829285514105,15,47.76709141229447,38.909314213184345,0.2950000000000007,0.3050000000000007
225,success,1,0.615000000000001,23.861580756587554,1.6731652914216735,29.76307067396892,9.414115865153958,15,47.76709141229447,38.909314213184345,0.2950000000000007,0.3050000000000007
225,success,1,0.625000000000001,22.910431304705718,1.7891355291656386,30.38801137398844,9.608833631865565,15,47.76709141229447,38.909314213184345,0.2950000000000007,0.3050000000000007
225,success,1,0.635000000000001,22.254505358779575,1.936183826554459,30.786723181664307,9.56279083774073,15,47.76709141229447,38.909314213184345,0.2950000000000007,0.3050000000000007
225,success,1,0.645000000000001,22.913828852454685,1.5575515131667743,30.61241259552901,8.989578560391102,15,47.76709141229447,38.909314213184345,0.2950000000000007,0.3050000000000007
225,success,1,0.655000000000001,23.759794518766522,1.2293138647948738,29.99032678998628,7.822578303592467,15,47.76709141229447,38.909314213184345,0.2950000000000007,0.3050000000000007
225,success,1,0.665000000000001,24.80018858706787,1.016374193253729,29.38499536110382,6.340813358496275,15,47.76709141229447,38.909314213184345,0.2950000000000007,0.3050000000000007
225,success,1,0.675000000000001,26.34213106573401,0.9410575634603945,29.214519796595187,5.060240616911262,15,47.76709141229447,38.909314213184345,0.2950000000000007,0.3050000000000007
225,success,1,0.685000000000001,28.353853396201753,1.1258323244792263,29.562776949229516,4.404510317446705,15,47.76709141229447,38.909314213184345,0.2950000000000007,0.3050000000000007
225,success,1,0.6950000000000011,32.96303426707261,3.6167921570620147,30.174761429989413,4.3178615403112275,15,47.76709141229447,38.909314213184345,0.2950000000000007,0.3050000000000007
225,success,1,0.7050000000000011,32.36401500367236,3.5727907412034625,30.67661509897402,4.456787936088574,15,47.76709141229447,38.909314213184345,0.2950000000000007,0.3050000000000007
225,success,1,0.7150000000000011,31.045889329067855,3.4132796597689468,30.837531359043435,4.6581113785590755,15,47.76709141229447,38.909314213184345,0.2950000000000007,0.3050000000000007
225,success,1,0.7250000000000011,30.739177636518185,3.035007271220525,30.723606526648382,4.911082224806166,15,47.76709141229447,38.909314213184345,0.2950000000000007,0.3050000000000007
225,success,1,0.7350000000000011,30.14870419570435,2.597175036648357,30.655747487016132,5.174614633883911,15,47.76709141229447,38.909314213184345,0.2950000000000007,0.3050000000000007
225,success,1,0.7450000000000011,29.401189856899343,2.3305639376337663,30.972394289240878,5.402727863968202,15,47.76709141229447,38.909314213184345,0.2950000000000007,0.3050000000000007
225,success,1,0.7550000000000011,28.79800446918581,2.379313436137019,31.7369475620218,5.621172801307025,15,47.76709141229447,38.909314213184345,0.2950000000000007,0.3050000000000007
225,success,1,0.7650000000000011,29.225497124100098,2.555948662898086,32.5882357718629,5.861323430930673,15,47.76709141229447,38.909314213184345,0.2950000000000007,0.3050000000000007
225,success,1,0.7750000000000011,30.163154097297454,2.7379924330348557,32.90336148266881,6.0588547265732675,15,47.76709141229447,38.909314213184345,0.2950000000000007,0.3050000000000007
225,success,1,0.7850000000000011,32.23074657976584,3.107033637004569,32.2088855160501,6.08784964247783,15,47.76709141229447,38.909314213184345,0.2950000000000007,0.3050000000000007
225,success,1,0.7950000000000012,30.221850904540315,2.7915040021185495,30.556897126764937,5.8937719231476775,15,47.76709141229447,38.909314213184345,0.2950000000000007,0.3050000000000007
225,success,1,0.8050000000000012,25.256677297560493,2.7762999381947395,28.553161249343738,5.562387846745307,15,47.76709141229447,38.909314213184345,0.2950000000000007,0.3050000000000007
225,success,1,0.8150000000000012,24.51720303777021,2.6313862506499093,26.992570195308435,5.268491696569498,15,47.76709141229447,38.909314213184345,0.2950000000000007,0.3050000000000007
225,success,1,0.8250000000000012,24.607931180124297,2.500170889098205,26.401685333842583,5.163764430712063,15,47.76709141229447,38.909314213184345,0.2950000000000007,0.3050000000000007
225,success,1,0.8350000000000012,25.019927166181393,2.533748009480821,26.800920973349264,5.284850879620884,15,47.76709141229447,38.909314213184345,0.2950000000000007,0.3050000000000007
225,success,1,0.8450000000000012,25.511493693354584,2.7820244522418047,27.765787809989344,5.548662813592601,15,47.76709141229447,38.909314213184345,0.2950000000000007,0.3050000000000007
225,success,1,0.8550000000000012,26.87272587197617,3.2782175462896417,28.676952497492998,5.853156923034975,15,47.76709141229447,38.909314213184345,0.2950000000000007,0.3050000000000007
225,success,1,0.8650000000000012,26.70017294885799,3.782615972504313,29.02898972190187,6.167482492069927,15,47.76709141229447,38.909314213184345,0.2950000000000007,0.3050000000000007
225,success,1,0.8750000000000012,25.30114436727911,4.577436397755604,28.66497947443852,6.539435887329593,15,47.76709141229447,38.909314213184345,0.2950000000000007,0.3050000000000007
225,success,1,0.8850000000000012,26.09380081907412,5.335773917896997,27.793340161757595,7.042611493716262,15,47.76709141229447,38.909314213184345,0.2950000000000007,0.3050000000000007
225,success,1,0.8950000000000012,26.958536580248694,6.164614971042011,26.75975470843201,7.671653103558613,15,47.76709141229447,38.909314213184345,0.2950000000000007,0.3050000000000007
225,success,1,0.9050000000000012,23.875065245512264,7.189025013834101,25.76893554758882,8.253802921046441,15,47.76709141229447,38.909314213184345,0.2950000000000007,0.3050000000000007
225,success,1,0.9150000000000013,22.14957079349636,7.789282888042519,24.80253078114217,8.514921504387738,15,47.76709141229447,38.909314213184345,0.2950000000000007,0.3050000000000007
225,success,1,0.9250000000000013,21.998400365770042,7.724589764748249,23.787344984520303,8.289532808827174,15,47.76709141229447,38.909314213184345,0.2950000000000007,0.3050000000000007
225,success,1,0.9350000000000013,23.108636974513338,7.106082399820031,22.801486936222886,7.6779601629634975,15,47.76709141229447,38.909314213184345,0.2950000000000007,0.3050000000000007
225,success,1,0.9450000000000013,24.107011864292733,6.376395710469349,22.10008810968003,7.001924671089261,15,47.76709141229447,38.909314213184345,0.2950000000000007,0.3050000000000007
225,success,1,0.9550000000000013,24.89864197824801,5.929123374208301,21.95861382610667,6.606191150052167,15,47.76709141229447,38.909314213184345,0.2950000000000007,0.3050000000000007
225,success,1,0.9650000000000013,25.917066305918986,5.974531656584538,22.486196871101587,6.675448588133293,15,47.76709141229447,38.909314213184345,0.2950000000000007,0.3050000000000007
225,success,1,0.9750000000000013,28.128939085024918,6.2614595501523205,23.51931016530087,7.153538480446901,15,47.76709141229447,38.909314213184345,0.2950000000000007,0.3050000000000007
225,success,1,0.9850000000000013,27.13412315275304,7.19192839153382,24.64957238048061,7.774929451297078,15,47.76709141229447,38.909314213184345,0.2950000000000007,0.3050000000000007
225,success,1,0.9950000000000013,25.383220139191085,8.201620627107603,25.383220139191085,8.201620627107603,15,47.76709141229447,38.909314213184345,0.2950000000000007,0.3050000000000007
225,success,2,-0.495,1.4589721915088987,1.4059007819785767,2.4173287337918845,1.6216213544528388,15,24.06795277787424,21.682802284236082,0.8250000000000012,0.675000000000001
225,success,2,-0.485,1.827599119201153,1.7611185777097702,2.9706477427294553,2.0040807250668617,15,24.06795277787424,21.682802284236082,0.8250000000000012,0.675000000000001
225,success,2,-0.475,2.439855334807039,2.3511034295809585,3.874738942493976,2.6342712253385225,15,24.06795277787424,21.682802284236082,0.8250000000000012,0.675000000000001
225,success,2,-0.46499999999999997,3.0940344986834676,2.981486245237491,4.811725382464281,3.2969299481431995,15,24.06795277787424,21.682802284236082,0.8250000000000012,0.675000000000001
225,success,2,-0.45499999999999996,3.585318210917589,3.4548990760118445,5.472064982894154,3.7782931293149677,15,24.06795277787424,21.682802284236082,0.8250000000000012,0.675000000000001
225,success,2,-0.44499999999999995,3.7705607486754253,3.6334032519002766,5.652244011772747,3.9339382421290203,15,24.06795277787424,21.682802284236082,0.8250000000000012,0.675000000000001
225,success,2,-0.43499999999999994,3.6044376557573785,3.4733230340610057,5.299894810796387,3.722754426595379,15,24.06795277787424,21.682802284236082,0.8250000000000012,0.675000000000001
225,success,2,-0.42499999999999993,3.1504437778662107,3.0358435867793103,4.521723883889622,3.215500421671117,15,24.06795277787424,21.682802284236082,0.8250000000000012,0.675000000000001
225,success,2,-0.4149999999999999,2.5693720573336245,2.475908866270681,3.5599054673928276,2.580854202631449,15,24.06795277787424,21.682802284236082,0.8250000000000012,0.675000000000001
225,success,2,-0.4049999999999999,2.0719772145887,1.996607202786619,2.7202214462190732,2.036748874297479,15,24.06795277787424,21.682802284236082,0.8250000000000012,0.675000000000001
225,success,2,-0.3949999999999999,1.8301110919599328,1.7635391752279617,2.2562533464411714,1.763086544454001,15,24.06795277787424,21.682802284236082,0.8250000000000012,0.675000000000001
225,success,2,-0.3849999999999999,1.8831557370771244,1.8146542742573062,2.2624805531620007,1.8039467143998493,15,24.06795277787424,21.682802284236082,0.8250000000000012,0.675000000000001
225,success,2,-0.3749999999999999,2.1067445332119137,2.030109829309695,2.644048827580658,2.0409200816005617,15,24.06795277787424,21.682802284236082,0.8250000000000012,0.675000000000001
225,success,2,-0.3649999999999999,2.280819941790803,2.197853090263278,3.1784684582125107,2.2893254380792314,15,24.06795277787424,21.682802284236082,0.8250000000000012,0.675000000000001
225,success,2,-0.35499999999999987,2.2218975679061668,2.141074070071831,3.6240710982224997,2.431101886886729,15,24.06795277787424,21.682802284236082,0.8250000000000012,0.675000000000001
225,success,2,-0.34499999999999986,1.88849510447775,1.819799417425558,3.818256190962304,2.462103328388889,15,24.06795277787424,21.682802284236082,0.8250000000000012,0.675000000000001
225,success,2,-0.33499999999999985,1.384670801452751,1.3343021709906604,3.7307387864933466,2.3976611263943433,15,24.06795277787424,21.682802284236082,0.8250000000000012,0.675000000000001
225,success,2,-0.32499999999999984,0.872136930777301,0.8404121751656594,3.488169943332038,2.1953091331277785,15,24.06795277787424,21.682802284236082,0.8250000000000012,0.675000000000001
225,success,2,-0.31499999999999984,0.4757762712075743,0.45370784797697933,3.3700915286813897,1.8815846739526383,15,24.06795277787424,21.682802284236082,0.8250000000000012,0.675000000000001
225,success,2,-0.3049999999999998,0.22398514523947527,0.21028238883222328,3.7412244175528615,1.808075668608042,15,24.06795277787424,21.682802284236082,0.8250000000000012,0.675000000000001
225,success,2,-0.2949999999999998,0.1147388856255881,0.08319702512499966,4.903726068043666,2.4754850142204203,15,24.06795277787424,21.682802284236082,0.8250000000000012,0.675000000000001
225,success,2,-0.2849999999999998,0.14187675883636328,0.02796301672185015,6.9127401752708595,3.719630378024814,15,24.06795277787424,21.682802284236082,0.8250000000000012,0.675000000000001
225,success,2,-0.2749999999999998,0.23202124182785427,0.029000781044905336,9.46020956211576,5.076021223444853,15,24.06795277787424,21.682802284236082,0.8250000000000012,0.675000000000001
225,success,2,-0.2649999999999998,0.39000150172194564,0.024580700075786974,11.931884614298557,6.119864784487919,15,24.06795277787424,21.682802284236082,0.8250000000000012,0.675000000000001
225,success,2,-0.2549999999999998,1.0194700044733478,0.05266642073682997,13.644325626461333,6.52239238905485,15,24.06795277787424,21.682802284236082,0.8250000000000012,0.675000000000001
225,success,2,-0.24499999999999977,2.381213313903818,0.1293229988730734,14.15714534524711,6.17109751595614,15,24.06795277787424,21.682802284236082,0.8250000000000012,0.675000000000001
225,success,2,-0.23499999999999976,3.5679744030043543,0.23792621222399668,13.474696660837628,5.2467142669906,15,24.06795277787424,21.682802284236082,0.8250000000000012,0.675000000000001
225,success,2,-0.22499999999999976,3.5679744030043543,0.23792621222399668,12.015843028633364,4.172798318073527,15,24.06795277787424,21.682802284236082,0.8250000000000012,0.675000000000001
225,success,2,-0.21499999999999975,3.5679744030043543,0.23792621222399668,10.379832503298413,3.3962770418721697,15,24.06795277787424,21.682802284236082,0.8250000000000012,0.675000000000001
225,success,2,-0.20499999999999974,3.5679744030043543,0.23792621222399668,9.07956902911403,3.0360780975475614,15,24.06795277787424,21.682802284236082,0.8250000000000012,0.675000000000001
225,success,2,-0.19499999999999973,3.5679744030043543,0.23792621222399668,8.403268247754154,2.859119297219063,15,24.06795277787424,21.682802284236082,0.8250000000000012,0.675000000000001
225,success,2,-0.18499999999999972,3.5679744030043543,0.23792621222399668,8.425942718693344,2.70593002798022,15,24.06795277787424,21.682802284236082,0.8250000000000012,0.675000000000001
225,success,2,-0.1749999999999997,5.103761847318098,0.39434510567999775,9.076072147190677,2.6189996793595687,15,24.06795277787424,21.682802284236082,0.8250000000000012,0.675000000000001
225,success,2,-0.1649999999999997,8.145781824665816,0.7686575051978932,10.176079815640113,2.666580270191019,15,24.06795277787424,21.682802284236082,0.8250000000000012,0.675000000000001
225,success,2,-0.1549999999999997,9.749606654129243,1.1045209294512535,11.459750165085618,2.8452676012489975,15,24.06795277787424,21.682802284236082,0.8250000000000012,0.675000000000001
225,success,2,-0.14499999999999968,11.422256768843932,1.9549035031300084,12.623249367096737,3.1070244403667853,15,24.06795277787424,21.682802284236082,0.8250000000000012,0.675000000000001
225,success,2,-0.13499999999999968,12.742416324185143,1.753494093396028,13.434965491564608,3.37742402293494,15,24.06795277787424,21.682802284236082,0.8250000000000012,0.675000000000001
225,success,2,-0.12499999999999967,9.58200971615245,1.1491625091480089,13.843866968521665,3.6071928216646327,15,24.06795277787424,21.682802284236082,0.8250000000000012,0.675000000000001
225,success,2,-0.11499999999999966,7.565654450474695,0.6663822677340167,13.975644309762933,3.84393136775966,15,24.06795277787424,21.682802284236082,0.8250000000000012,0.675000000000001
225,success,2,-0.10499999999999965,7.165087598801074,0.5723652346772674,13.998918133041785,4.187621321778052,15,24.06795277787424,21.682802284236082,0.8250000000000012,0.675000000000001
225,success,2,-0.09499999999999964,5.711879117390147,0.4466553020906528,13.985195591343095,4.629798767822248,15,24.06795277787424,21.682802284236082,0.8250000000000012,0.675000000000001
225,success,2,-0.08499999999999963,5.232841629678887,0.5979176343056795,13.911416620450428,4.996417708510804,15,24.06795277787424,21.682802284236082,0.8250000000000012,0.675000000000001
225,success,2,-0.07499999999999962,5.410326980619149,0.5477605654313105,13.795017413200307,5.105156582499817,15,24.06795277787424,21.682802284236082,0.8250000000000012,0.675000000000001
225,success,2,-0.06499999999999961,5.516026531186929,0.49555770310874114,13.800608716393153,4.956096470902825,15,24.06795277787424,21.682802284236082,0.8250000000000012,0.675000000000001
225,success,2,-0.05499999999999961,5.734495227232307,0.4458343410590943,14.15044641759757,4.745380502383249,15,24.06795277787424,21.682802284236082,0.8250000000000012,0.675000000000001
225,success,2,-0.0449999999999996,6.36790481563755,0.6277944346903669,14.903772670798613,4.6632003670590825,15,24.06795277787424,21.682802284236082,0.8250000000000012,0.675000000000001
225,success,2,-0.034999999999999594,6.878690353811813,1.0306741234833865,15.813902754985653,4.720630982932674,15,24.06795277787424,21.682802284236082,0.8250000000000012,0.675000000000001
225,success,2,-0.02499999999999958,7.376085196556738,1.4760016386666714,16.449375222467697,4.841599456323251,15,24.06795277787424,21.682802284236082,0.8250000000000012,0.675000000000001
225,success,2,-0.014999999999999573,8.057408802182463,1.7700554451989408,16.491528986484948,4.9432685331974024,15,24.06795277787424,21.682802284236082,0.8250000000000012,0.675000000000001
225,success,2,-0.004999999999999565,8.520430802550228,1.3409167320873299,15.961458396297123,4.913291494316205,15,24.06795277787424,21.682802284236082,0.8250000000000012,0.675000000000001
225,success,2,0.005000000000000444,7.335716232731036,0.8493257172522827,15.171100771555775,4.783021837951369,15,24.06795277787424,21.682802284236082,0.8250000000000012,0.675000000000001
225,success,2,0.015000000000000454,6.116511503367214,0.4723534142623901,14.434341615125385,4.861130827367175,15,24.06795277787424,21.682802284236082,0.8250000000000012,0.675000000000001
225,success,2,0.025000000000000463,4.6709202395389875,0.2610352665635618,13.782247282343004,5.27585436732301,15,24.06795277787424,21.682802284236082,0.8250000000000012,0.675000000000001
225,success,2,0.03500000000000047,3.602717621566381,0.2386613599885827,12.948680041206972,5.59941548941887,15,24.06795277787424,21.682802284236082,0.8250000000000012,0.675000000000001
225,success,2,0.04500000000000048,2.622291665510716,0.17036734682712384,11.656021831529273,5.365297549851212,15,24.06795277787424,21.682802284236082,0.8250000000000012,0.675000000000001
225,success,2,0.055000000000000486,1.523881714554671,0.29336831347263786,9.931857742256659,4.526835987468411,15,24.06795277787424,21.682802284236082,0.8250000000000012,0.675000000000001
225,success,2,0.0650000000000005,1.0452145322731057,0.35738339483196574,8.16186521878941,3.4760845171627373,15,24.06795277787424,21.682802284236082,0.8250000000000012,0.675000000000001
225,success,2,0.07500000000000051,0.8774272109976717,0.38128285593103123,6.843812480136797,2.8667929943699733,15,24.06795277787424,21.682802284236082,0.8250000000000012,0.675000000000001
225,success,2,0.08500000000000052,0.8304896796836482,0.3881567284817365,6.295136583794636,2.9790003758238472,15,24.06795277787424,21.682802284236082,0.8250000000000012,0.675000000000001
225,success,2,0.09500000000000053,0.8195620684769993,0.3897800698563169,6.560232246648054,3.2916074768857677,15,24.06795277787424,21.682802284236082,0.8250000000000012,0.675000000000001
225,success,2,0.10500000000000054,0.8168854007745203,0.3901798977933588,7.505950166968863,3.4624662727587388,15,24.06795277787424,21.682802284236082,0.8250000000000012,0.675000000000001
225,success,2,0.11500000000000055,0.8168854007745203,0.3901798977933588,8.915675920548345,3.7331779867057233,15,24.06795277787424,21.682802284236082,0.8250000000000012,0.675000000000001
225,success,2,0.12500000000000056,0.8168854007745203,0.3901798977933588,10.476811606878536,4.415957086167214,15,24.06795277787424,21.682802284236082,0.8250000000000012,0.675000000000001
225,success,2,0.13500000000000056,0.8168854007745203,0.3901798977933588,11.77696609505727,5.299555664980502,15,24.06795277787424,21.682802284236082,0.8250000000000012,0.675000000000001
225,success,2,0.14500000000000057,0.8168854007745203,0.3901798977933588,12.434234219358709,5.949123603768861,15,24.06795277787424,21.682802284236082,0.8250000000000012,0.675000000000001
225,success,2,0.15500000000000058,0.8168854007745203,0.3901798977933588,12.306279818769278,6.154421258840908,15,24.06795277787424,21.682802284236082,0.8250000000000012,0.675000000000001
225,success,2,0.1650000000000006,0.8168854007745203,0.3901798977933588,11.575098349417264,5.9785036588987435,15,24.06795277787424,21.682802284236082,0.8250000000000012,0.675000000000001
225,success,2,0.1750000000000006,0.8168854007745203,0.3901798977933588,10.626121657378375,5.599151113213045,15,24.06795277787424,21.682802284236082,0.8250000000000012,0.675000000000001
225,success,2,0.1850000000000006,0.8195620684769993,0.3897800698563169,9.822023752322488,5.161428416657801,15,24.06795277787424,21.682802284236082,0.8250000000000012,0.675000000000001
225,success,2,0.19500000000000062,0.8285225390826941,0.38845090109781794,9.339762207815555,4.757552147604272,15,24.06795277787424,21.682802284236082,0.8250000000000012,0.675000000000001
225,success,2,0.20500000000000063,0.8701956690414321,0.3823714050169496,9.131026191189159,4.435344097959459,15,24.06795277787424,21.682802284236082,0.8250000000000012,0.675000000000001
225,success,2,0.21500000000000064,0.8807229835240004,0.38085658472496625,9.00467974560314,4.158019288519083,15,24.06795277787424,21.682802284236082,0.8250000000000012,0.675000000000001
225,success,2,0.22500000000000064,1.0644530410139967,0.3552118809078646,8.77386222694741,3.832159980783603,15,24.06795277787424,21.682802284236082,0.8250000000000012,0.675000000000001
225,success,2,0.23500000000000065,1.5992900483221573,0.2894346146657014,8.397135354175337,3.4127049163572765,15,24.06795277787424,21.682802284236082,0.8250000000000012,0.675000000000001
225,success,2,0.24500000000000066,2.673862698194622,0.20775712587502204,8.033412412299501,2.9397249533414764,15,24.06795277787424,21.682802284236082,0.8250000000000012,0.675000000000001
225,success,2,0.25500000000000067,3.675987206019984,0.22655804222462894,7.971458512859004,2.537034631944356,15,24.06795277787424,21.682802284236082,0.8250000000000012,0.675000000000001
225,success,2,0.2650000000000007,3.83728186068191,0.20275983821233867,8.454594080438993,2.438540388904339,15,24.06795277787424,21.682802284236082,0.8250000000000012,0.675000000000001
225,success,2,0.2750000000000007,3.83728186068191,0.20275983821233867,9.47410865800271,2.7931279931718622,15,24.06795277787424,21.682802284236082,0.8250000000000012,0.675000000000001
225,success,2,0.2850000000000007,3.83728186068191,0.20275983821233867,10.690139438874397,3.3948889414313155,15,24.06795277787424,21.682802284236082,0.8250000000000012,0.675000000000001
225,success,2,0.2950000000000007,3.83728186068191,0.20275983821233867,11.58477608766974,3.894794428234195,15,24.06795277787424,21.682802284236082,0.8250000000000012,0.675000000000001
225,success,2,0.3050000000000007,3.83728186068191,0.20275983821233867,11.78472933610286,4.020036925959805,15,24.06795277787424,21.682802284236082,0.8250000000000012,0.675000000000001
225,success,2,0.3150000000000007,5.0892648476328315,0.27746482734402894,11.326915531141847,3.6554780865087317,15,24.06795277787424,21.682802284236082,0.8250000000000012,0.675000000000001
225,success,2,0.32500000000000073,6.900905645594952,0.3898018527441147,10.643631055262606,2.910859379741763,15,24.06795277787424,21.682802284236082,0.8250000000000012,0.675000000000001
225,success,2,0.33500000000000074,6.9520465528625595,0.4008817575086427,10.27029611487884,2.155507883569835,15,24.06795277787424,21.682802284236082,0.8250000000000012,0.675000000000001
225,success,2,0.34500000000000075,10.867666222881079,1.1239963764044754,10.502124318393365,1.9387977709117856,15,24.06795277787424,21.682802284236082,0.8250000000000012,0.675000000000001
225,success,2,0.35500000000000076,17.654730622627643,2.8305081936479386,11.268740592123072,2.367593591858028,15,24.06795277787424,21.682802284236082,0.8250000000000012,0.675000000000001
225,success,2,0.36500000000000077,13.255453105516779,1.5405542947392004,12.300562620189433,3.0800378967717004,15,24.06795277787424,21.682802284236082,0.8250000000000012,0.675000000000001
225,success,2,0.3750000000000008,9.172817600099778,0.7906023590776021,13.389670093965231,3.9839216550377397,15,24.06795277787424,21.682802284236082,0.8250000000000012,0.675000000000001
225,success,2,0.3850000000000008,6.2396128835355,0.4040665197364174,14.483730498200748,5.088049062864276,15,24.06795277787424,21.682802284236082,0.8250000000000012,0.675000000000001
225,success,2,0.3950000000000008,5.046384098002764,0.2870468114066407,15.55629680454411,6.228745441446756,15,24.06795277787424,21.682802284236082,0.8250000000000012,0.675000000000001
225,success,2,0.4050000000000008,4.267791795102022,0.37697493066687876,16.47653942372953,7.125577886565591,15,24.06795277787424,21.682802284236082,0.8250000000000012,0.675000000000001
225,success,2,0.4150000000000008,3.726424620706084,0.5470194954718262,17.102210364579857,7.607507143689133,15,24.06795277787424,21.682802284236082,0.8250000000000012,0.675000000000001
225,success,2,0.4250000000000008,4.2287642325288175,0.45484890218099616,17.502565579311405,7.775048018502503,15,24.06795277787424,21.682802284236082,0.8250000000000012,0.675000000000001
225,success,2,0.43500000000000083,4.54825717357438,0.3984038250511185,17.999915664941316,7.954246261462779,15,24.06795277787424,21.682802284236082,0.8250000000000012,0.675000000000001
225,success,2,0.44500000000000084,4.548639554674734,0.3980920635668336,18.87971877782203,8.38062423977785,15,24.06795277787424,21.682802284236082,0.8250000000000012,0.675000000000001
225,success,2,0.45500000000000085,4.55038788717592,0.39666785870322974,20.015352480860653,8.877117625876389,15,24.06795277787424,21.682802284236082,0.8250000000000012,0.675000000000001
225,success,2,0.46500000000000086,4.556817347455994,0.3914481684706496,20.807664376652706,8.988113156889991,15,24.06795277787424,21.682802284236082,0.8250000000000012,0.675000000000001
225,success,2,0.47500000000000087,4.577685124796969,0.37471177351805773,20.56140547945572,8.414585861859685,15,24.06795277787424,21.682802284236082,0.8250000000000012,0.675000000000001
225,success,2,0.4850000000000009,4.634859166180419,0.3307870493001655,18.991808123622352,7.262146283409418,15,24.06795277787424,21.682802284236082,0.8250000000000012,0.675000000000001
225,success,2,0.4950000000000009,4.766506602308544,0.24728179710807444,16.437782437427437,5.914225206763641,15,24.06795277787424,21.682802284236082,0.8250000000000012,0.675000000000001
225,success,2,0.5050000000000009,4.766506602308544,0.24728179710807444,13.65825131302981,4.699109106786735,15,24.06795277787424,21.682802284236082,0.8250000000000012,0.675000000000001
225,success,2,0.5150000000000009,4.856784265514948,0.31118285939715085,11.421637094868673,3.736837994610394,15,24.06795277787424,21.682802284236082,0.8250000000000012,0.675000000000001
225,success,2,0.5250000000000009,4.603845996245787,0.4140210573559878,10.181159478286062,3.0817057736844258,15,24.06795277787424,21.682802284236082,0.8250000000000012,0.675000000000001
225,success,2,0.5350000000000009,4.472198560117662,0.4831907013677185,9.984450011578486,2.7966909538674734,15,24.06795277787424,21.682802284236082,0.8250000000000012,0.675000000000001
225,success,2,0.5450000000000009,5.6167250737550765,0.8154478686535871,10.576113987851118,2.8410927363079876,15,24.06795277787424,21.682802284236082,0.8250000000000012,0.675000000000001
225,success,2,0.5550000000000009,6.106642834588366,1.185604859677043,11.572916989730416,3.1113035838975023,15,24.06795277787424,21.682802284236082,0.8250000000000012,0.675000000000001
225,success,2,0.565000000000001,7.126465578435711,1.4264380526674942,12.601063976247984,3.5732115298818274,15,24.06795277787424,21.682802284236082,0.8250000000000012,0.675000000000001
225,success,2,0.575000000000001,5.587297122532489,0.8291705730361059,13.37429492149545,4.1646353976446,15,24.06795277787424,21.682802284236082,0.8250000000000012,0.675000000000001
225,success,2,0.585000000000001,4.622136861721656,0.5813740372440411,13.765548626448702,4.686548250606153,15,24.06795277787424,21.682802284236082,0.8250000000000012,0.675000000000001
225,success,2,0.595000000000001,4.384230616110792,0.532586005239218,13.879233099302956,4.968917231942534,15,24.06795277787424,21.682802284236082,0.8250000000000012,0.675000000000001
225,success,2,0.605000000000001,3.1388057637271625,0.47983380203802434,14.04048124422329,5.085788589708541,15,24.06795277787424,21.682802284236082,0.8250000000000012,0.675000000000001
225,success,2,0.615000000000001,2.32557876113372,0.5535481605382226,14.611924333818056,5.3084831772600936,15,24.06795277787424,21.682802284236082,0.8250000000000012,0.675000000000001
225,success,2,0.625000000000001,2.2644883541720877,0.5586007933175653,15.740432577422435,5.794620290810189,15,24.06795277787424,21.682802284236082,0.8250000000000012,0.675000000000001
225,success,2,0.635000000000001,2.939807396357766,0.47817359001823356,17.258743826246196,6.403886126574362,15,24.06795277787424,21.682802284236082,0.8250000000000012,0.675000000000001
225,success,2,0.645000000000001,3.9898396248272077,0.47371695123668084,18.834733315810755,6.888344962406883,15,24.06795277787424,21.682802284236082,0.8250000000000012,0.675000000000001
225,success,2,0.655000000000001,7.761417514363134,0.9587603204112319,20.192719960318982,7.137895647784707,15,24.06795277787424,21.682802284236082,0.8250000000000012,0.675000000000001
225,success,2,0.665000000000001,11.229204641906705,1.3841698601453531,21.182154287140175,7.214423863483613,15,24.06795277787424,21.682802284236082,0.8250000000000012,0.675000000000001
225,success,2,0.675000000000001,13.312483343375442,1.9126483654395545,21.682802284236082,7.200259917757717,15,24.06795277787424,21.682802284236082,0.8250000000000012,0.675000000000001
225,success,2,0.685000000000001,11.82514307391323,1.4574707445022603,21.528651167568942,7.0583403305031265,15,24.06795277787424,21.682802284236082,0.8250000000000012,0.675000000000001
225,success,2,0.6950000000000011,10.374925562091146,1.1761044051580842,20.607195345797635,6.677669399047416,15,24.06795277787424,21.682802284236082,0.8250000000000012,0.675000000000001
225,success,2,0.7050000000000011,10.265089256690857,1.1582327803642931,19.02603423089096,6.019888833306372,15,24.06795277787424,21.682802284236082,0.8250000000000012,0.675000000000001
225,success,2,0.7150000000000011,10.265089256690857,1.1582327803642931,17.14495874358148,5.1847872263912755,15,24.06795277787424,21.682802284236082,0.8250000000000012,0.675000000000001
225,success,2,0.7250000000000011,10.265089256690857,1.1582327803642931,15.409906002184757,4.392882542651586,15,24.06795277787424,21.682802284236082,0.8250000000000012,0.675000000000001
225,success,2,0.7350000000000011,8.816796164327569,1.109250596839772,14.130876660873115,3.9181270712595824,15,24.06795277787424,21.682802284236082,0.8250000000000012,0.675000000000001
225,success,2,0.7450000000000011,7.671245466388114,1.3070368177089509,13.389512715265186,3.841991601409483,15,24.06795277787424,21.682802284236082,0.8250000000000012,0.675000000000001
225,success,2,0.7550000000000011,8.645006515082125,1.1470756158315931,13.121668090322922,3.9085101996775973,15,24.06795277787424,21.682802284236082,0.8250000000000012,0.675000000000001
225,success,2,0.7650000000000011,10.148604223699282,1.1713035025797056,13.259621124540624,3.895110054484066,15,24.06795277787424,21.682802284236082,0.8250000000000012,0.675000000000001
225,success,2,0.7750000000000011,10.695728760226912,1.4383321283332142,13.781560356028196,3.855330638223339,15,24.06795277787424,21.682802284236082,0.8250000000000012,0.675000000000001
225,success,2,0.7850000000000011,9.223568623805486,1.2068842609388581,14.654241607073805,3.9181013945659466,15,24.06795277787424,21.682802284236082,0.8250000000000012,0.675000000000001
225,success,2,0.7950000000000012,12.719142101272135,1.7305668445937383,15.77848957534141,4.083583221114165,15,24.06795277787424,21.682802284236082,0.8250000000000012,0.675000000000001
225,success,2,0.8050000000000012,15.722858622191637,2.730996339643815,17.014647650233325,4.324162536972481,15,24.06795277787424,21.682802284236082,0.8250000000000012,0.675000000000001
225,success,2,0.8150000000000012,20.159169754433044,4.014664448461288,18.19747370933596,4.667416020340857,15,24.06795277787424,21.682802284236082,0.8250000000000012,0.675000000000001
225,success,2,0.8250000000000012,24.06795277787424,5.208257836522777,19.13025526149342,5.055261240859203,15,24.06795277787424,21.682802284236082,0.8250000000000012,0.675000000000001
225,success,2,0.8350000000000012,23.642966934126427,3.7685666526444748,19.641208200801497,5.296126439730986,15,24.06795277787424,21.682802284236082,0.8250000000000012,0.675000000000001
225,success,2,0.8450000000000012,18.92670548757925,2.610319251238563,19.74539576125172,5.237022838740081,15,24.06795277787424,21.682802284236082,0.8250000000000012,0.675000000000001
225,success,2,0.8550000000000012,14.819193749881697,1.7710482881156435,19.72042490017827,4.94660910641569,15,24.06795277787424,21.682802284236082,0.8250000000000012,0.675000000000001
225,success,2,0.8650000000000012,12.360024617393643,1.3828540514634535,19.909550766367126,4.7655072133786645,15,24.06795277787424,21.682802284236082,0.8250000000000012,0.675000000000001
225,success,2,0.8750000000000012,11.531561553381199,1.3626983544974527,20.380058344639387,5.0071705580927475,15,24.06795277787424,21.682802284236082,0.8250000000000012,0.675000000000001
225,success,2,0.8850000000000012,10.658619643489576,1.365150974165956,20.812923140836023,5.493968150925327,15,24.06795277787424,21.682802284236082,0.8250000000000012,0.675000000000001
225,success,2,0.8950000000000012,9.326508083788555,1.3419387438383898,20.78980813678666,5.812571963030292,15,24.06795277787424,21.682802284236082,0.8250000000000012,0.675000000000001
225,success,2,0.9050000000000012,8.474962685607682,1.4274193659019023,20.168316621503212,5.802531433413749,15,24.06795277787424,21.682802284236082,0.8250000000000012,0.675000000000001
225,success,2,0.9150000000000013,9.096893779432941,1.403751512318955,19.14623753797995,5.558619874380247,15,24.06795277787424,21.682802284236082,0.8250000000000012,0.675000000000001
225,success,2,0.9250000000000013,10.428191868831192,1.5048795133862236,17.986306545675664,5.202484868623634,15,24.06795277787424,21.682802284236082,0.8250000000000012,0.675000000000001
225,success,2,0.9350000000000013,11.214604405682426,1.6977130001493281,16.778759907465947,4.779758073760905,15,24.06795277787424,21.682802284236082,0.8250000000000012,0.675000000000001
225,success,2,0.9450000000000013,10.291921524919664,1.550293377379625,15.520955148573236,4.302653902298454,15,24.06795277787424,21.682802284236082,0.8250000000000012,0.675000000000001
225,success,2,0.9550000000000013,8.989051428240513,1.4656810610559292,14.363938771761196,3.867594696533301,15,24.06795277787424,21.682802284236082,0.8250000000000012,0.675000000000001
225,success,2,0.9650000000000013,12.226906648441696,3.0868263338430446,13.655304201666498,3.849304626795617,15,24.06795277787424,21.682802284236082,0.8250000000000012,0.675000000000001
225,success,2,0.9750000000000013,13.612370544219043,4.30112129492094,13.647245396629938,4.6178845472065655,15,24.06795277787424,21.682802284236082,0.8250000000000012,0.675000000000001
225,success,2,0.9850000000000013,14.50338154033335,5.675398032069038,14.171350770349969,5.801199357345087,15,24.06795277787424,21.682802284236082,0.8250000000000012,0.675000000000001
225,success,2,0.9950000000000013,14.678353252719061,6.643190724376228,14.678353252719061,6.643190724376228,15,24.06795277787424,21.682802284236082,0.8250000000000012,0.675000000000001
45,success,0,-0.495,1.4413959902963869,1.3284379936910022,1.4413959902963869,1.3284379936910022,14,30.858420979894266,22.765343014188975,0.2750000000000007,0.04500000000000048
45,success,0,-0.485,1.428005294867047,1.315539808307076,1.5006178229520015,1.3123891683760167,14,30.858420979894266,22.765343014188975,0.2750000000000007,0.04500000000000048
45,success,0,-0.475,0.058855902445175565,0.038530232578564784,1.603799776406308,1.2405576814090056,14,30.858420979894266,22.765343014188975,0.2750000000000007,0.04500000000000048
45,success,0,-0.46499999999999997,0.058855902445175565,0.038530232578564784,1.752190140820332,1.1085418269016616,14,30.858420979894266,22.765343014188975,0.2750000000000007,0.04500000000000048
45,success,0,-0.45499999999999996,0.058855902445175565,0.038530232578564784,1.9685467692188905,1.0351219931452247,14,30.858420979894266,22.765343014188975,0.2750000000000007,0.04500000000000048
45,success,0,-0.44499999999999995,0.058855902445175565,0.038530232578564784,2.2464895706615335,1.1723661914168928,14,30.858420979894266,22.765343014188975,0.2750000000000007,0.04500000000000048
45,success,0,-0.43499999999999994,0.058855902445175565,0.038530232578564784,2.5101073390182798,1.4327309118761584,14,30.858420979894266,22.765343014188975,0.2750000000000007,0.04500000000000048
45,success,0,-0.42499999999999993,0.058855902445175565,0.038530232578564784,2.654367678694775,1.6262432367729633,14,30.858420979894266,22.765343014188975,0.2750000000000007,0.04500000000000048
45,success,0,-0.4149999999999999,0.058855902445175565,0.038530232578564784,2.6468182840256484,1.6834258616824727,14,30.858420979894266,22.765343014188975,0.2750000000000007,0.04500000000000048
45,success,0,-0.4049999999999999,0.058855902445175565,0.038530232578564784,2.574919244477769,1.658029246970839,14,30.858420979894266,22.765343014188975,0.2750000000000007,0.04500000000000048
45,success,0,-0.3949999999999999,0.058855902445175565,0.038530232578564784,2.5736894947664846,1.6352667437060748,14,30.858420979894266,22.765343014188975,0.2750000000000007,0.04500000000000048
45,success,0,-0.3849999999999999,0.058855902445175565,0.038530232578564784,2.7089303815389516,1.6394548206786963,14,30.858420979894266,22.765343014188975,0.2750000000000007,0.04500000000000048
45,success,0,-0.3749999999999999,0.058855902445175565,0.038530232578564784,2.9395781830897234,1.6248583797455771,14,30.858420979894266,22.765343014188975,0.2750000000000007,0.04500000000000048
45,success,0,-0.3649999999999999,0.058855902445175565,0.038530232578564784,3.201924676737564,1.555075235437252,14,30.858420979894266,22.765343014188975,0.2750000000000007,0.04500000000000048
45,success,0,-0.35499999999999987,0.058855902445175565,0.038530232578564784,3.517356519232508,1.5161042805729419,14,30.858420979894266,22.765343014188975,0.2750000000000007,0.04500000000000048
45,success,0,-0.34499999999999986,0.058855902445175565,0.038530232578564784,4.008035730416509,1.7196812277924243,14,30.858420979894266,22.765343014188975,0.2750000000000007,0.04500000000000048
45,success,0,-0.33499999999999985,0.058855902445175565,0.038530232578564784,4.8055093041589245,2.2434297474731215,14,30.858420979894266,22.765343014188975,0.2750000000000007,0.04500000000000048
45,success,0,-0.32499999999999984,0.06344447564942489,0.03802957819665243,5.926142861735995,2.9430665096542814,14,30.858420979894266,22.765343014188975,0.2750000000000007,0.04500000000000048
45,success,0,-0.31499999999999984,0.07983589245939861,0.03624112799952682,7.2069980165575815,3.6347231796923185,14,30.858420979894266,22.765343014188975,0.2750000000000007,0.04500000000000048
45,success,0,-0.3049999999999998,0.1409803801106759,0.02957198371592667,8.35719081942466,4.157966947114566,14,30.858420979894266,22.765343014188975,0.2750000000000007,0.04500000000000048
45,success,0,-0.2949999999999998,0.33314469635333027,0.00876390690144352,9.104822803692846,4.400242122269826,14,30.858420979894266,22.765343014188975,0.2750000000000007,0.04500000000000048
45,success,0,-0.2849999999999998,0.9128853869820887,0.0066406704807881,9.378517484529278,4.3401299007134355,14,30.858420979894266,22.765343014188975,0.2750000000000007,0.04500000000000048
45,success,0,-0.2749999999999998,2.2112641319735764,0.02297792499019111,9.393080198826988,4.056859637115215,14,30.858420979894266,22.765343014188975,0.2750000000000007,0.04500000000000048
45,success,0,-0.2649999999999998,4.599898752377373,0.06813796974162319,9.546256048542684,3.6806019165900365,14,30.858420979894266,22.765343014188975,0.2750000000000007,0.04500000000000048
45,success,0,-0.2549999999999998,8.220065597007636,0.17517554081963235,10.170606361968707,3.332895739147064,14,30.858420979894266,22.765343014188975,0.2750000000000007,0.04500000000000048
45,success,0,-0.24499999999999977,11.05246584582605,0.3358398109176095,11.312002770430297,3.1061166315067634,14,30.858420979894266,22.765343014188975,0.2750000000000007,0.04500000000000048
45,success,0,-0.23499999999999976,12.257055380314368,0.4265632995560177,12.724639171149851,3.0499322785574865,14,30.858420979894266,22.765343014188975,0.2750000000000007,0.04500000000000048
45,success,0,-0.22499999999999976,16.963292106279823,0.8604521221256272,14.093941707244397,3.1276517681945646,14,30.858420979894266,22.765343014188975,0.2750000000000007,0.04500000000000048
45,success,0,-0.21499999999999975,15.31408626044296,0.6928322929983857,15.290850649845666,3.3136222989820023,14,30.858420979894266,22.765343014188975,0.2750000000000007,0.04500000000000048
45,success,0,-0.20499999999999974,12.928016003050882,0.5929484865149883,16.41283603514453,3.785104399833974,14,30.858420979894266,22.765343014188975,0.2750000000000007,0.04500000000000048
45,success,0,-0.19499999999999973,11.722601174600454,0.5083242276961668,17.553077637807633,4.695665690441529,14,30.858420979894266,22.765343014188975,0.2750000000000007,0.04500000000000048
45,success,0,-0.18499999999999972,12.865616911029305,0.4827355426959146,18.510315975438996,5.769954862200635,14,30.858420979894266,22.765343014188975,0.2750000000000007,0.04500000000000048
45,success,0,-0.1749999999999997,13.343842975283422,0.8171581163567129,18.754924766405427,6.503679162456091,14,30.858420979894266,22.765343014188975,0.2750000000000007,0.04500000000000048
45,success,0,-0.1649999999999997,14.061349006299954,0.8222030769411417,17.75566877521834,6.548961181171389,14,30.858420979894266,22.765343014188975,0.2750000000000007,0.04500000000000048
45,success,0,-0.1549999999999997,12.160241568474815,0.39139066181977966,15.424094566154997,5.876414763866235,14,30.858420979894266,22.765343014188975,0.2750000000000007,0.04500000000000048
45,success,0,-0.14499999999999968,8.618560742034788,0.6303203667076147,12.296387479814529,4.744266145168233,14,30.858420979894266,22.765343014188975,0.2750000000000007,0.04500000000000048
45,success,0,-0.13499999999999968,8.181859496434296,0.6916266775086624,9.299836748380601,3.5696802075693053,14,30.858420979894266,22.765343014188975,0.2750000000000007,0.04500000000000048
45,success,0,-0.12499999999999967,6.206823527492378,0.7818342691303115,7.294459104702251,2.776152280354399,14,30.858420979894266,22.765343014188975,0.2750000000000007,0.04500000000000048
45,success,0,-0.11499999999999966,4.854424494454041,0.8269899514699315,6.712911884899309,2.5984121368919713,14,30.858420979894266,22.765343014188975,0.2750000000000007,0.04500000000000048
45,success,0,-0.10499999999999965,4.395200090616055,0.7427319997323711,7.462362184398932,2.969135880964165,14,30.858420979894266,22.765343014188975,0.2750000000000007,0.04500000000000048
45,success,0,-0.09499999999999964,5.248374275703754,0.5738789220668988,9.045658554091714,3.6991356758330154,14,30.858420979894266,22.765343014188975,0.2750000000000007,0.04500000000000048
45,success,0,-0.08499999999999963,6.604601952435586,0.4072398848858542,10.791068497505504,4.527654734764424,14,30.858420979894266,22.765343014188975,0.2750000000000007,0.04500000000000048
45,success,0,-0.07499999999999962,6.604601952435586,0.4072398848858542,12.108765652828655,5.142062858584653,14,30.858420979894266,22.765343014188975,0.2750000000000007,0.04500000000000048
45,success,0,-0.06499999999999961,6.604601952435586,0.4072398848858542,12.719157144947886,5.350349968151362,14,30.858420979894266,22.765343014188975,0.2750000000000007,0.04500000000000048
45,success,0,-0.05499999999999961,6.604601952435586,0.4072398848858542,12.752183860712881,5.196104766685558,14,30.858420979894266,22.765343014188975,0.2750000000000007,0.04500000000000048
45,success,0,-0.0449999999999996,6.604601952435586,0.4072398848858542,12.62730546401645,4.897335819782497,14,30.858420979894266,22.765343014188975,0.2750000000000007,0.04500000000000048
45,success,0,-0.034999999999999594,8.066504952608307,0.19477015231536915,12.776942728440355,4.681017460025334,14,30.858420979894266,22.765343014188975,0.2750000000000007,0.04500000000000048
45,success,0,-0.02499999999999958,8.066504952608307,0.19477015231536915,13.40017211664519,4.630206604120635,14,30.858420979894266,22.765343014188975,0.2750000000000007,0.04500000000000048
45,success,0,-0.014999999999999573,10.303603097313191,0.5189728200728925,14.437502818784749,4.677877144785884,14,30.858420979894266,22.765343014188975,0.2750000000000007,0.04500000000000048
45,success,0,-0.004999999999999565,11.225779840306245,0.7691763979732155,15.745856365476154,4.792688181572841,14,30.858420979894266,22.765343014188975,0.2750000000000007,0.04500000000000048
45,success,0,0.005000000000000444,11.150276601968313,1.0442794425433943,17.262847642245884,5.130506648666238,14,30.858420979894266,22.765343014188975,0.2750000000000007,0.04500000000000048
45,success,0,0.015000000000000454,13.619645421880472,1.5264521123942263,18.97381712407441,5.879277702075691,14,30.858420979894266,22.765343014188975,0.2750000000000007,0.04500000000000048
45,success,0,0.025000000000000463,16.257939052297804,2.222049380319623,20.727203309449315,7.01211051392028,14,30.858420979894266,22.765343014188975,0.2750000000000007,0.04500000000000048
45,success,0,0.03500000000000047,13.951889080198466,1.4494343134406436,22.142384192194964,8.328300520488341,14,30.858420979894266,22.765343014188975,0.2750000000000007,0.04500000000000048
45,success,0,0.04500000000000048,10.90815560512998,0.6889868752243256,22.765343014188975,9.578490774285655,14,30.858420979894266,22.765343014188975,0.2750000000000007,0.04500000000000048
45,success,0,0.055000000000000486,9.295830248195426,0.48336394833888136,22.37278485689716,10.541266723693884,14,30.858420979894266,22.765343014188975,0.2750000000000007,0.04500000000000048
45,success,0,0.0650000000000005,6.845745793235834,0.40958497993578247,21.17155383299194,11.121376224515855,14,30.858420979894266,22.765343014188975,0.2750000000000007,0.04500000000000048
45,success,0,0.07500000000000051,4.4771559774407015,0.37956629863421076,19.71132242498734,11.389862031608155,14,30.858420979894266,22.765343014188975,0.2750000000000007,0.04500000000000048
45,success,0,0.08500000000000052,2.522019277799017,0.4936652525875121,18.582401653343116,11.497798278794301,14,30.858420979894266,22.765343014188975,0.2750000000000007,0.04500000000000048
45,success,0,0.09500000000000053,2.4026076861528707,0.5208445256404018,18.11526755590816,11.54636411844227,14,30.858420979894266,22.765343014188975,0.2750000000000007,0.04500000000000048
45,success,0,0.10500000000000054,1.7231772644614438,0.549231674050875,18.29455151314689,11.53590435809812,14,30.858420979894266,22.765343014188975,0.2750000000000007,0.04500000000000048
45,success,0,0.11500000000000055,2.885680344801983,0.46836269793161284,18.897296223981524,11.418887748255514,14,30.858420979894266,22.765343014188975,0.2750000000000007,0.04500000000000048
45,success,0,0.12500000000000056,5.223588426317193,0.37644312910716843,19.687821665974777,11.182986189478774,14,30.858420979894266,22.765343014188975,0.2750000000000007,0.04500000000000048
45,success,0,0.13500000000000056,7.92380414176291,0.1946606622901645,20.497580686763147,10.876797726157417,14,30.858420979894266,22.765343014188975,0.2750000000000007,0.04500000000000048
45,success,0,0.14500000000000057,11.566229610068484,0.29726836854159905,21.189505414395338,10.570579694872212,14,30.858420979894266,22.765343014188975,0.2750000000000007,0.04500000000000048
45,success,0,0.15500000000000058,12.701283900435905,0.509587146151254,21.624055217147966,10.321327445193338,14,30.858420979894266,22.765343014188975,0.2750000000000007,0.04500000000000048
45,success,0,0.1650000000000006,12.946752625191504,0.5861535066592373,21.695349935355342,10.167493787255315,14,30.858420979894266,22.765343014188975,0.2750000000000007,0.04500000000000048
45,success,0,0.1750000000000006,12.23017681299604,0.4092828825246467,21.389981780825398,10.099277561685284,14,30.858420979894266,22.765343014188975,0.2750000000000007,0.04500000000000048
45,success,0,0.1850000000000006,11.438939183462987,0.3487624615345944,20.799246388760213,9.998998032603316,14,30.858420979894266,22.765343014188975,0.2750000000000007,0.04500000000000048
45,success,0,0.19500000000000062,10.70510041773816,0.6754106298464394,20.075840970669805,9.641114961442346,14,30.858420979894266,22.765343014188975,0.2750000000000007,0.04500000000000048
45,success,0,0.20500000000000063,11.161775089284928,0.4357832367884835,19.38035940554107,8.822203578898904,14,30.858420979894266,22.765343014188975,0.2750000000000007,0.04500000000000048
45,success,0,0.21500000000000064,12.482020128315687,0.35523515620906276,18.82864270233046,7.5331099516802515,14,30.858420979894266,22.765343014188975,0.2750000000000007,0.04500000000000048
45,success,0,0.22500000000000064,14.470231026779079,0.26915974816125837,18.452546002847956,6.02731014787345,14,30.858420979894266,22.765343014188975,0.2750000000000007,0.04500000000000048
45,success,0,0.23500000000000065,15.089386757827882,0.2663509348330214,18.20511839203993,4.718023906509765,14,30.858420979894266,22.765343014188975,0.2750000000000007,0.04500000000000048
45,success,0,0.24500000000000066,18.629230067541375,0.7564489108513912,18.028137483862544,3.931664012953258,14,30.858420979894266,22.765343014188975,0.2750000000000007,0.04500000000000048
45,success,0,0.25500000000000067,21.753848240202846,1.7243935382070366,17.930509786423848,3.673833212866732,14,30.858420979894266,22.765343014188975,0.2750000000000007,0.04500000000000048
45,success,0,0.2650000000000007,24.118855586239466,2.722221134643129,17.97143712750658,3.7055910779055914,14,30.858420979894266,22.765343014188975,0.2750000000000007,0.04500000000000048
45,success,0,0.2750000000000007,30.858420979894266,5.66747464375557,18.13087968720814,3.7904849976470927,14,30.858420979894266,22.765343014188975,0.2750000000000007,0.04500000000000048
45,success,0,0.2850000000000007,22.585971059331847,4.317038649306926,18.209701781523954,3.805996554895465,14,30.858420979894266,22.765343014188975,0.2750000000000007,0.04500000000000048
45,success,0,0.2950000000000007,20.181704849400205,2.398575460909943,17.88875127096102,3.7772073703164817,14,30.858420979894266,22.765343014188975,0.2750000000000007,0.04500000000000048
45,success,0,0.3050000000000007,19.218024953602214,1.231241300119752,16.94137917191782,3.781249630804501,14,30.858420979894266,22.765343014188975,0.2750000000000007,0.04500000000000048
45,success,0,0.3150000000000007,15.23221561906173,0.5396574753220647,15.408894099432013,3.795858416865627,14,30.858420979894266,22.765343014188975,0.2750000000000007,0.04500000000000048
45,success,0,0.32500000000000073,12.480486667932425,0.36299592743509007,13.581069444460436,3.7299460018953194,14,30.858420979894266,22.765343014188975,0.2750000000000007,0.04500000000000048
45,success,0,0.33500000000000074,7.5764129551254475,0.27824101191131656,11.80564397493198,3.5445754746809643,14,30.858420979894266,22.765343014188975,0.2750000000000007,0.04500000000000048
45,success,0,0.34500000000000075,7.2320423967460945,0.23673580446660744,10.31434284063254,3.2704448045899874,14,30.858420979894266,22.765343014188975,0.2750000000000007,0.04500000000000048
45,success,0,0.35500000000000076,6.725600892185132,0.2943551953277093,9.207252301379503,2.9653675614596096,14,30.858420979894266,22.765343014188975,0.2750000000000007,0.04500000000000048
45,success,0,0.36500000000000077,6.725600892185132,0.2943551953277093,8.556868634525124,2.698957166990795,14,30.858420979894266,22.765343014188975,0.2750000000000007,0.04500000000000048
45,success,0,0.3750000000000008,6.725600892185132,0.2943551953277093,8.471199854039414,2.5777324893121905,14,30.858420979894266,22.765343014188975,0.2750000000000007,0.04500000000000048
45,success,0,0.3850000000000008,6.725600892185132,0.2943551953277093,9.023845918129895,2.7427833296369517,14,30.858420979894266,22.765343014188975,0.2750000000000007,0.04500000000000048
45,success,0,0.3950000000000008,6.725600892185132,0.2943551953277093,10.11271049249235,3.2105674583612296,14,30.858420979894266,22.765343014188975,0.2750000000000007,0.04500000000000048
45,success,0,0.4050000000000008,6.086977279811356,0.4977452923987812,11.414096811292861,3.7897724771472494,14,30.858420979894266,22.765343014188975,0.2750000000000007,0.04500000000000048
45,success,0,0.4150000000000008,6.431669236025411,0.3499561444161612,12.533563966515768,4.236198631079694,14,30.858420979894266,22.765343014188975,0.2750000000000007,0.04500000000000048
45,success,0,0.4250000000000008,7.129583704396274,0.24773564181756957,13.291014319320846,4.422263935349152,14,30.858420979894266,22.765343014188975,0.2750000000000007,0.04500000000000048
45,success,0,0.43500000000000083,7.941409740706044,0.5582446140138514,13.882271456976413,4.450772898710029,14,30.858420979894266,22.765343014188975,0.2750000000000007,0.04500000000000048
45,success,0,0.44500000000000084,7.122771863015845,0.24637845127036076,14.721500152250437,4.644028131244874,14,30.858420979894266,22.765343014188975,0.2750000000000007,0.04500000000000048
45,success,0,0.45500000000000085,4.407591100638713,0.24040820679619038,16.042104458642577,5.246891747539998,14,30.858420979894266,22.765343014188975,0.2750000000000007,0.04500000000000048
45,success,0,0.46500000000000086,4.260139396048858,0.31590643201982427,17.607877182772693,6.096548131486913,14,30.858420979894266,22.765343014188975,0.2750000000000007,0.04500000000000048
45,success,0,0.47500000000000087,4.197901845786164,0.36006005729286983,18.812673134682143,6.77081702782167,14,30.858420979894266,22.765343014188975,0.2750000000000007,0.04500000000000048
45,success,0,0.4850000000000009,4.175668117044359,0.3768945695588631,19.102526405653975,6.9385433601819875,14,30.858420979894266,22.765343014188975,0.2750000000000007,0.04500000000000048
45,success,0,0.4950000000000009,3.899131943127606,0.36624714020168836,18.374697848132126,6.574872953805622,14,30.858420979894266,22.765343014188975,0.2750000000000007,0.04500000000000048
45,success,0,0.5050000000000009,2.7601253195879494,0.3736089980177234,17.068412666734506,6.002427550097663,14,30.858420979894266,22.765343014188975,0.2750000000000007,0.04500000000000048
45,success,0,0.5150000000000009,2.0181323410547547,0.4776596152888725,15.878597777770677,5.708039396138629,14,30.858420979894266,22.765343014188975,0.2750000000000007,0.04500000000000048
45,success,0,0.5250000000000009,2.090362488039355,0.46053725814518254,15.299890315444092,5.909772917881242,14,30.858420979894266,22.765343014188975,0.2750000000000007,0.04500000000000048
45,success,0,0.5350000000000009,2.9069413954757577,0.31847358163785555,15.315175587993755,6.31875497885664,14,30.858420979894266,22.765343014188975,0.2750000000000007,0.04500000000000048
45,success,0,0.5450000000000009,4.222282179938362,0.23883901564196358,15.46169818102123,6.476723716385992,14,30.858420979894266,22.765343014188975,0.2750000000000007,0.04500000000000048
45,success,0,0.5550000000000009,4.222282179938362,0.23883901564196358,15.227241967113944,6.126443020877117,14,30.858420979894266,22.765343014188975,0.2750000000000007,0.04500000000000048
45,success,0,0.565000000000001,4.222282179938362,0.23883901564196358,14.429360022748542,5.329863372162234,14,30.858420979894266,22.765343014188975,0.2750000000000007,0.04500000000000048
45,success,0,0.575000000000001,6.1665195366466445,0.577479925832543,13.25834007222276,4.378847698882921,14,30.858420979894266,22.765343014188975,0.2750000000000007,0.04500000000000048
45,success,0,0.585000000000001,10.398616547875204,1.553379882571627,12.019174946914461,3.580727918491722,14,30.858420979894266,22.765343014188975,0.2750000000000007,0.04500000000000048
45,success,0,0.595000000000001,8.439831540360249,1.088078992965163,10.887662096840268,3.094269850151718,14,30.858420979894266,22.765343014188975,0.2750000000000007,0.04500000000000048
45,success,0,0.605000000000001,6.1665195366466445,0.577479925832543,9.902142429013507,2.8888563512460252,14,30.858420979894266,22.765343014188975,0.2750000000000007,0.04500000000000048
45,success,0,0.615000000000001,4.0975130566301265,0.31043278377154215,9.113140992728274,2.7949433571204523,14,30.858420979894266,22.765343014188975,0.2750000000000007,0.04500000000000048
45,success,0,0.625000000000001,4.04621715842596,0.34779093283311535,8.671699123361677,2.701954327167068,14,30.858420979894266,22.765343014188975,0.2750000000000007,0.04500000000000048
45,success,0,0.635000000000001,4.0278997952623365,0.3618335070571067,8.736626524734602,2.724942946094955,14,30.858420979894266,22.765343014188975,0.2750000000000007,0.04500000000000048
45,success,0,0.645000000000001,4.022453905282739,0.3660687243997744,9.299971988928915,3.0516937953973877,14,30.858420979894266,22.765343014188975,0.2750000000000007,0.04500000000000048
45,success,0,0.655000000000001,4.021087953881908,0.36713511474703503,10.104931125908333,3.607905718458032,14,30.858420979894266,22.765343014188975,0.2750000000000007,0.04500000000000048
45,success,0,0.665000000000001,2.1282180107234123,0.17148861261048173,10.758963772966865,4.101220676061127,14,30.858420979894266,22.765343014188975,0.2750000000000007,0.04500000000000048
45,success,0,0.675000000000001,1.15307681063819,0.16117665868188988,10.946118006909296,4.290447444986124,14,30.858420979894266,22.765343014188975,0.2750000000000007,0.04500000000000048
45,success,0,0.685000000000001,0.7702215398601341,0.20528964216157208,10.568111160048348,4.136051005001712,14,30.858420979894266,22.765343014188975,0.2750000000000007,0.04500000000000048
45,success,0,0.6950000000000011,0.6383415021866957,0.22657443542786718,9.73351421632903,3.8275566646914942,14,30.858420979894266,22.765343014188975,0.2750000000000007,0.04500000000000048
45,success,0,0.7050000000000011,0.5989805744538094,0.23334698484566743,8.657891395991994,3.654077770242703,14,30.858420979894266,22.765343014188975,0.2750000000000007,0.04500000000000048
45,success,0,0.7150000000000011,0.6400898346878812,0.22627828326603341,7.583011897054076,3.7217150307522084,14,30.858420979894266,22.765343014188975,0.2750000000000007,0.04500000000000048
45,success,0,0.7250000000000011,0.7766510001402089,0.20437836010949745,6.735808121756183,3.868441803443335,14,30.858420979894266,22.765343014188975,0.2750000000000007,0.04500000000000048
45,success,0,0.7350000000000011,1.1655479870981351,0.1605707095927275,6.289080398099116,3.918186262605631,14,30.858420979894266,22.765343014188975,0.2750000000000007,0.04500000000000048
45,success,0,0.7450000000000011,1.1655479870981351,0.1605707095927275,6.307721071453954,3.832159185493635,14,30.858420979894266,22.765343014188975,0.2750000000000007,0.04500000000000048
45,success,0,0.7550000000000011,1.1655479870981351,0.1605707095927275,6.726889876288351,3.642554435339224,14,30.858420979894266,22.765343014188975,0.2750000000000007,0.04500000000000048
45,success,0,0.7650000000000011,1.1655479870981351,0.1605707095927275,7.3931314427186265,3.360378850884018,14,30.858420979894266,22.765343014188975,0.2750000000000007,0.04500000000000048
45,success,0,0.7750000000000011,2.067015069603246,0.19918565815963715,8.149445047505134,2.9970942207405016,14,30.858420979894266,22.765343014188975,0.2750000000000007,0.04500000000000048
45,success,0,0.7850000000000011,3.6771986140173945,0.45972586926807896,8.882209970156453,2.6467095037207873,14,30.858420979894266,22.765343014188975,0.2750000000000007,0.04500000000000048
45,success,0,0.7950000000000012,6.1479908479859775,0.9548175287483496,9.496353968522559,2.475504948176819,14,30.858420979894266,22.765343014188975,0.2750000000000007,0.04500000000000048
45,success,0,0.8050000000000012,12.206954135404484,2.7915759721868523,9.884343317349236,2.5543494363284758,14,30.858420979894266,22.765343014188975,0.2750000000000007,0.04500000000000048
45,success,0,0.8150000000000012,10.407901382944491,2.5059464237795073,9.959124202307535,2.7544215885899876,14,30.858420979894266,22.765343014188975,0.2750000000000007,0.04500000000000048
45,success,0,0.8250000000000012,8.442998935333922,2.242158418651817,9.743920620123038,2.919951592346385,14,30.858420979894266,22.765343014188975,0.2750000000000007,0.04500000000000048
45,success,0,0.8350000000000012,6.819118776150051,2.0167412115350896,9.43415128269042,3.0455563812080264,14,30.858420979894266,22.765343014188975,0.2750000000000007,0.04500000000000048
45,success,0,0.8450000000000012,6.010043486684301,1.7990605876174552,9.332066377353982,3.259137151373025,14,30.858420979894266,22.765343014188975,0.2750000000000007,0.04500000000000048
45,success,0,0.8550000000000012,5.311079396143262,1.666666153672382,9.656690376169578,3.6709022225835883,14,30.858420979894266,22.765343014188975,0.2750000000000007,0.04500000000000048
45,success,0,0.8650000000000012,5.1389342231017086,1.6312261588745192,10.365485856405016,4.242294169900209,14,30.858420979894266,22.765343014188975,0.2750000000000007,0.04500000000000048
45,success,0,0.8750000000000012,5.206373718639683,1.7143099194333615,11.147440165106293,4.767590952113968,14,30.858420979894266,22.765343014188975,0.2750000000000007,0.04500000000000048
45,success,0,0.8850000000000012,5.4901645650340365,1.8969886332132888,11.624841658147156,4.991787731224072,14,30.858420979894266,22.765343014188975,0.2750000000000007,0.04500000000000048
45,success,0,0.8950000000000012,5.775932651341587,2.124588587237012,11.603069449727991,4.805467088966621,14,30.858420979894266,22.765343014188975,0.2750000000000007,0.04500000000000048
45,success,0,0.9050000000000012,5.889005552064908,2.2780582905532483,11.15083222228951,4.33455553232025,14,30.858420979894266,22.765343014188975,0.2750000000000007,0.04500000000000048
45,success,0,0.9150000000000013,5.0170074048039766,2.309615741777112,10.472562905305239,3.8185092127122147,14,30.858420979894266,22.765343014188975,0.2750000000000007,0.04500000000000048
45,success,0,0.9250000000000013,4.538387682143339,2.0403215589628245,9.733561523443504,3.4036895650293046,14,30.858420979894266,22.765343014188975,0.2750000000000007,0.04500000000000048
45,success,0,0.9350000000000013,4.11330590871239,1.6864256956489208,9.009176513545002,3.0903164449589036,14,30.858420979894266,22.765343014188975,0.2750000000000007,0.04500000000000048
45,success,0,0.9450000000000013,3.9389704304541624,1.5451771083496386,8.34274339548944,2.8406115765033917,14,30.858420979894266,22.765343014188975,0.2750000000000007,0.04500000000000048
45,success,0,0.9550000000000013,4.413165822499115,1.767372176294785,7.803184003527979,2.667471420451133,14,30.858420979894266,22.765343014188975,0.2750000000000007,0.04500000000000048
45,success,0,0.9650000000000013,5.3476045752086065,2.238014378922299,7.467087637117659,2.661127471154792,14,30.858420979894266,22.765343014188975,0.2750000000000007,0.04500000000000048
45,success,0,0.9750000000000013,6.177364976925953,2.788302093397997,7.359256868283582,2.8978934205754663,14,30.858420979894266,22.765343014188975,0.2750000000000007,0.04500000000000048
45,success,0,0.9850000000000013,7.000777176348097,3.2640648643812895,7.4115500698435435,3.273776585287553,14,30.858420979894266,22.765343014188975,0.2750000000000007,0.04500000000000048
45,success,0,0.9950000000000013,7.490866859346894,3.550953384732036,7.490866859346894,3.550953384732036,14,30.858420979894266,22.765343014188975,0.2750000000000007,0.04500000000000048
45,success,1,-0.495,1.3431537460352134,1.29389857187969,1.3431537460352134,1.29389857187969,14,39.02002321405842,37.28363594092996,0.015000000000000454,0.13500000000000056
45,success,1,-0.485,1.9244528019362492,1.8540523424733466,1.92581875333708,1.8539518159736006,14,39.02002321405842,37.28363594092996,0.015000000000000454,0.13500000000000056
45,success,1,-0.475,2.970818913436379,2.862355944316468,2.978013135917162,2.8618309461645253,14,39.02002321405842,37.28363594092996,0.015000000000000454,0.13500000000000056
45,success,1,-0.46499999999999997,4.235602161748679,4.081131571372368,4.26171493659321,4.079262646857207,14,39.02002321405842,37.28363594092996,0.015000000000000454,0.13500000000000056
45,success,1,-0.45499999999999996,5.374288405693415,5.178397088148652,5.453646303719339,5.172958988940481,14,39.02002321405842,37.28363594092996,0.015000000000000454,0.13500000000000056
45,success,1,-0.44499999999999995,6.065815885045397,5.844769639641508,6.2742542056819675,5.831789139075331,14,39.02002321405842,37.28363594092996,0.015000000000000454,0.13500000000000056
45,success,1,-0.43499999999999994,6.15500094437509,5.930710513044065,6.632821478160849,5.906737425657045,14,39.02002321405842,37.28363594092996,0.015000000000000454,0.13500000000000056
45,success,1,-0.42499999999999993,5.713244868169748,5.505023707420419,6.678193984521949,5.477460107423759,14,39.02002321405842,37.28363594092996,0.015000000000000454,0.13500000000000056
45,success,1,-0.4149999999999999,4.966315694596937,4.785264747907643,6.697784797568881,4.795461113555634,14,39.02002321405842,37.28363594092996,0.015000000000000454,0.13500000000000056
45,success,1,-0.4049999999999999,4.156869053172477,4.005262449875662,6.940148281122008,4.150999833042647,14,39.02002321405842,37.28363594092996,0.015000000000000454,0.13500000000000056
45,success,1,-0.3949999999999999,3.438868079710086,3.3133794031706465,7.478416979700485,3.7230541147585776,14,39.02002321405842,37.28363594092996,0.015000000000000454,0.13500000000000056
45,success,1,-0.3849999999999999,2.8528929037291606,2.748719598945494,8.182733657485123,3.493232594544733,14,39.02002321405842,37.28363594092996,0.015000000000000454,0.13500000000000056
45,success,1,-0.3749999999999999,2.366423976164909,2.2747878128124546,8.788228181458082,3.3265894249455608,14,39.02002321405842,37.28363594092996,0.015000000000000454,0.13500000000000056
45,success,1,-0.3649999999999999,1.927388560391694,1.833522429527541,9.015175950626718,3.131601767090735,14,39.02002321405842,37.28363594092996,0.015000000000000454,0.13500000000000056
45,success,1,-0.35499999999999987,1.5405205739202834,1.3901936751280888,8.702776536399423,2.9056610933654863,14,39.02002321405842,37.28363594092996,0.015000000000000454,0.13500000000000056
45,success,1,-0.34499999999999986,1.317799963233249,0.9507795746022908,7.917597479907491,2.6821205409730506,14,39.02002321405842,37.28363594092996,0.015000000000000454,0.13500000000000056
45,success,1,-0.33499999999999985,1.523440803829026,0.5457048705129938,6.9909329114051815,2.527124592077411,14,39.02002321405842,37.28363594092996,0.015000000000000454,0.13500000000000056
45,success,1,-0.32499999999999984,2.068044189154861,0.25438307473010313,6.429029727432896,2.5710017473396554,14,39.02002321405842,37.28363594092996,0.015000000000000454,0.13500000000000056
45,success,1,-0.31499999999999984,2.4309897573041264,0.11540493896876591,6.699412426141842,2.90643765762846,14,39.02002321405842,37.28363594092996,0.015000000000000454,0.13500000000000056
45,success,1,-0.3049999999999998,2.4269098187253597,0.1136131267740812,7.986413806734676,3.4661876180015554,14,39.02002321405842,37.28363594092996,0.015000000000000454,0.13500000000000056
45,success,1,-0.2949999999999998,2.4269098187253597,0.1136131267740812,10.083780940613886,4.091624072350145,14,39.02002321405842,37.28363594092996,0.015000000000000454,0.13500000000000056
45,success,1,-0.2849999999999998,4.169887942568695,0.19889683139855907,12.5292445278504,4.652636388611046,14,39.02002321405842,37.28363594092996,0.015000000000000454,0.13500000000000056
45,success,1,-0.2749999999999998,7.830061606960322,0.26375786608942403,14.924691349210962,5.119201040844711,14,39.02002321405842,37.28363594092996,0.015000000000000454,0.13500000000000056
45,success,1,-0.2649999999999998,11.459345239067405,0.3277669018167262,17.198917643955348,5.576804508066533,14,39.02002321405842,37.28363594092996,0.015000000000000454,0.13500000000000056
45,success,1,-0.2549999999999998,13.17833802293127,0.458565062089706,19.581238628489775,6.170030598801116,14,39.02002321405842,37.28363594092996,0.015000000000000454,0.13500000000000056
45,success,1,-0.24499999999999977,14.287694816251129,0.6920298717097766,22.270793482852888,6.977481163221845,14,39.02002321405842,37.28363594092996,0.015000000000000454,0.13500000000000056
45,success,1,-0.23499999999999976,16.343711196657125,1.0960760247507912,25.083297158012048,7.882756161589924,14,39.02002321405842,37.28363594092996,0.015000000000000454,0.13500000000000056
45,success,1,-0.22499999999999976,18.082278119218625,1.6975226911923873,27.425011277151572,8.618826942054284,14,39.02002321405842,37.28363594092996,0.015000000000000454,0.13500000000000056
45,success,1,-0.21499999999999975,19.237870487991383,1.9172840829263669,28.66488505643651,8.979400365673929,14,39.02002321405842,37.28363594092996,0.015000000000000454,0.13500000000000056
45,success,1,-0.20499999999999974,17.901374364808966,1.6892866457609856,28.586063379627245,8.963865712345068,14,39.02002321405842,37.28363594092996,0.015000000000000454,0.13500000000000056
45,success,1,-0.19499999999999973,16.150790006695022,1.2406713531419757,27.512958256756,8.731602199556432,14,39.02002321405842,37.28363594092996,0.015000000000000454,0.13500000000000056
45,success,1,-0.18499999999999972,15.157366272606003,0.7202630005607428,26.034195468963084,8.465796458962357,14,39.02002321405842,37.28363594092996,0.015000000000000454,0.13500000000000056
45,success,1,-0.1749999999999997,13.760279584407344,0.5336804456043569,24.59897329842367,8.299859125876976,14,39.02002321405842,37.28363594092996,0.015000000000000454,0.13500000000000056
45,success,1,-0.1649999999999997,11.465680104406838,0.30554868445467614,23.2989810997606,8.287504971122598,14,39.02002321405842,37.28363594092996,0.015000000000000454,0.13500000000000056
45,success,1,-0.1549999999999997,11.051568955408161,0.35128057870685375,21.93287685105517,8.347241952570567,14,39.02002321405842,37.28363594092996,0.015000000000000454,0.13500000000000056
45,success,1,-0.14499999999999968,9.666485454289068,0.5272916845940804,20.269607800206064,8.30703053429104,14,39.02002321405842,37.28363594092996,0.015000000000000454,0.13500000000000056
45,success,1,-0.13499999999999968,8.531190861530785,0.7138341808912358,18.318587824906675,8.078952902028256,14,39.02002321405842,37.28363594092996,0.015000000000000454,0.13500000000000056
45,success,1,-0.12499999999999967,8.0549959892087,0.8115221898301266,16.423279607143105,7.752668507519519,14,39.02002321405842,37.28363594092996,0.015000000000000454,0.13500000000000056
45,success,1,-0.11499999999999966,6.075590212236967,1.3027032228298085,15.10741132389973,7.493662166406511,14,39.02002321405842,37.28363594092996,0.015000000000000454,0.13500000000000056
45,success,1,-0.10499999999999965,6.354351280284062,1.230884919420435,14.783885147236719,7.3743163081988525,14,39.02002321405842,37.28363594092996,0.015000000000000454,0.13500000000000056
45,success,1,-0.09499999999999964,6.694759045052889,1.1317940013555465,15.528718600490025,7.333160641817184,14,39.02002321405842,37.28363594092996,0.015000000000000454,0.13500000000000056
45,success,1,-0.08499999999999963,7.675554829585031,0.8850864985259935,17.035863638867898,7.2555288807416325,14,39.02002321405842,37.28363594092996,0.015000000000000454,0.13500000000000056
45,success,1,-0.07499999999999962,9.66367100720068,0.48326261810881094,18.740698445706204,7.0244711126976425,14,39.02002321405842,37.28363594092996,0.015000000000000454,0.13500000000000056
45,success,1,-0.06499999999999961,12.632635217234489,0.401214283616089,20.06012288684124,6.552249361096692,14,39.02002321405842,37.28363594092996,0.015000000000000454,0.13500000000000056
45,success,1,-0.05499999999999961,15.198305741837993,0.404094176326983,20.69112553631152,5.876626322394685,14,39.02002321405842,37.28363594092996,0.015000000000000454,0.13500000000000056
45,success,1,-0.0449999999999996,15.413694134271832,0.40697373069309145,20.80797859531177,5.2414344635286625,14,39.02002321405842,37.28363594092996,0.015000000000000454,0.13500000000000056
45,success,1,-0.034999999999999594,15.115953747931718,0.411725519387719,20.984074674757057,4.966310758757014,14,39.02002321405842,37.28363594092996,0.015000000000000454,0.13500000000000056
45,success,1,-0.02499999999999958,15.029456516506125,0.42522210938555677,21.82847526805019,5.147064454441613,14,39.02002321405842,37.28363594092996,0.015000000000000454,0.13500000000000056
45,success,1,-0.014999999999999573,17.08418560061609,0.30710992112180374,23.57855709423555,5.622973038326106,14,39.02002321405842,37.28363594092996,0.015000000000000454,0.13500000000000056
45,success,1,-0.004999999999999565,21.156579975328224,0.7753392557251181,25.93806978589646,6.208398366261435,14,39.02002321405842,37.28363594092996,0.015000000000000454,0.13500000000000056
45,success,1,0.005000000000000444,25.468997746997825,0.8855273600744168,28.284004061623126,6.8090973114760205,14,39.02002321405842,37.28363594092996,0.015000000000000454,0.13500000000000056
45,success,1,0.015000000000000454,39.02002321405842,6.70215586668072,30.063105429536723,7.457544495941853,14,39.02002321405842,37.28363594092996,0.015000000000000454,0.13500000000000056
45,success,1,0.025000000000000463,31.453826216468734,4.166227304214374,31.05973921320851,8.284560353932802,14,39.02002321405842,37.28363594092996,0.015000000000000454,0.13500000000000056
45,success,1,0.03500000000000047,23.939754839722777,2.177216799758617,31.387737939858088,9.370667216723925,14,39.02002321405842,37.28363594092996,0.015000000000000454,0.13500000000000056
45,success,1,0.04500000000000048,21.522505870492747,0.7018068377289703,31.29999080381922,10.61067903925628,14,39.02002321405842,37.28363594092996,0.015000000000000454,0.13500000000000056
45,success,1,0.055000000000000486,19.28527685114076,0.725574126293035,31.034841260527887,11.734738978258093,14,39.02002321405842,37.28363594092996,0.015000000000000454,0.13500000000000056
45,success,1,0.0650000000000005,16.627166446426674,0.564560219181725,30.774406538508554,12.44018175826638,14,39.02002321405842,37.28363594092996,0.015000000000000454,0.13500000000000056
45,success,1,0.07500000000000051,15.485066201506783,0.9775888096267147,30.692888576360826,12.571047846414718,14,39.02002321405842,37.28363594092996,0.015000000000000454,0.13500000000000056
45,success,1,0.08500000000000052,16.43869077364602,0.6088393549457489,30.99744277889474,12.23048218053777,14,39.02002321405842,37.28363594092996,0.015000000000000454,0.13500000000000056
45,success,1,0.09500000000000053,17.64488629853673,0.54236034403366,31.878191424302788,11.742752754258628,14,39.02002321405842,37.28363594092996,0.015000000000000454,0.13500000000000056
45,success,1,0.10500000000000054,18.228946617055776,0.5442731161401918,33.347930830685975,11.48815175402026,14,39.02002321405842,37.28363594092996,0.015000000000000454,0.13500000000000056
45,success,1,0.11500000000000055,18.49466586528547,0.5610932402855637,35.09451820178879,11.710407387110317,14,39.02002321405842,37.28363594092996,0.015000000000000454,0.13500000000000056
45,success,1,0.12500000000000056,18.52202732448583,0.5637032146519451,36.55930506227659,12.427981046914045,14,39.02002321405842,37.28363594092996,0.015000000000000454,0.13500000000000056
45,success,1,0.13500000000000056,20.635129594517263,1.3635424749714251,37.28363594092996,13.522645705625294,14,39.02002321405842,37.28363594092996,0.015000000000000454,0.13500000000000056
45,success,1,0.14500000000000057,18.89265580509399,0.6948976782976196,37.247439787959244,14.877403732039964,14,39.02002321405842,37.28363594092996,0.015000000000000454,0.13500000000000056
45,success,1,0.15500000000000058,17.7220962337067,0.5032985171390983,36.86055504262924,16.4072722756121,14,39.02002321405842,37.28363594092996,0.015000000000000454,0.13500000000000056
45,success,1,0.1650000000000006,15.26390943261255,0.35901255125844334,36.59336645642203,17.994375972638277,14,39.02002321405842,37.28363594092996,0.015000000000000454,0.13500000000000056
45,success,1,0.1750000000000006,12.396468514232522,0.21016293138628891,36.58044464617673,19.418848386743978,14,39.02002321405842,37.28363594092996,0.015000000000000454,0.13500000000000056
45,success,1,0.1850000000000006,10.271739025850907,0.708370954637832,36.544453014585685,20.37533895066982,14,39.02002321405842,37.28363594092996,0.015000000000000454,0.13500000000000056
45,success,1,0.19500000000000062,8.716113391139762,1.1818760250932014,36.04243439390062,20.58827178846995,14,39.02002321405842,37.28363594092996,0.015000000000000454,0.13500000000000056
45,success,1,0.20500000000000063,9.818111878805182,0.9455528298788919,34.78063194224952,19.939857556852335,14,39.02002321405842,37.28363594092996,0.015000000000000454,0.13500000000000056
45,success,1,0.21500000000000064,11.437348742081962,0.8543274099430512,32.753354028223434,18.49439933251314,14,39.02002321405842,37.28363594092996,0.015000000000000454,0.13500000000000056
45,success,1,0.22500000000000064,11.651938166981042,0.8932444212856229,30.177674274467908,16.42125535341073,14,39.02002321405842,37.28363594092996,0.015000000000000454,0.13500000000000056
45,success,1,0.23500000000000065,11.737061827084712,0.92074618407046,27.34364982412635,13.920680965345927,14,39.02002321405842,37.28363594092996,0.015000000000000454,0.13500000000000056
45,success,1,0.24500000000000066,11.649042691178794,0.8959332085888418,24.493877737816717,11.230362172677967,14,39.02002321405842,37.28363594092996,0.015000000000000454,0.13500000000000056
45,success,1,0.25500000000000067,11.424527140997268,0.8663997292399734,21.802034083390783,8.69442918321314,14,39.02002321405842,37.28363594092996,0.015000000000000454,0.13500000000000056
45,success,1,0.2650000000000007,10.74108152316535,0.8758010208119639,19.423539886669634,6.773667734316944,14,39.02002321405842,37.28363594092996,0.015000000000000454,0.13500000000000056
45,success,1,0.2750000000000007,10.421768948800986,0.881964669853942,17.553200392649565,5.833544831106026,14,39.02002321405842,37.28363594092996,0.015000000000000454,0.13500000000000056
45,success,1,0.2850000000000007,10.421768948800986,0.881964669853942,16.40641041097285,5.73816259830293,14,39.02002321405842,37.28363594092996,0.015000000000000454,0.13500000000000056
45,success,1,0.2950000000000007,10.421768948800986,0.881964669853942,16.108982977586003,5.958302034356288,14,39.02002321405842,37.28363594092996,0.015000000000000454,0.13500000000000056
45,success,1,0.3050000000000007,8.7018756472366,1.2882600581615105,16.582167121532404,6.096731693306995,14,39.02002321405842,37.28363594092996,0.015000000000000454,0.13500000000000056
45,success,1,0.3150000000000007,9.401220343382947,1.1632143713043588,17.524847366746478,6.025670164541726,14,39.02002321405842,37.28363594092996,0.015000000000000454,0.13500000000000056
45,success,1,0.32500000000000073,10.408176224855973,1.1608204041150136,18.52298944124459,5.784765195965056,14,39.02002321405842,37.28363594092996,0.015000000000000454,0.13500000000000056
45,success,1,0.33500000000000074,10.414988066236402,1.156480747391938,19.191324293402825,5.443745389081563,14,39.02002321405842,37.28363594092996,0.015000000000000454,0.13500000000000056
45,success,1,0.34500000000000075,11.24357260910041,1.2389998063110166,19.280870556449337,5.034339832446989,14,39.02002321405842,37.28363594092996,0.015000000000000454,0.13500000000000056
45,success,1,0.35500000000000076,11.307176110763933,1.200304102458345,18.749246154729324,4.604592053391277,14,39.02002321405842,37.28363594092996,0.015000000000000454,0.13500000000000056
45,success,1,0.36500000000000077,11.517247746716835,1.129199862419947,17.786249070698066,4.247032160282722,14,39.02002321405842,37.28363594092996,0.015000000000000454,0.13500000000000056
45,success,1,0.3750000000000008,11.694488121795159,0.9752560949263985,16.763986777850793,4.0221028064068,14,39.02002321405842,37.28363594092996,0.015000000000000454,0.13500000000000056
45,success,1,0.3850000000000008,11.584269435294516,0.9644050796576146,16.089969999386135,3.953246214892419,14,39.02002321405842,37.28363594092996,0.015000000000000454,0.13500000000000056
45,success,1,0.3950000000000008,11.584269435294516,0.9644050796576146,16.034915005706004,4.052221589568448,14,39.02002321405842,37.28363594092996,0.015000000000000454,0.13500000000000056
45,success,1,0.4050000000000008,11.58465181639487,0.9644227172538508,16.659618749395396,4.220676207736926,14,39.02002321405842,37.28363594092996,0.015000000000000454,0.13500000000000056
45,success,1,0.4150000000000008,12.55107826779694,0.9792421921826983,17.880996260294122,4.2795293856385825,14,39.02002321405842,37.28363594092996,0.015000000000000454,0.13500000000000056
45,success,1,0.4250000000000008,12.890273062759702,1.0171170181762281,19.56387183421801,4.218965324201752,14,39.02002321405842,37.28363594092996,0.015000000000000454,0.13500000000000056
45,success,1,0.43500000000000083,14.503651125125886,1.2328025630527368,21.502266286299744,4.347135517310172,14,39.02002321405842,37.28363594092996,0.015000000000000454,0.13500000000000056
45,success,1,0.44500000000000084,17.262684686150614,1.8502550119044652,23.30509876137068,4.936348959682795,14,39.02002321405842,37.28363594092996,0.015000000000000454,0.13500000000000056
45,success,1,0.45500000000000085,19.802208048753155,2.637122310792811,24.386189617188165,5.721802282819921,14,39.02002321405842,37.28363594092996,0.015000000000000454,0.13500000000000056
45,success,1,0.46500000000000086,18.158384757973913,2.105743823265437,24.209811741374015,6.204404515508107,14,39.02002321405842,37.28363594092996,0.015000000000000454,0.13500000000000056
45,success,1,0.47500000000000087,15.326410377101084,1.3933388604073849,22.653701432481174,6.126637181509907,14,39.02002321405842,37.28363594092996,0.015000000000000454,0.13500000000000056
45,success,1,0.4850000000000009,13.768993024038389,1.1628100434173603,20.188355918666048,5.570550019903319,14,39.02002321405842,37.28363594092996,0.015000000000000454,0.13500000000000056
45,success,1,0.4950000000000009,13.768993024038389,1.1628100434173603,17.667900688978463,4.853060355732408,14,39.02002321405842,37.28363594092996,0.015000000000000454,0.13500000000000056
45,success,1,0.5050000000000009,13.768993024038389,1.1628100434173603,15.874919753132506,4.342028706629983,14,39.02002321405842,37.28363594092996,0.015000000000000454,0.13500000000000056
45,success,1,0.5150000000000009,13.768993024038389,1.1628100434173603,15.129322032361177,4.202712673961903,14,39.02002321405842,37.28363594092996,0.015000000000000454,0.13500000000000056
45,success,1,0.5250000000000009,13.768993024038389,1.1628100434173603,15.207869764774335,4.293625334356176,14,39.02002321405842,37.28363594092996,0.015000000000000454,0.13500000000000056
45,success,1,0.5350000000000009,13.768993024038389,1.1628100434173603,15.564710357880442,4.383949539724091,14,39.02002321405842,37.28363594092996,0.015000000000000454,0.13500000000000056
45,success,1,0.5450000000000009,13.768993024038389,1.1628100434173603,15.687864545710125,4.347468350365815,14,39.02002321405842,37.28363594092996,0.015000000000000454,0.13500000000000056
45,success,1,0.5550000000000009,13.768993024038389,1.1628100434173603,15.374780102618713,4.18084079820407,14,39.02002321405842,37.28363594092996,0.015000000000000454,0.13500000000000056
45,success,1,0.565000000000001,12.905920936543126,1.0498556432785167,14.788369448339852,3.9722124629018514,14,39.02002321405842,37.28363594092996,0.015000000000000454,0.13500000000000056
45,success,1,0.575000000000001,10.876501272243521,0.8532412166071526,14.2678469519155,3.860183976203753,14,39.02002321405842,37.28363594092996,0.015000000000000454,0.13500000000000056
45,success,1,0.585000000000001,7.345840317476617,0.7402073905643334,14.05236696516724,3.942247899260884,14,39.02002321405842,37.28363594092996,0.015000000000000454,0.13500000000000056
45,success,1,0.595000000000001,5.136248503235687,0.8312193080434361,14.138093609241427,4.155884549534103,14,39.02002321405842,37.28363594092996,0.015000000000000454,0.13500000000000056
45,success,1,0.605000000000001,4.1059189931824305,0.9626560298927568,14.385554509333023,4.33248760412616,14,39.02002321405842,37.28363594092996,0.015000000000000454,0.13500000000000056
45,success,1,0.615000000000001,4.0334609425661,1.084757732245369,14.764655933183056,4.422117353097041,14,39.02002321405842,37.28363594092996,0.015000000000000454,0.13500000000000056
45,success,1,0.625000000000001,5.028124216283521,0.8289518511792003,15.508564882453843,4.596850965410284,14,39.02002321405842,37.28363594092996,0.015000000000000454,0.13500000000000056
45,success,1,0.635000000000001,7.212497256261302,0.725843335416904,17.02349187770192,5.041542208210007,14,39.02002321405842,37.28363594092996,0.015000000000000454,0.13500000000000056
45,success,1,0.645000000000001,10.796424099144533,0.8152668893790932,19.587508675588797,5.708590932019233,14,39.02002321405842,37.28363594092996,0.015000000000000454,0.13500000000000056
45,success,1,0.655000000000001,10.646835444330003,0.7751677287449167,23.028147240628964,6.426480594830886,14,39.02002321405842,37.28363594092996,0.015000000000000454,0.13500000000000056
45,success,1,0.665000000000001,12.93137423471919,0.8442683803510281,26.601803570502017,7.038308728846382,14,39.02002321405842,37.28363594092996,0.015000000000000454,0.13500000000000056
45,success,1,0.675000000000001,15.909454188515292,0.8303068401832714,29.22776693192687,7.360732549654848,14,39.02002321405842,37.28363594092996,0.015000000000000454,0.13500000000000056
45,success,1,0.685000000000001,17.15955468888169,0.7302257705809039,30.02268509241393,7.2183311582302485,14,39.02002321405842,37.28363594092996,0.015000000000000454,0.13500000000000056
45,success,1,0.6950000000000011,19.83547179061185,1.887652280003058,28.82081473291385,6.61431969930319,14,39.02002321405842,37.28363594092996,0.015000000000000454,0.13500000000000056
45,success,1,0.7050000000000011,18.6491713626385,1.1366800056607644,26.27592973248852,5.831588913179102,14,39.02002321405842,37.28363594092996,0.015000000000000454,0.13500000000000056
45,success,1,0.7150000000000011,17.660293951715698,0.6345203116565439,23.441162944251833,5.286866390367015,14,39.02002321405842,37.28363594092996,0.015000000000000454,0.13500000000000056
45,success,1,0.7250000000000011,17.362026032506915,0.5426995290509822,21.16167247637129,5.154833194725087,14,39.02002321405842,37.28363594092996,0.015000000000000454,0.13500000000000056
45,success,1,0.7350000000000011,16.855411940679893,0.4149450465339794,19.732276406379814,5.234527223563739,14,39.02002321405842,37.28363594092996,0.015000000000000454,0.13500000000000056
45,success,1,0.7450000000000011,16.229097618899353,0.5245403212184923,18.988512777542322,5.27882331510811,14,39.02002321405842,37.28363594092996,0.015000000000000454,0.13500000000000056
45,success,1,0.7550000000000011,15.706164693616712,0.8009725455234521,18.617176309404744,5.187355846175568,14,39.02002321405842,37.28363594092996,0.015000000000000454,0.13500000000000056
45,success,1,0.7650000000000011,15.863584912985619,0.7022627487383701,18.441320659768916,4.973159556889318,14,39.02002321405842,37.28363594092996,0.015000000000000454,0.13500000000000056
45,success,1,0.7750000000000011,16.593570950051507,0.4300925193979858,18.55431732021541,4.793037806000138,14,39.02002321405842,37.28363594092996,0.015000000000000454,0.13500000000000056
45,success,1,0.7850000000000011,16.57807112109052,0.428968176757139,19.276577234526915,4.962590411768349,14,39.02002321405842,37.28363594092996,0.015000000000000454,0.13500000000000056
45,success,1,0.7950000000000012,16.445950309461217,0.44033074403515365,20.932955753641323,5.691997457277076,14,39.02002321405842,37.28363594092996,0.015000000000000454,0.13500000000000056
45,success,1,0.8050000000000012,15.838238605532833,0.8104409091893222,23.547031908149826,6.830023982328433,14,39.02002321405842,37.28363594092996,0.015000000000000454,0.13500000000000056
45,success,1,0.8150000000000012,16.244010192996793,0.5211814401952577,26.651189190924327,7.997901018026439,14,39.02002321405842,37.28363594092996,0.015000000000000454,0.13500000000000056
45,success,1,0.8250000000000012,16.849022539066137,0.5149458182654996,29.419508848475697,8.803302810014015,14,39.02002321405842,37.28363594092996,0.015000000000000454,0.13500000000000056
45,success,1,0.8350000000000012,16.89673077786711,0.5194298062387883,31.09500878679339,9.008245553496767,14,39.02002321405842,37.28363594092996,0.015000000000000454,0.13500000000000056
45,success,1,0.8450000000000012,18.999381391125105,0.6765583406591503,31.40919663768745,8.639994262256465,14,39.02002321405842,37.28363594092996,0.015000000000000454,0.13500000000000056
45,success,1,0.8550000000000012,22.111906540741067,1.0681299886075692,30.670513650692776,7.936095063244503,14,39.02002321405842,37.28363594092996,0.015000000000000454,0.13500000000000056
45,success,1,0.8650000000000012,26.919932039406085,1.7696392408378843,29.47918916246621,7.161648105124223,14,39.02002321405842,37.28363594092996,0.015000000000000454,0.13500000000000056
45,success,1,0.8750000000000012,31.051939169615952,2.680684593131026,28.326265140599098,6.480756703186663,14,39.02002321405842,37.28363594092996,0.015000000000000454,0.13500000000000056
45,success,1,0.8850000000000012,26.254235957371215,1.7112068990111042,27.37279509000239,5.9896835074575785,14,39.02002321405842,37.28363594092996,0.015000000000000454,0.13500000000000056
45,success,1,0.8950000000000012,23.569700173722726,1.2005654281185238,26.502639969101466,5.798971733311975,14,39.02002321405842,37.28363594092996,0.015000000000000454,0.13500000000000056
45,success,1,0.9050000000000012,24.543780809894603,1.5774231370290193,25.51674890244198,5.951645741224792,14,39.02002321405842,37.28363594092996,0.015000000000000454,0.13500000000000056
45,success,1,0.9150000000000013,23.970176306129282,1.5174648267299333,24.304790973391892,6.282226176208588,14,39.02002321405842,37.28363594092996,0.015000000000000454,0.13500000000000056
45,success,1,0.9250000000000013,20.003681535172728,1.3414550001604506,22.883535495814986,6.51917042067078,14,39.02002321405842,37.28363594092996,0.015000000000000454,0.13500000000000056
45,success,1,0.9350000000000013,18.824918702740774,1.5075462977712657,21.330782505306306,6.4741412435531185,14,39.02002321405842,37.28363594092996,0.015000000000000454,0.13500000000000056
45,success,1,0.9450000000000013,17.291409751176893,1.7986072439458969,19.709852985994026,6.085096942050613,14,39.02002321405842,37.28363594092996,0.015000000000000454,0.13500000000000056
45,success,1,0.9550000000000013,16.33361516374196,2.1577074889406385,18.071931993168654,5.407768868755592,14,39.02002321405842,37.28363594092996,0.015000000000000454,0.13500000000000056
45,success,1,0.9650000000000013,17.178220700864262,2.3869287716340413,16.519703483292997,4.658161810172372,14,39.02002321405842,37.28363594092996,0.015000000000000454,0.13500000000000056
45,success,1,0.9750000000000013,17.852248132235577,2.698192855613671,15.213844540307557,4.194967150235422,14,39.02002321405842,37.28363594092996,0.015000000000000454,0.13500000000000056
45,success,1,0.9850000000000013,16.310901754903476,3.4926734338056535,14.299593947740888,4.194835357558579,14,39.02002321405842,37.28363594092996,0.015000000000000454,0.13500000000000056
45,success,1,0.9950000000000013,13.841185083283003,4.372362511056353,13.841185083283003,4.372362511056353,14,39.02002321405842,37.28363594092996,0.015000000000000454,0.13500000000000056
45,success,2,-0.495,0.8738852632784864,0.839888259325753,0.8738852632784864,0.839888259325753,14,38.360597170250074,30.391727689097387,0.1850000000000006,0.24500000000000066
45,success,2,-0.485,0.9841039497791287,0.9460973631247576,0.9887850775580184,0.9457708042697882,14,38.360597170250074,30.391727689097387,0.1850000000000006,0.24500000000000066
45,success,2,-0.475,1.1183418367542495,1.075451961324339,1.1392096140952233,1.0741224371686096,14,38.360597170250074,30.391727689097387,0.1850000000000006,0.24500000000000066
45,success,2,-0.46499999999999997,1.1646088186380925,1.120035863085514,1.2282123203016184,1.1170059093060558,14,38.360597170250074,30.391727689097387,0.1850000000000006,0.24500000000000066
45,success,2,-0.45499999999999996,1.0611677953707985,1.0203577816876326,1.22087723132068,1.0192874754116843,14,38.360597170250074,30.391727689097387,0.1850000000000006,0.24500000000000066
45,success,2,-0.44499999999999995,0.8315887363100302,0.7991304333419152,1.1728773306864155,0.8311939814544026,14,38.360597170250074,30.391727689097387,0.1850000000000006,0.24500000000000066
45,success,2,-0.43499999999999994,0.5573434923457993,0.534862399276609,1.1897834555144426,0.7219990521033715,14,38.360597170250074,30.391727689097387,0.1850000000000006,0.24500000000000066
45,success,2,-0.42499999999999993,0.3194372467349346,0.3056131434314364,1.353454543977271,0.8351697303923917,14,38.360597170250074,30.391727689097387,0.1850000000000006,0.24500000000000066
45,success,2,-0.4149999999999999,0.15814259207300843,0.15019282056208025,1.6850740823455814,1.0713060460256834,14,38.360597170250074,30.391727689097387,0.1850000000000006,0.24500000000000066
45,success,2,-0.4049999999999999,0.07292843774584802,0.06809523297268827,2.1716924701127227,1.3538555778917265,14,38.360597170250074,30.391727689097387,0.1850000000000006,0.24500000000000066
45,success,2,-0.3949999999999999,0.04774531438621133,0.04384520611270387,2.8181484839871493,1.7871450656513832,14,38.360597170250074,30.391727689097387,0.1850000000000006,0.24500000000000066
45,success,2,-0.3849999999999999,0.04774531438621133,0.04384520611270387,3.661197455145609,2.4721419751430997,14,38.360597170250074,30.391727689097387,0.1850000000000006,0.24500000000000066
45,success,2,-0.3749999999999999,0.052333887590460655,0.04348971373769773,4.7331569678300704,3.310784969529213,14,38.360597170250074,30.391727689097387,0.1850000000000006,0.24500000000000066
45,success,2,-0.3649999999999999,0.052333887590460655,0.04348971373769773,6.023713531234885,4.097981379134559,14,38.360597170250074,30.391727689097387,0.1850000000000006,0.24500000000000066
45,success,2,-0.35499999999999987,0.06949006660114261,0.042189560932967246,7.483667039698388,4.697844708443485,14,38.360597170250074,30.391727689097387,0.1850000000000006,0.24500000000000066
45,success,2,-0.34499999999999986,0.14034187143509633,0.037038536448758666,9.060658944749493,5.127839190499785,14,38.360597170250074,30.391727689097387,0.1850000000000006,0.24500000000000066
45,success,2,-0.33499999999999985,0.25097175066720684,0.03918228048303153,10.709389450963211,5.500223674440084,14,38.360597170250074,30.391727689097387,0.1850000000000006,0.24500000000000066
45,success,2,-0.32499999999999984,0.267158400229291,0.03766595271099065,12.352856135058875,5.885480274805034,14,38.360597170250074,30.391727689097387,0.1850000000000006,0.24500000000000066
45,success,2,-0.31499999999999984,0.3670155634033089,0.023271345716495237,13.824494462240155,6.241989486385119,14,38.360597170250074,30.391727689097387,0.1850000000000006,0.24500000000000066
45,success,2,-0.3049999999999998,1.0050357341287002,0.04143142412449303,14.889260279323343,6.451460689473562,14,38.360597170250074,30.391727689097387,0.1850000000000006,0.24500000000000066
45,success,2,-0.2949999999999998,2.3177236626824254,0.10699350055895421,15.372871500844346,6.4127277585213,14,38.360597170250074,30.391727689097387,0.1850000000000006,0.24500000000000066
45,success,2,-0.2849999999999998,4.189707453664775,0.1923049698490449,15.33311915991844,6.154694888181857,14,38.360597170250074,30.391727689097387,0.1850000000000006,0.24500000000000066
45,success,2,-0.2749999999999998,4.189707453664775,0.1923049698490449,15.104432672743116,5.875987748204691,14,38.360597170250074,30.391727689097387,0.1850000000000006,0.24500000000000066
45,success,2,-0.2649999999999998,4.189707453664775,0.1923049698490449,15.118887956478298,5.8123097851574,14,38.360597170250074,30.391727689097387,0.1850000000000006,0.24500000000000066
45,success,2,-0.2549999999999998,6.5617982773798085,0.9554298487125497,15.618817276150638,6.036056516575709,14,38.360597170250074,30.391727689097387,0.1850000000000006,0.24500000000000066
45,success,2,-0.24499999999999977,5.143463149709773,0.482180459779786,16.50248670103243,6.467847439221714,14,38.360597170250074,30.391727689097387,0.1850000000000006,0.24500000000000066
45,success,2,-0.23499999999999976,4.193204118667146,0.19321924380104452,17.431126929758218,7.028624333985652,14,38.360597170250074,30.391727689097387,0.1850000000000006,0.24500000000000066
45,success,2,-0.22499999999999976,4.030925893704742,0.23693141131768342,18.068946837483427,7.641172799022356,14,38.360597170250074,30.391727689097387,0.1850000000000006,0.24500000000000066
45,success,2,-0.21499999999999975,4.193204118667146,0.19321924380104452,18.242237475921844,8.148069616437848,14,38.360597170250074,30.391727689097387,0.1850000000000006,0.24500000000000066
45,success,2,-0.20499999999999974,4.193204118667146,0.19321924380104452,17.93440176498429,8.33629080723001,14,38.360597170250074,30.391727689097387,0.1850000000000006,0.24500000000000066
45,success,2,-0.19499999999999973,4.030543512604389,0.23714669493931223,17.206781867017,8.048673054039089,14,38.360597170250074,30.391727689097387,0.1850000000000006,0.24500000000000066
45,success,2,-0.18499999999999972,3.9402658493979845,0.2965375348492654,16.16716009475712,7.2718149238240555,14,38.360597170250074,30.391727689097387,0.1850000000000006,0.24500000000000066
45,success,2,-0.1749999999999997,3.5786383732299925,0.35541323490521004,14.986244869318877,6.17298333955015,14,38.360597170250074,30.391727689097387,0.1850000000000006,0.24500000000000066
45,success,2,-0.1649999999999997,3.823356460221286,0.4597310573398516,13.890465572965855,5.095221023880901,14,38.360597170250074,30.391727689097387,0.1850000000000006,0.24500000000000066
45,success,2,-0.1549999999999997,4.452799720073434,0.6370956495666159,13.084691131234672,4.4528502907857055,14,38.360597170250074,30.391727689097387,0.1850000000000006,0.24500000000000066
45,success,2,-0.14499999999999968,4.675949318854128,0.8261096198233707,12.67337942833357,4.38586786779979,14,38.360597170250074,30.391727689097387,0.1850000000000006,0.24500000000000066
45,success,2,-0.13499999999999968,4.414330008118529,0.509186891022774,12.660962509739093,4.577969251544914,14,38.360597170250074,30.391727689097387,0.1850000000000006,0.24500000000000066
45,success,2,-0.12499999999999967,3.938517516896799,0.35827995770522675,13.022434479321932,4.746600315742423,14,38.360597170250074,30.391727689097387,0.1850000000000006,0.24500000000000066
45,success,2,-0.11499999999999966,3.7395506467915642,0.3532700854038325,13.730412189571558,4.979790782981524,14,38.360597170250074,30.391727689097387,0.1850000000000006,0.24500000000000066
45,success,2,-0.10499999999999965,3.323951771459646,0.3951968188592874,14.695326336521106,5.4621196892375465,14,38.360597170250074,30.391727689097387,0.1850000000000006,0.24500000000000066
45,success,2,-0.09499999999999964,3.559882934655387,0.29258908666600664,15.706823463910917,6.046978296749293,14,38.360597170250074,30.391727689097387,0.1850000000000006,0.24500000000000066
45,success,2,-0.08499999999999963,4.2366880058502785,0.19876838354696064,16.52245184200049,6.361813663121878,14,38.360597170250074,30.391727689097387,0.1850000000000006,0.24500000000000066
45,success,2,-0.07499999999999962,8.023083233875264,0.25347756074848515,17.063058865675817,6.193423313395291,14,38.360597170250074,30.391727689097387,0.1850000000000006,0.24500000000000066
45,success,2,-0.06499999999999961,12.861804529269609,0.4743040671806325,17.52642736849768,5.658685675267145,14,38.360597170250074,30.391727689097387,0.1850000000000006,0.24500000000000066
45,success,2,-0.05499999999999961,14.707118920842863,1.2450814248271331,18.265258662507218,5.149164083037516,14,38.360597170250074,30.391727689097387,0.1850000000000006,0.24500000000000066
45,success,2,-0.0449999999999996,15.900160902255726,2.36957443335676,19.523119098607925,5.118530673534014,14,38.360597170250074,30.391727689097387,0.1850000000000006,0.24500000000000066
45,success,2,-0.034999999999999594,18.21244116132994,3.5371308257441036,21.254532362234272,5.769559229045062,14,38.360597170250074,30.391727689097387,0.1850000000000006,0.24500000000000066
45,success,2,-0.02499999999999958,19.388531777695118,2.9009332383226023,23.149862491176055,6.926938804571636,14,38.360597170250074,30.391727689097387,0.1850000000000006,0.24500000000000066
45,success,2,-0.014999999999999573,16.264893007140014,1.6065552240958172,24.812456932599417,8.240272971242465,14,38.360597170250074,30.391727689097387,0.1850000000000006,0.24500000000000066
45,success,2,-0.004999999999999565,13.558640443813037,0.6447618325788393,25.954192119347958,9.417946696825378,14,38.360597170250074,30.391727689097387,0.1850000000000006,0.24500000000000066
45,success,2,0.005000000000000444,12.191053760190616,0.29217430253683785,26.511416355093978,10.367608947461088,14,38.360597170250074,30.391727689097387,0.1850000000000006,0.24500000000000066
45,success,2,0.015000000000000454,9.540786968733824,0.7428287648901413,26.66092231440555,11.202597252330563,14,38.360597170250074,30.391727689097387,0.1850000000000006,0.24500000000000066
45,success,2,0.025000000000000463,7.520136737947057,1.2171382277116025,26.729506235479878,12.09013644482608,14,38.360597170250074,30.391727689097387,0.1850000000000006,0.24500000000000066
45,success,2,0.03500000000000047,9.176421969796726,0.9195844880766509,27.005954938367754,13.05117720911855,14,38.360597170250074,30.391727689097387,0.1850000000000006,0.24500000000000066
45,success,2,0.04500000000000048,10.803280994086299,0.7000311170062848,27.518201177257307,13.912903328141278,14,38.360597170250074,30.391727689097387,0.1850000000000006,0.24500000000000066
45,success,2,0.055000000000000486,11.11339330473891,0.5043364070000025,27.950025669405647,14.432505026191107,14,38.360597170250074,30.391727689097387,0.1850000000000006,0.24500000000000066
45,success,2,0.0650000000000005,11.11339330473891,0.5043364070000025,27.860420799472557,14.449477251404542,14,38.360597170250074,30.391727689097387,0.1850000000000006,0.24500000000000066
45,success,2,0.07500000000000051,12.237793752360743,0.9685463366648567,27.0876950085591,13.96742669323902,14,38.360597170250074,30.391727689097387,0.1850000000000006,0.24500000000000066
45,success,2,0.08500000000000052,14.14948113834048,1.8843800731326525,25.9727047681972,13.159546885188217,14,38.360597170250074,30.391727689097387,0.1850000000000006,0.24500000000000066
45,success,2,0.09500000000000053,16.593851236131638,2.814907578472165,25.151491936163758,12.290323547184217,14,38.360597170250074,30.391727689097387,0.1850000000000006,0.24500000000000066
45,success,2,0.10500000000000054,20.586358943436803,3.2657342105938256,25.102748060377184,11.572706540399947,14,38.360597170250074,30.391727689097387,0.1850000000000006,0.24500000000000066
45,success,2,0.11500000000000055,21.54250460377943,3.6416788310133605,25.86512553291604,11.064759480440443,14,38.360597170250074,30.391727689097387,0.1850000000000006,0.24500000000000066
45,success,2,0.12500000000000056,21.595307226459624,3.6919380624983162,27.095906302237843,10.691407568459638,14,38.360597170250074,30.391727689097387,0.1850000000000006,0.24500000000000066
45,success,2,0.13500000000000056,21.132509110330084,3.6470771587746036,28.317666938246557,10.347853194305578,14,38.360597170250074,30.391727689097387,0.1850000000000006,0.24500000000000066
45,success,2,0.14500000000000057,23.634610784711807,3.4556692861294094,29.146409280492815,9.957765427739197,14,38.360597170250074,30.391727689097387,0.1850000000000006,0.24500000000000066
45,success,2,0.15500000000000058,23.32494811473785,4.002520345383331,29.44234970039341,9.48538948362159,14,38.360597170250074,30.391727689097387,0.1850000000000006,0.24500000000000066
45,success,2,0.1650000000000006,27.252283801072217,4.296190424357494,29.342338811941897,8.966952494851302,14,38.360597170250074,30.391727689097387,0.1850000000000006,0.24500000000000066
45,success,2,0.1750000000000006,37.89293437898399,11.249988384734563,29.12521571959522,8.52568044562049,14,38.360597170250074,30.391727689097387,0.1850000000000006,0.24500000000000066
45,success,2,0.1850000000000006,38.360597170250074,10.55993572366428,28.989955658415454,8.276995028474788,14,38.360597170250074,30.391727689097387,0.1850000000000006,0.24500000000000066
45,success,2,0.19500000000000062,37.34477348772139,10.203748753909059,28.950831935174108,8.196588673266017,14,38.360597170250074,30.391727689097387,0.1850000000000006,0.24500000000000066
45,success,2,0.20500000000000063,36.13596077037264,9.986415496341444,28.96649408751083,8.196223003005043,14,38.360597170250074,30.391727689097387,0.1850000000000006,0.24500000000000066
45,success,2,0.21500000000000064,36.105089174812576,9.465847368156803,29.105266457674393,8.341320374229761,14,38.360597170250074,30.391727689097387,0.1850000000000006,0.24500000000000066
45,success,2,0.22500000000000064,25.528283317782456,1.8526799051576246,29.486195500835702,8.824368955211217,14,38.360597170250074,30.391727689097387,0.1850000000000006,0.24500000000000066
45,success,2,0.23500000000000065,17.873384311327953,0.6005306503371219,30.036874581940943,9.623240777627633,14,38.360597170250074,30.391727689097387,0.1850000000000006,0.24500000000000066
45,success,2,0.24500000000000066,14.597967259835979,0.521054374941398,30.391727689097387,10.359489666251823,14,38.360597170250074,30.391727689097387,0.1850000000000006,0.24500000000000066
45,success,2,0.25500000000000067,12.588624513725303,0.5459098882517479,30.100072774489526,10.605720466666481,14,38.360597170250074,30.391727689097387,0.1850000000000006,0.24500000000000066
45,success,2,0.2650000000000007,11.598574737131397,0.5129876770811826,28.933936714170184,10.28472711848531,14,38.360597170250074,30.391727689097387,0.1850000000000006,0.24500000000000066
45,success,2,0.2750000000000007,7.004522123603091,0.38862051029824735,26.972157612315637,9.753295500660215,14,38.360597170250074,30.391727689097387,0.1850000000000006,0.24500000000000066
45,success,2,0.2850000000000007,3.9978112083994097,0.25884068218212847,24.45034094308463,9.3409056598943,14,38.360597170250074,30.391727689097387,0.1850000000000006,0.24500000000000066
45,success,2,0.2950000000000007,2.3096898192552557,0.22053778565383444,21.609545402694494,8.86380431238937,14,38.360597170250074,30.391727689097387,0.1850000000000006,0.24500000000000066
45,success,2,0.3050000000000007,2.484799255688466,0.1605359142604068,18.690283329980932,7.967391144179294,14,38.360597170250074,30.391727689097387,0.1850000000000006,0.24500000000000066
45,success,2,0.3150000000000007,2.8101204678139813,0.23668516715698992,15.95800702467418,6.690530039379997,14,38.360597170250074,30.391727689097387,0.1850000000000006,0.24500000000000066
45,success,2,0.32500000000000073,2.35019713740459,0.19082171125248,13.625544079494585,5.447796511305089,14,38.360597170250074,30.391727689097387,0.1850000000000006,0.24500000000000066
45,success,2,0.33500000000000074,1.4020999273387236,0.2793723100920514,11.749349767729436,4.6218918288005355,14,38.360597170250074,30.391727689097387,0.1850000000000006,0.24500000000000066
45,success,2,0.34500000000000075,0.9490647209566097,0.33809437135379306,10.24343772814151,4.2159187732471635,14,38.360597170250074,30.391727689097387,0.1850000000000006,0.24500000000000066
45,success,2,0.35500000000000076,1.430429291075983,0.2778409110309953,9.036225840331491,3.9493733202361927,14,38.360597170250074,30.391727689097387,0.1850000000000006,0.24500000000000066
45,success,2,0.36500000000000077,2.263666903775931,0.19884397879284968,8.21177226038835,3.6184972976731635,14,38.360597170250074,30.391727689097387,0.1850000000000006,0.24500000000000066
45,success,2,0.3750000000000008,2.263666903775931,0.19884397879284968,7.991380916426148,3.260579181974874,14,38.360597170250074,30.391727689097387,0.1850000000000006,0.24500000000000066
45,success,2,0.3850000000000008,2.2913246356192865,0.20013544320968926,8.579187070736696,3.106237000121937,14,38.360597170250074,30.391727689097387,0.1850000000000006,0.24500000000000066
45,success,2,0.3950000000000008,4.395994931575031,0.1601094496124889,9.99716359405152,3.3315487800896397,14,38.360597170250074,30.391727689097387,0.1850000000000006,0.24500000000000066
45,success,2,0.4050000000000008,4.9018714701133534,0.19605009780444524,12.03678378453878,3.8304155153680135,14,38.360597170250074,30.391727689097387,0.1850000000000006,0.24500000000000066
45,success,2,0.4150000000000008,7.084015072432501,0.3406253309138181,14.311667641878163,4.388565820197621,14,38.360597170250074,30.391727689097387,0.1850000000000006,0.24500000000000066
45,success,2,0.4250000000000008,11.200242881889087,0.5508789069979243,16.353968997321555,4.88083159317657,14,38.360597170250074,30.391727689097387,0.1850000000000006,0.24500000000000066
45,success,2,0.43500000000000083,19.867671769498394,1.5853755986923277,17.715175438054292,5.247526912691354,14,38.360597170250074,30.391727689097387,0.1850000000000006,0.24500000000000066
45,success,2,0.44500000000000084,15.282264321382423,0.9698231685050096,18.112968741330103,5.403241646809157,14,38.360597170250074,30.391727689097387,0.1850000000000006,0.24500000000000066
45,success,2,0.45500000000000085,12.19974904200734,0.7541877909623442,17.5856717823716,5.2481074268999,14,38.360597170250074,30.391727689097387,0.1850000000000006,0.24500000000000066
45,success,2,0.46500000000000086,12.064438226547882,0.9253583751701688,16.530769357206246,4.840833738009418,14,38.360597170250074,30.391727689097387,0.1850000000000006,0.24500000000000066
45,success,2,0.47500000000000087,10.955828095727322,1.133443937600108,15.514296453643322,4.564131306248684,14,38.360597170250074,30.391727689097387,0.1850000000000006,0.24500000000000066
45,success,2,0.4850000000000009,8.196523751492943,1.363511713604242,14.942618027130404,4.835486282458427,14,38.360597170250074,30.391727689097387,0.1850000000000006,0.24500000000000066
45,success,2,0.4950000000000009,7.6282918109868545,1.6558422463213027,14.85571150141108,5.464593919876857,14,38.360597170250074,30.391727689097387,0.1850000000000006,0.24500000000000066
45,success,2,0.5050000000000009,7.527320074169317,2.0358273754025302,15.01302133825735,5.934947220982908,14,38.360597170250074,30.391727689097387,0.1850000000000006,0.24500000000000066
45,success,2,0.5150000000000009,8.119577651004366,2.459736791774464,15.153072355410956,6.015474419749111,14,38.360597170250074,30.391727689097387,0.1850000000000006,0.24500000000000066
45,success,2,0.5250000000000009,9.239220725096697,2.9972971665426376,15.141617816517455,5.798591493414463,14,38.360597170250074,30.391727689097387,0.1850000000000006,0.24500000000000066
45,success,2,0.5350000000000009,10.670904255548972,3.627755283993813,14.91576542046962,5.457294151743373,14,38.360597170250074,30.391727689097387,0.1850000000000006,0.24500000000000066
45,success,2,0.5450000000000009,11.289373625208126,4.221747488036502,14.386700854036372,5.051491448036296,14,38.360597170250074,30.391727689097387,0.1850000000000006,0.24500000000000066
45,success,2,0.5550000000000009,14.108632518863148,4.570668338282539,13.482904093429463,4.539500066074062,14,38.360597170250074,30.391727689097387,0.1850000000000006,0.24500000000000066
45,success,2,0.565000000000001,13.080632495602199,4.26600523166281,12.275797699081888,3.923798234035082,14,38.360597170250074,30.391727689097387,0.1850000000000006,0.24500000000000066
45,success,2,0.575000000000001,11.377094333410598,3.55079071887944,11.013449310907744,3.3504088482053644,14,38.360597170250074,30.391727689097387,0.1850000000000006,0.24500000000000066
45,success,2,0.585000000000001,9.425406301906433,2.5911636070930704,10.007364279416688,3.0185206169277574,14,38.360597170250074,30.391727689097387,0.1850000000000006,0.24500000000000066
45,success,2,0.595000000000001,6.90855254484797,1.6694202662916502,9.481338142542452,2.98209269915548,14,38.360597170250074,30.391727689097387,0.1850000000000006,0.24500000000000066
45,success,2,0.605000000000001,5.7354020280347555,0.8548313872823157,9.506407662314842,3.229730506935805,14,38.360597170250074,30.391727689097387,0.1850000000000006,0.24500000000000066
45,success,2,0.615000000000001,4.63221666184792,0.34386377274893837,9.993849790834943,3.802891952446056,14,38.360597170250074,30.391727689097387,0.1850000000000006,0.24500000000000066
45,success,2,0.625000000000001,4.291475337856074,0.1964148000383081,10.699200000301001,4.539213079954832,14,38.360597170250074,30.391727689097387,0.1850000000000006,0.24500000000000066
45,success,2,0.635000000000001,4.291475337856074,0.1964148000383081,11.27219483810559,5.052145145684666,14,38.360597170250074,30.391727689097387,0.1850000000000006,0.24500000000000066
45,success,2,0.645000000000001,4.291475337856074,0.1964148000383081,11.413042537945463,5.052858500788968,14,38.360597170250074,30.391727689097387,0.1850000000000006,0.24500000000000066
45,success,2,0.655000000000001,4.291475337856074,0.1964148000383081,11.05033969464502,4.559044292518177,14,38.360597170250074,30.391727689097387,0.1850000000000006,0.24500000000000066
45,success,2,0.665000000000001,4.291475337856074,0.1964148000383081,10.396138532117345,3.865652082395062,14,38.360597170250074,30.391727689097387,0.1850000000000006,0.24500000000000066
45,success,2,0.675000000000001,4.291475337856074,0.1964148000383081,9.825485443149558,3.331893744689182,14,38.360597170250074,30.391727689097387,0.1850000000000006,0.24500000000000066
45,success,2,0.685000000000001,3.8676103114253872,0.20665677765844057,9.683382860419878,3.1504896774973097,14,38.360597170250074,30.391727689097387,0.1850000000000006,0.24500000000000066
45,success,2,0.6950000000000011,3.8676103114253872,0.20665677765844057,10.117740667885199,3.321501186615446,14,38.360597170250074,30.391727689097387,0.1850000000000006,0.24500000000000066
45,success,2,0.7050000000000011,3.8676103114253872,0.20665677765844057,10.983161274934483,3.7083254449892395,14,38.360597170250074,30.391727689097387,0.1850000000000006,0.24500000000000066
45,success,2,0.7150000000000011,3.8676103114253872,0.20665677765844057,11.848604807102635,4.062262215826173,14,38.360597170250074,30.391727689097387,0.1850000000000006,0.24500000000000066
45,success,2,0.7250000000000011,2.49953769387545,0.15283350559355421,12.163659216127227,4.158762507641572,14,38.360597170250074,30.391727689097387,0.1850000000000006,0.24500000000000066
45,success,2,0.7350000000000011,2.49953769387545,0.15283350559355421,11.56349157083736,3.911074085828339,14,38.360597170250074,30.391727689097387,0.1850000000000006,0.24500000000000066
45,success,2,0.7450000000000011,2.42346169946838,0.19881643484756784,10.122252433429017,3.3716345819954627,14,38.360597170250074,30.391727689097387,0.1850000000000006,0.24500000000000066
45,success,2,0.7550000000000011,2.3997109989490353,0.2162816868097634,8.35964617415934,2.705140251983902,14,38.360597170250074,30.391727689097387,0.1850000000000006,0.24500000000000066
45,success,2,0.7650000000000011,2.3934824311450025,0.221025790878774,6.970542219461339,2.182428167781302,14,38.360597170250074,30.391727689097387,0.1850000000000006,0.24500000000000066
45,success,2,0.7750000000000011,2.3919529067435863,0.2222000853739072,6.4708187865185876,2.088225014172879,14,38.360597170250074,30.391727689097387,0.1850000000000006,0.24500000000000066
45,success,2,0.7850000000000011,2.079879277701315,0.1988450291745867,6.988920813795046,2.44168681473944,14,38.360597170250074,30.391727689097387,0.1850000000000006,0.24500000000000066
45,success,2,0.7950000000000012,1.816584405445065,0.18042575084359835,8.289488135429071,3.05604240116157,14,38.360597170250074,30.391727689097387,0.1850000000000006,0.24500000000000066
45,success,2,0.8050000000000012,0.9606015494042961,0.08454179242592601,9.94040169384914,3.808071751639874,14,38.360597170250074,30.391727689097387,0.1850000000000006,0.24500000000000066
45,success,2,0.8150000000000012,0.9606015494042961,0.08454179242592601,11.487127539215777,4.5912442959566135,14,38.360597170250074,30.391727689097387,0.1850000000000006,0.24500000000000066
45,success,2,0.8250000000000012,0.9606015494042961,0.08454179242592601,12.563224920653136,5.23025617779546,14,38.360597170250074,30.391727689097387,0.1850000000000006,0.24500000000000066
45,success,2,0.8350000000000012,0.9606015494042961,0.08454179242592601,12.93491552564756,5.517523144345571,14,38.360597170250074,30.391727689097387,0.1850000000000006,0.24500000000000066
45,success,2,0.8450000000000012,0.9606015494042961,0.08454179242592601,12.51062133113807,5.328167216734857,14,38.360597170250074,30.391727689097387,0.1850000000000006,0.24500000000000066
45,success,2,0.8550000000000012,0.3311455992767701,0.027868661016923334,11.339301664875096,4.711260059008433,14,38.360597170250074,30.391727689097387,0.1850000000000006,0.24500000000000066
45,success,2,0.8650000000000012,0.243576635710382,0.029949699983185772,9.60491948367466,3.8688390050841504,14,38.360597170250074,30.391727689097387,0.1850000000000006,0.24500000000000066
45,success,2,0.8750000000000012,0.243576635710382,0.029949699983185772,7.615906054640521,3.0366037976110127,14,38.360597170250074,30.391727689097387,0.1850000000000006,0.24500000000000066
45,success,2,0.8850000000000012,0.11539415551535608,0.016970201962376284,5.777486911237786,2.392272283113865,14,38.360597170250074,30.391727689097387,0.1850000000000006,0.24500000000000066
45,success,2,0.8950000000000012,0.06184567529694566,0.02202717380725691,4.518548533345565,2.086234466558868,14,38.360597170250074,30.391727689097387,0.1850000000000006,0.24500000000000066
45,success,2,0.9050000000000012,0.0967069638752548,0.02145015397798922,4.172823085910281,2.2901097655233653,14,38.360597170250074,30.391727689097387,0.1850000000000006,0.24500000000000066
45,success,2,0.9150000000000013,0.144119769260445,0.03327354477045883,4.850764284137312,3.0369593042316834,14,38.360597170250074,30.391727689097387,0.1850000000000006,0.24500000000000066
45,success,2,0.9250000000000013,0.22857444892481674,0.04606887573376538,6.380507642833296,4.119905366087071,14,38.360597170250074,30.391727689097387,0.1850000000000006,0.24500000000000066
45,success,2,0.9350000000000013,0.5860610610026727,0.14334906830491562,8.38057939990827,5.212382792892379,14,38.360597170250074,30.391727689097387,0.1850000000000006,0.24500000000000066
45,success,2,0.9450000000000013,0.7584385946342208,0.20840694110275113,10.43962255868205,5.992746118990801,14,38.360597170250074,30.391727689097387,0.1850000000000006,0.24500000000000066
45,success,2,0.9550000000000013,1.717415053240846,0.47373530207044484,12.298403955068206,6.2785249436003525,14,38.360597170250074,30.391727689097387,0.1850000000000006,0.24500000000000066
45,success,2,0.9650000000000013,3.45642785262514,0.9352368488764538,13.893645503336172,6.128004167743681,14,38.360597170250074,30.391727689097387,0.1850000000000006,0.24500000000000066
45,success,2,0.9750000000000013,6.058221510871973,1.6327541671976276,15.243662037706105,5.825556639886952,14,38.360597170250074,30.391727689097387,0.1850000000000006,0.24500000000000066
45,success,2,0.9850000000000013,9.246756701825813,2.5252882445649107,16.295841694347754,5.664742217105214,14,38.360597170250074,30.391727689097387,0.1850000000000006,0.24500000000000066
45,success,2,0.9950000000000013,16.894193924430244,5.665587851269167,16.894193924430244,5.665587851269167,14,38.360597170250074,30.391727689097387,0.1850000000000006,0.24500000000000066
270,success,0,-0.495,5.159190091935262,2.6714290802739638,5.159190091935262,2.6714290802739638,18,17.0592012666051,16.566537025061294,0.685000000000001,0.15500000000000058
270,success,0,-0.485,5.54599480684416,2.8896361840365916,5.64275434232209,2.8865239326467913,18,17.0592012666051,16.566537025061294,0.685000000000001,0.15500000000000058
270,success,0,-0.475,6.047821129246729,3.185179706099934,6.326563030487064,3.1820100353726115,18,17.0592012666051,16.566537025061294,0.685000000000001,0.15500000000000058
270,success,0,-0.46499999999999997,6.30523646248794,3.3719304094126397,6.821864637752035,3.3806563347505305,18,17.0592012666051,16.566537025061294,0.685000000000001,0.15500000000000058
270,success,0,-0.45499999999999996,6.082992757183579,3.3252386917526127,6.854360020132198,3.3656428574689494,18,17.0592012666051,16.566537025061294,0.685000000000001,0.15500000000000058
270,success,0,-0.44499999999999995,5.36292443967998,3.020232829686434,6.389479055720199,3.1204594127027963,18,17.0592012666051,16.566537025061294,0.685000000000001,0.15500000000000058
270,success,0,-0.43499999999999994,4.302589193466407,2.5087588187622334,5.626233147435425,2.7235322630592296,18,17.0592012666051,16.566537025061294,0.685000000000001,0.15500000000000058
270,success,0,-0.42499999999999993,3.1367817218094967,1.8894810032505953,4.884615946879006,2.352895178958026,18,17.0592012666051,16.566537025061294,0.685000000000001,0.15500000000000058
270,success,0,-0.4149999999999999,2.089342397243721,1.2863332203819822,4.450490517431596,2.249783826986394,18,17.0592012666051,16.566537025061294,0.685000000000001,0.15500000000000058
270,success,0,-0.4049999999999999,1.3181027638406329,0.8169029771006554,4.450888584134131,2.479979771435502,18,17.0592012666051,16.566537025061294,0.685000000000001,0.15500000000000058
270,success,0,-0.3949999999999999,0.8829842523247071,0.561197860436757,4.844975604436608,2.817273993850317,18,17.0592012666051,16.566537025061294,0.685000000000001,0.15500000000000058
270,success,0,-0.3849999999999999,0.7947243271719611,0.5416769240742102,5.522208166433234,3.0208952272982574,18,17.0592012666051,16.566537025061294,0.685000000000001,0.15500000000000058
270,success,0,-0.3749999999999999,1.002821465951146,0.7365115683450179,6.394321751113897,3.0177906088526334,18,17.0592012666051,16.566537025061294,0.685000000000001,0.15500000000000058
270,success,0,-0.3649999999999999,1.463024930490968,1.0959920814806758,7.377787184835463,2.9210642406176404,18,17.0592012666051,16.566537025061294,0.685000000000001,0.15500000000000058
270,success,0,-0.35499999999999987,2.046456134116861,1.5090422596920283,8.319167531926063,2.934772557770758,18,17.0592012666051,16.566537025061294,0.685000000000001,0.15500000000000058
270,success,0,-0.34499999999999986,2.5884045185005347,1.8526205432639653,8.994858532573085,3.1185484634391236,18,17.0592012666051,16.566537025061294,0.685000000000001,0.15500000000000058
270,success,0,-0.33499999999999985,2.9733013017733323,2.043272014596291,9.236189312306172,3.300874970947482,18,17.0592012666051,16.566537025061294,0.685000000000001,0.15500000000000058
270,success,0,-0.32499999999999984,3.2023427838085996,2.0814464187218205,9.053621877899865,3.3056785824183623,18,17.0592012666051,16.566537025061294,0.685000000000001,0.15500000000000058
270,success,0,-0.31499999999999984,3.3978637692054705,2.0465532776198363,8.611592697000223,3.11412776693697,18,17.0592012666051,16.566537025061294,0.685000000000001,0.15500000000000058
270,success,0,-0.3049999999999998,3.453170679539826,2.070818170403298,8.09344473774689,2.8185458091331292,18,17.0592012666051,16.566537025061294,0.685000000000001,0.15500000000000058
270,success,0,-0.2949999999999998,3.580710348735242,2.219633091899907,7.609537951165598,2.504176482954278,18,17.0592012666051,16.566537025061294,0.685000000000001,0.15500000000000058
270,success,0,-0.2849999999999998,3.7352810350089203,2.477286428585661,7.229501566758994,2.2218069591722536,18,17.0592012666051,16.566537025061294,0.685000000000001,0.15500000000000058
270,success,0,-0.2749999999999998,1.6672306897099585,0.8792473623082243,7.035220162078559,2.050791938551661,18,17.0592012666051,16.566537025061294,0.685000000000001,0.15500000000000058
270,success,0,-0.2649999999999998,1.1982830913130968,0.5659503726154155,7.078988847370536,2.0583172476280946,18,17.0592012666051,16.566537025061294,0.685000000000001,0.15500000000000058
270,success,0,-0.2549999999999998,0.8119762157643275,0.3091408776781597,7.293599663105706,2.1749358376383916,18,17.0592012666051,16.566537025061294,0.685000000000001,0.15500000000000058
270,success,0,-0.24499999999999977,0.5539479150044246,0.1396168993824531,7.481232534514195,2.268415090407159,18,17.0592012666051,16.566537025061294,0.685000000000001,0.15500000000000058
270,success,0,-0.23499999999999976,0.4121561802935409,0.053797772087800975,7.432913600305404,2.26936426509287,18,17.0592012666051,16.566537025061294,0.685000000000001,0.15500000000000058
270,success,0,-0.22499999999999976,0.31850258818162414,0.011318883370129698,7.076509069192015,2.1741175489458784,18,17.0592012666051,16.566537025061294,0.685000000000001,0.15500000000000058
270,success,0,-0.21499999999999975,0.29027729341312997,0.018029619716865335,6.523725242710899,2.0590144595663156,18,17.0592012666051,16.566537025061294,0.685000000000001,0.15500000000000058
270,success,0,-0.20499999999999974,0.28240072404541766,0.022586921316713974,5.968626399848989,2.0964349487898133,18,17.0592012666051,16.566537025061294,0.685000000000001,0.15500000000000058
270,success,0,-0.19499999999999973,0.28240072404541766,0.022586921316713974,5.52951751893529,2.352159054640458,18,17.0592012666051,16.566537025061294,0.685000000000001,0.15500000000000058
270,success,0,-0.18499999999999972,0.28240072404541766,0.022586921316713974,5.1762596380523895,2.6159306648041816,18,17.0592012666051,16.566537025061294,0.685000000000001,0.15500000000000058
270,success,0,-0.1749999999999997,0.28240072404541766,0.022586921316713974,4.8108654479913815,2.6309283709409237,18,17.0592012666051,16.566537025061294,0.685000000000001,0.15500000000000058
270,success,0,-0.1649999999999997,0.28240072404541766,0.022586921316713974,4.416609945753256,2.3276515031975626,18,17.0592012666051,16.566537025061294,0.685000000000001,0.15500000000000058
270,success,0,-0.1549999999999997,0.28104090987782915,0.023453707825451958,4.123394004314367,1.8840138486404352,18,17.0592012666051,16.566537025061294,0.685000000000001,0.15500000000000058
270,success,0,-0.14499999999999968,0.28104090987782915,0.023453707825451958,4.127228077139242,1.6562264649330278,18,17.0592012666051,16.566537025061294,0.685000000000001,0.15500000000000058
270,success,0,-0.13499999999999968,0.28210331652292003,0.022772764929338205,4.561057666824818,1.8538680306622266,18,17.0592012666051,16.566537025061294,0.685000000000001,0.15500000000000058
270,success,0,-0.12499999999999967,0.2889174792455414,0.018776704609927516,5.4347766594420275,2.3045200237007943,18,17.0592012666051,16.566537025061294,0.685000000000001,0.15500000000000058
270,success,0,-0.11499999999999966,0.3139694884527727,0.010461952908888048,6.649333810077471,2.8081884139070206,18,17.0592012666051,16.566537025061294,0.685000000000001,0.15500000000000058
270,success,0,-0.10499999999999965,0.8603201568071996,0.03489045626943877,8.022448026233754,3.246179457744373,18,17.0592012666051,16.566537025061294,0.685000000000001,0.15500000000000058
270,success,0,-0.09499999999999964,1.739520832680424,0.16506024781524006,9.312957538785822,3.5205459259997505,18,17.0592012666051,16.566537025061294,0.685000000000001,0.15500000000000058
270,success,0,-0.08499999999999963,2.4986036609732913,0.35595780621205236,10.29633770636238,3.5809055485978347,18,17.0592012666051,16.566537025061294,0.685000000000001,0.15500000000000058
270,success,0,-0.07499999999999962,3.3904276667061204,0.4428789366929301,10.882651516819939,3.487501870748845,18,17.0592012666051,16.566537025061294,0.685000000000001,0.15500000000000058
270,success,0,-0.06499999999999961,5.519913177824453,1.0362008504172953,11.166292411842045,3.411618663231852,18,17.0592012666051,16.566537025061294,0.685000000000001,0.15500000000000058
270,success,0,-0.05499999999999961,3.8127040607326084,0.9608447875980356,11.326393657470959,3.4995297121164954,18,17.0592012666051,16.566537025061294,0.685000000000001,0.15500000000000058
270,success,0,-0.0449999999999996,4.603573149876448,0.7116943254420566,11.455254195896662,3.719941073624363,18,17.0592012666051,16.566537025061294,0.685000000000001,0.15500000000000058
270,success,0,-0.034999999999999594,3.2755474181643955,0.4187839397428186,11.485795078617556,3.9229852689411615,18,17.0592012666051,16.566537025061294,0.685000000000001,0.15500000000000058
270,success,0,-0.02499999999999958,1.7149193919459182,0.1595152355802086,11.270521284894974,3.9866401087402483,18,17.0592012666051,16.566537025061294,0.685000000000001,0.15500000000000058
270,success,0,-0.014999999999999573,0.8596068576930757,0.03250394664441239,10.711481847267294,3.869204734644154,18,17.0592012666051,16.566537025061294,0.685000000000001,0.15500000000000058
270,success,0,-0.004999999999999565,0.8596068576930757,0.03250394664441239,9.82092901624286,3.5982550723391418,18,17.0592012666051,16.566537025061294,0.685000000000001,0.15500000000000058
270,success,0,0.005000000000000444,0.8596068576930757,0.03250394664441239,8.696013549072214,3.2424619794165044,18,17.0592012666051,16.566537025061294,0.685000000000001,0.15500000000000058
270,success,0,0.015000000000000454,0.6662505098692141,0.06643578855501317,7.476575292937239,2.876800994496703,18,17.0592012666051,16.566537025061294,0.685000000000001,0.15500000000000058
270,success,0,0.025000000000000463,0.5802050482442392,0.09166627661820531,6.326302119286649,2.550818236887538,18,17.0592012666051,16.566537025061294,0.685000000000001,0.15500000000000058
270,success,0,0.03500000000000047,0.5802050482442392,0.09166627661820531,5.42435973572368,2.2896159280352646,18,17.0592012666051,16.566537025061294,0.685000000000001,0.15500000000000058
270,success,0,0.04500000000000048,0.5485576129544807,0.10098610730861984,4.927870652215716,2.1052800220945156,18,17.0592012666051,16.566537025061294,0.685000000000001,0.15500000000000058
270,success,0,0.055000000000000486,0.5643107516899053,0.09658738541984414,4.923773008469634,2.0344710229708003,18,17.0592012666051,16.566537025061294,0.685000000000001,0.15500000000000058
270,success,0,0.0650000000000005,0.6134795869041766,0.08507211597816833,5.404173780085213,2.2221222518741426,18,17.0592012666051,16.566537025061294,0.685000000000001,0.15500000000000058
270,success,0,0.07500000000000051,0.7427803621500813,0.07870056586501037,6.286465323530115,2.803804957891539,18,17.0592012666051,16.566537025061294,0.685000000000001,0.15500000000000058
270,success,0,0.08500000000000052,0.8140587290668198,0.10931480327292961,7.4554125619069636,3.6326791281777067,18,17.0592012666051,16.566537025061294,0.685000000000001,0.15500000000000058
270,success,0,0.09500000000000053,0.9445108184661538,0.21353147717349574,8.818277090341153,4.402584133999238,18,17.0592012666051,16.566537025061294,0.685000000000001,0.15500000000000058
270,success,0,0.10500000000000054,0.9568030272697217,0.21113652611685255,10.34336306897274,4.923162789721627,18,17.0592012666051,16.566537025061294,0.685000000000001,0.15500000000000058
270,success,0,0.11500000000000055,0.8624657126044711,0.09957897811427124,12.027883641745477,5.244957459362746,18,17.0592012666051,16.566537025061294,0.685000000000001,0.15500000000000058
270,success,0,0.12500000000000056,0.7925471598553212,0.06674734306193246,13.785574015662458,5.5723236088584684,18,17.0592012666051,16.566537025061294,0.685000000000001,0.15500000000000058
270,success,0,0.13500000000000056,0.7925471598553212,0.06674734306193246,15.352773173183598,6.0182613837393095,18,17.0592012666051,16.566537025061294,0.685000000000001,0.15500000000000058
270,success,0,0.14500000000000057,0.7925471598553212,0.06674734306193246,16.362994472423118,6.490684821235215,18,17.0592012666051,16.566537025061294,0.685000000000001,0.15500000000000058
270,success,0,0.15500000000000058,0.7925471598553212,0.06674734306193246,16.566537025061294,6.82832607821512,18,17.0592012666051,16.566537025061294,0.685000000000001,0.15500000000000058
270,success,0,0.1650000000000006,0.7925471598553212,0.06674734306193246,16.000424658607837,6.939776589470419,18,17.0592012666051,16.566537025061294,0.685000000000001,0.15500000000000058
270,success,0,0.1750000000000006,0.7931419749003165,0.06635499353029257,14.949789857411892,6.814345893138918,18,17.0592012666051,16.566537025061294,0.685000000000001,0.15500000000000058
270,success,0,0.1850000000000006,0.7952667881904982,0.06495384861804664,13.765776091004291,6.47754975113141,18,17.0592012666051,16.566537025061294,0.685000000000001,0.15500000000000058
270,success,0,0.19500000000000062,0.6409010931394853,0.07389202883209242,12.710248050311884,5.977899403611787,18,17.0592012666051,16.566537025061294,0.685000000000001,0.15500000000000058
270,success,0,0.20500000000000063,0.5830809262830045,0.08945198987509372,11.896810288742895,5.40437411742515,18,17.0592012666051,16.566537025061294,0.685000000000001,0.15500000000000058
270,success,0,0.21500000000000064,0.5830809262830045,0.08945198987509372,11.300064794031526,4.863558359980518,18,17.0592012666051,16.566537025061294,0.685000000000001,0.15500000000000058
270,success,0,0.22500000000000064,0.5847381479730908,0.08895862898235488,10.809044133970117,4.399355417155077,18,17.0592012666051,16.566537025061294,0.685000000000001,0.15500000000000058
270,success,0,0.23500000000000065,0.6729084228882473,0.06313936219426156,10.32536863682759,3.9805589558564547,18,17.0592012666051,16.566537025061294,0.685000000000001,0.15500000000000058
270,success,0,0.24500000000000066,0.9186100389336165,0.020683048477290692,9.84049296399942,3.58090454185463,18,17.0592012666051,16.566537025061294,0.685000000000001,0.15500000000000058
270,success,0,0.25500000000000067,0.9186100389336165,0.020683048477290692,9.422632637762693,3.196950991368862,18,17.0592012666051,16.566537025061294,0.685000000000001,0.15500000000000058
270,success,0,0.2650000000000007,2.1164465523176,0.1136016993393457,9.126146621967813,2.8107570831686854,18,17.0592012666051,16.566537025061294,0.685000000000001,0.15500000000000058
270,success,0,0.2750000000000007,2.6227991787020097,0.2553282600992531,8.929924110613799,2.4445782511013587,18,17.0592012666051,16.566537025061294,0.685000000000001,0.15500000000000058
270,success,0,0.2850000000000007,5.2253584553169885,1.407747078984026,8.76976298086283,2.2188584443214743,18,17.0592012666051,16.566537025061294,0.685000000000001,0.15500000000000058
270,success,0,0.2950000000000007,4.507578112229552,1.0962796698471333,8.62707925904782,2.2204603076976324,18,17.0592012666051,16.566537025061294,0.685000000000001,0.15500000000000058
270,success,0,0.3050000000000007,3.62995888163042,0.7205441390915691,8.590584990844029,2.3765765826228753,18,17.0592012666051,16.566537025061294,0.685000000000001,0.15500000000000058
270,success,0,0.3150000000000007,2.84272057752021,0.39412125266705517,8.818290506135035,2.6033990858372507,18,17.0592012666051,16.566537025061294,0.685000000000001,0.15500000000000058
270,success,0,0.32500000000000073,2.6775666677361967,0.28124273209213385,9.408992673912415,2.8840884537055915,18,17.0592012666051,16.566537025061294,0.685000000000001,0.15500000000000058
270,success,0,0.33500000000000074,2.4908167338930323,0.23163190884922807,10.275863255688117,3.1712037746825192,18,17.0592012666051,16.566537025061294,0.685000000000001,0.15500000000000058
270,success,0,0.34500000000000075,2.4208981811438823,0.24666331796425883,11.14421083669021,3.3823608364506677,18,17.0592012666051,16.566537025061294,0.685000000000001,0.15500000000000058
270,success,0,0.35500000000000076,2.3897840977387457,0.25886488516441547,11.69876035342859,3.4945038665229258,18,17.0592012666051,16.566537025061294,0.685000000000001,0.15500000000000058
270,success,0,0.36500000000000077,2.3814301736190346,0.26263768675360954,11.765585952310536,3.5534340529224675,18,17.0592012666051,16.566537025061294,0.685000000000001,0.15500000000000058
270,success,0,0.3750000000000008,2.3897840977387457,0.25886488516441547,11.385453263329138,3.5723390068850907,18,17.0592012666051,16.566537025061294,0.685000000000001,0.15500000000000058
270,success,0,0.3850000000000008,2.4208981811438823,0.24666331796425883,10.752426158809394,3.4887261754164904,18,17.0592012666051,16.566537025061294,0.685000000000001,0.15500000000000058
270,success,0,0.3950000000000008,2.4908167338930323,0.23163190884922807,10.101324460882674,3.2644571429157474,18,17.0592012666051,16.566537025061294,0.685000000000001,0.15500000000000058
270,success,0,0.4050000000000008,2.4908167338930323,0.23163190884922807,9.619824014341752,2.977980402611846,18,17.0592012666051,16.566537025061294,0.685000000000001,0.15500000000000058
270,success,0,0.4150000000000008,2.4908167338930323,0.23163190884922807,9.390095508218355,2.771219314968112,18,17.0592012666051,16.566537025061294,0.685000000000001,0.15500000000000058
270,success,0,0.4250000000000008,3.172855147653164,0.32287271194252926,9.35568726977352,2.7051874554902358,18,17.0592012666051,16.566537025061294,0.685000000000001,0.15500000000000058
270,success,0,0.43500000000000083,3.172855147653164,0.32287271194252926,9.339494282539892,2.7015354657339503,18,17.0592012666051,16.566537025061294,0.685000000000001,0.15500000000000058
270,success,0,0.44500000000000084,3.172855147653164,0.32287271194252926,9.14246143467938,2.6271830441315807,18,17.0592012666051,16.566537025061294,0.685000000000001,0.15500000000000058
270,success,0,0.45500000000000085,3.457597475336371,0.45320496125888915,8.68461837760055,2.396636487198651,18,17.0592012666051,16.566537025061294,0.685000000000001,0.15500000000000058
270,success,0,0.46500000000000086,5.594136188884878,1.0979833897858051,8.078726916925424,2.054021438386032,18,17.0592012666051,16.566537025061294,0.685000000000001,0.15500000000000058
270,success,0,0.47500000000000087,4.224836705731804,0.6602286233060218,7.556492388347489,1.8262339640865652,18,17.0592012666051,16.566537025061294,0.685000000000001,0.15500000000000058
270,success,0,0.4850000000000009,3.0742570926073327,0.3294831599397837,7.290030811823734,1.9322860530354224,18,17.0592012666051,16.566537025061294,0.685000000000001,0.15500000000000058
270,success,0,0.4950000000000009,3.0731946859622417,0.3300306509629214,7.26532134142206,2.2209764450432954,18,17.0592012666051,16.566537025061294,0.685000000000001,0.15500000000000058
270,success,0,0.5050000000000009,2.047432225267262,0.14657218958791304,7.321568962275949,2.4222913317901567,18,17.0592012666051,16.566537025061294,0.685000000000001,0.15500000000000058
270,success,0,0.5150000000000009,1.4814688508877274,0.18934279416839273,7.301120352883959,2.449766591798592,18,17.0592012666051,16.566537025061294,0.685000000000001,0.15500000000000058
270,success,0,0.5250000000000009,1.190818033790591,0.24365619886977066,7.157362676028146,2.3501161317987393,18,17.0592012666051,16.566537025061294,0.685000000000001,0.15500000000000058
270,success,0,0.5350000000000009,1.0798907470359824,0.26611873572941047,6.930719114760742,2.1903954373819476,18,17.0592012666051,16.566537025061294,0.685000000000001,0.15500000000000058
270,success,0,0.5450000000000009,1.046400814093861,0.27302548236878943,6.655455846142167,2.03505275845345,18,17.0592012666051,16.566537025061294,0.685000000000001,0.15500000000000058
270,success,0,0.5550000000000009,1.0824401912935615,0.2655620799486529,6.314674011807416,1.9540823876401503,18,17.0592012666051,16.566537025061294,0.685000000000001,0.15500000000000058
270,success,0,0.565000000000001,1.1731889367249857,0.2473078973002926,5.878485596220668,1.9605409539217995,18,17.0592012666051,16.566537025061294,0.685000000000001,0.15500000000000058
270,success,0,0.575000000000001,1.2161286611097273,0.2379002500637199,5.370006321315339,1.9766235123466764,18,17.0592012666051,16.566537025061294,0.685000000000001,0.15500000000000058
270,success,0,0.585000000000001,1.5583597473057782,0.16857094057182065,4.897609561272475,1.9099665877598717,18,17.0592012666051,16.566537025061294,0.685000000000001,0.15500000000000058
270,success,0,0.595000000000001,1.5583597473057782,0.16857094057182065,4.647394946777249,1.7320870541373254,18,17.0592012666051,16.566537025061294,0.685000000000001,0.15500000000000058
270,success,0,0.605000000000001,1.5583597473057782,0.16857094057182065,4.833808713453644,1.530823329340011,18,17.0592012666051,16.566537025061294,0.685000000000001,0.15500000000000058
270,success,0,0.615000000000001,1.5583597473057782,0.16857094057182065,5.597566399643195,1.5429199683434252,18,17.0592012666051,16.566537025061294,0.685000000000001,0.15500000000000058
270,success,0,0.625000000000001,1.9796555089356633,0.13085316501761574,6.886333112913235,1.9042568272413016,18,17.0592012666051,16.566537025061294,0.685000000000001,0.15500000000000058
270,success,0,0.635000000000001,3.077722900140073,0.23509991703434027,8.412175265207015,2.3988475055328555,18,17.0592012666051,16.566537025061294,0.685000000000001,0.15500000000000058
270,success,0,0.645000000000001,3.46045153422178,0.23905880673431915,9.77066527615584,2.764330857888087,18,17.0592012666051,16.566537025061294,0.685000000000001,0.15500000000000058
270,success,0,0.655000000000001,5.730045226442411,0.42182488732755286,10.645849388715375,2.8918512332081896,18,17.0592012666051,16.566537025061294,0.685000000000001,0.15500000000000058
270,success,0,0.665000000000001,9.270348968842317,0.6946063104335718,10.946865983036666,2.8239758118124563,18,17.0592012666051,16.566537025061294,0.685000000000001,0.15500000000000058
270,success,0,0.675000000000001,12.196529408368054,1.0394047904263006,10.786211630577412,2.6692414856151436,18,17.0592012666051,16.566537025061294,0.685000000000001,0.15500000000000058
270,success,0,0.685000000000001,17.0592012666051,2.2835372244015457,10.358514968855353,2.5213267420097965,18,17.0592012666051,16.566537025061294,0.685000000000001,0.15500000000000058
270,success,0,0.6950000000000011,13.052244019576106,2.192859640817522,9.827186712495768,2.4529817079180463,18,17.0592012666051,16.566537025061294,0.685000000000001,0.15500000000000058
270,success,0,0.7050000000000011,9.502098053748885,1.9592622212545057,9.270220166315084,2.4838167692386497,18,17.0592012666051,16.566537025061294,0.685000000000001,0.15500000000000058
270,success,0,0.7150000000000011,5.995054350382029,1.6621172985531414,8.68143241229551,2.5254780506512846,18,17.0592012666051,16.566537025061294,0.685000000000001,0.15500000000000058
270,success,0,0.7250000000000011,3.7209853048745902,1.3635923432377868,8.019375889803152,2.463377217920075,18,17.0592012666051,16.566537025061294,0.685000000000001,0.15500000000000058
270,success,0,0.7350000000000011,3.45788776468379,1.1081421095175499,7.28493497289893,2.2673069994182415,18,17.0592012666051,16.566537025061294,0.685000000000001,0.15500000000000058
270,success,0,0.7450000000000011,3.330024528833543,1.0632320427116675,6.583337609159723,1.990634142753065,18,17.0592012666051,16.566537025061294,0.685000000000001,0.15500000000000058
270,success,0,0.7550000000000011,3.543126267447322,1.1963638326144117,6.122152966396303,1.7460280272177648,18,17.0592012666051,16.566537025061294,0.685000000000001,0.15500000000000058
270,success,0,0.7650000000000011,3.9040446911408733,1.4216027547356587,6.122458072739224,1.7424017758849388,18,17.0592012666051,16.566537025061294,0.685000000000001,0.15500000000000058
270,success,0,0.7750000000000011,3.9422234828871052,1.584234037428116,6.673298407973541,2.121173497808817,18,17.0592012666051,16.566537025061294,0.685000000000001,0.15500000000000058
270,success,0,0.7850000000000011,3.9092819937142838,1.5522391399461861,7.627851218038561,2.6889457159376957,18,17.0592012666051,16.566537025061294,0.685000000000001,0.15500000000000058
270,success,0,0.7950000000000012,3.6245093495560337,1.3108943260048718,8.635281980959894,3.1485952474709804,18,17.0592012666051,16.566537025061294,0.685000000000001,0.15500000000000058
270,success,0,0.8050000000000012,2.213961441447748,1.0109337674620562,9.316413704824713,3.326607382088007,18,17.0592012666051,16.566537025061294,0.685000000000001,0.15500000000000058
270,success,0,0.8150000000000012,1.5928469738721323,0.6929452444685515,9.463957010070015,3.2139742753248255,18,17.0592012666051,16.566537025061294,0.685000000000001,0.15500000000000058
270,success,0,0.8250000000000012,1.1361647015267498,0.5175686052894554,9.116908091054775,2.9213806584653295,18,17.0592012666051,16.566537025061294,0.685000000000001,0.15500000000000058
270,success,0,0.8350000000000012,1.0295841464774975,0.5282123864164313,8.463974474042319,2.585537941196328,18,17.0592012666051,16.566537025061294,0.685000000000001,0.15500000000000058
270,success,0,0.8450000000000012,1.0488079782966828,0.5262485133818238,7.700254719900221,2.295429082387634,18,17.0592012666051,16.566537025061294,0.685000000000001,0.15500000000000058
270,success,0,0.8550000000000012,1.1353210315217532,0.5183212777463088,6.966158487034672,2.084089759789174,18,17.0592012666051,16.566537025061294,0.685000000000001,0.15500000000000058
270,success,0,0.8650000000000012,1.3987821155236,0.501354511302236,6.391606281938532,1.95841668127902,18,17.0592012666051,16.566537025061294,0.685000000000001,0.15500000000000058
270,success,0,0.8750000000000012,1.609132588816045,0.5019294125150764,6.1271054242398755,1.9320576246988619,18,17.0592012666051,16.566537025061294,0.685000000000001,0.15500000000000058
270,success,0,0.8850000000000012,2.123712664453537,0.49985233143977886,6.292774324564757,2.0014480153327345,18,17.0592012666051,16.566537025061294,0.685000000000001,0.15500000000000058
270,success,0,0.8950000000000012,2.123712664453537,0.49985233143977886,6.884385663915838,2.0852018498123046,18,17.0592012666051,16.566537025061294,0.685000000000001,0.15500000000000058
270,success,0,0.9050000000000012,3.0146073963133273,0.5703203402054116,7.743987256197719,2.093973162924664,18,17.0592012666051,16.566537025061294,0.685000000000001,0.15500000000000058
270,success,0,0.9150000000000013,5.161534455749262,0.801025385402875,8.636380596485859,2.0594728743477857,18,17.0592012666051,16.566537025061294,0.685000000000001,0.15500000000000058
270,success,0,0.9250000000000013,11.179562816928536,2.173018079207987,9.371467702111508,2.098139540060236,18,17.0592012666051,16.566537025061294,0.685000000000001,0.15500000000000058
270,success,0,0.9350000000000013,10.593656225205365,2.2426502669542674,9.874814993811274,2.238923481397233,18,17.0592012666051,16.566537025061294,0.685000000000001,0.15500000000000058
270,success,0,0.9450000000000013,10.322617093300757,2.2237903455043417,10.17670980387106,2.411968076976969,18,17.0592012666051,16.566537025061294,0.685000000000001,0.15500000000000058
270,success,0,0.9550000000000013,9.729908526760632,2.2323088720239586,10.349223425557406,2.560828443592871,18,17.0592012666051,16.566537025061294,0.685000000000001,0.15500000000000058
270,success,0,0.9650000000000013,9.908248379926224,2.224010926160934,10.447928473750137,2.6733060469914447,18,17.0592012666051,16.566537025061294,0.685000000000001,0.15500000000000058
270,success,0,0.9750000000000013,10.914740427193323,2.706236308606654,10.4999558515676,2.79840050979228,18,17.0592012666051,16.566537025061294,0.685000000000001,0.15500000000000058
270,success,0,0.9850000000000013,10.720895600922535,2.949132778623875,10.520700028402667,2.9917231049771935,18,17.0592012666051,16.566537025061294,0.685000000000001,0.15500000000000058
270,success,0,0.9950000000000013,10.525761010654575,3.16736846773724,10.525761010654575,3.16736846773724,18,17.0592012666051,16.566537025061294,0.685000000000001,0.15500000000000058
270,success,1,-0.495,8.939027452931821,4.37591192341269,8.939027452931821,4.37591192341269,18,35.41541449604751,32.71683608648452,0.665000000000001,0.1750000000000006
270,success,1,-0.485,9.092253344774342,4.274328511951777,9.20193731257084,4.264103263589956,18,35.41541449604751,32.71683608648452,0.665000000000001,0.1750000000000006
270,success,1,-0.475,9.571494180116915,4.412895717432423,9.940603671310905,4.383117217612563,18,35.41541449604751,32.71683608648452,0.665000000000001,0.1750000000000006
270,success,1,-0.46499999999999997,10.485254320601847,4.985005497198808,11.317280122721263,4.935648108368631,18,35.41541449604751,32.71683608648452,0.665000000000001,0.1750000000000006
270,success,1,-0.45499999999999996,11.673058436614577,5.739708149205714,13.187268571494883,5.6829110324225764,18,35.41541449604751,32.71683608648452,0.665000000000001,0.1750000000000006
270,success,1,-0.44499999999999995,12.75642137191073,6.322157421581282,15.0980839121148,6.280288539427833,18,35.41541449604751,32.71683608648452,0.665000000000001,0.1750000000000006
270,success,1,-0.43499999999999994,13.392818480338736,6.569296353172955,16.527834219935027,6.572388557569832,18,35.41541449604751,32.71683608648452,0.665000000000001,0.1750000000000006
270,success,1,-0.42499999999999993,13.474846983821838,6.543822879778846,17.148553202126237,6.614235074189624,18,35.41541449604751,32.71683608648452,0.665000000000001,0.1750000000000006
270,success,1,-0.4149999999999999,13.13373375518963,6.42732661584835,16.92974603898307,6.55306472576224,18,35.41541449604751,32.71683608648452,0.665000000000001,0.1750000000000006
270,success,1,-0.4049999999999999,12.581223907463562,6.358955175638384,16.075266412820792,6.485019460337291,18,35.41541449604751,32.71683608648452,0.665000000000001,0.1750000000000006
270,success,1,-0.3949999999999999,11.968295112032097,6.346736887524181,14.89454191281005,6.4123263303918865,18,35.41541449604751,32.71683608648452,0.665000000000001,0.1750000000000006
270,success,1,-0.3849999999999999,11.17831148928202,6.325847885672648,13.695945289244298,6.29487230096115,18,35.41541449604751,32.71683608648452,0.665000000000001,0.1750000000000006
270,success,1,-0.3749999999999999,10.65571336545534,6.171260394547664,12.718517479848542,6.086068185975649,18,35.41541449604751,32.71683608648452,0.665000000000001,0.1750000000000006
270,success,1,-0.3649999999999999,10.078602835788239,5.868062319329219,12.086520329418503,5.764083769167648,18,35.41541449604751,32.71683608648452,0.665000000000001,0.1750000000000006
270,success,1,-0.35499999999999987,9.477370090854091,5.479130055235012,11.795433256192673,5.393108818821141,18,35.41541449604751,32.71683608648452,0.665000000000001,0.1750000000000006
270,success,1,-0.34499999999999986,8.85888201048896,5.141056241642743,11.756864837652678,5.10216956085429,18,35.41541449604751,32.71683608648452,0.665000000000001,0.1750000000000006
270,success,1,-0.33499999999999985,8.294536071722344,4.903592931939186,11.897484322565397,4.937383073551348,18,35.41541449604751,32.71683608648452,0.665000000000001,0.1750000000000006
270,success,1,-0.32499999999999984,7.8501523813264225,4.677663460140771,12.231115268087757,4.821423465649877,18,35.41541449604751,32.71683608648452,0.665000000000001,0.1750000000000006
270,success,1,-0.31499999999999984,7.579367782038528,4.390282558737411,12.842131316482305,4.715951722537425,18,35.41541449604751,32.71683608648452,0.665000000000001,0.1750000000000006
270,success,1,-0.3049999999999998,7.482270805961232,4.10628675152732,13.780981970944076,4.705556955653557,18,35.41541449604751,32.71683608648452,0.665000000000001,0.1750000000000006
270,success,1,-0.2949999999999998,7.509015978879104,3.9664645894612645,14.963525014719583,4.882119200991765,18,35.41541449604751,32.71683608648452,0.665000000000001,0.1750000000000006
270,success,1,-0.2849999999999998,7.605090364232792,4.03847441562828,16.146370652310146,5.207228312759886,18,35.41541449604751,32.71683608648452,0.665000000000001,0.1750000000000006
270,success,1,-0.2749999999999998,7.728204147976156,4.246290160579444,16.98749917216546,5.525040057541478,18,35.41541449604751,32.71683608648452,0.665000000000001,0.1750000000000006
270,success,1,-0.2649999999999998,7.814723678223739,4.443804106565157,17.170012770933468,5.6738804214285725,18,35.41541449604751,32.71683608648452,0.665000000000001,0.1750000000000006
270,success,1,-0.2549999999999998,7.758383296778744,4.510703177192513,16.55042757805219,5.570553450024233,18,35.41541449604751,32.71683608648452,0.665000000000001,0.1750000000000006
270,success,1,-0.24499999999999977,7.455214111221242,4.3950695462954315,15.251585259911176,5.245992350614726,18,35.41541449604751,32.71683608648452,0.665000000000001,0.1750000000000006
270,success,1,-0.23499999999999976,6.914373810505625,4.115354947307974,13.621557454543446,4.831954196696216,18,35.41541449604751,32.71683608648452,0.665000000000001,0.1750000000000006
270,success,1,-0.22499999999999976,6.251375388551386,3.7334977887460936,12.057640779967038,4.45705039115848,18,35.41541449604751,32.71683608648452,0.665000000000001,0.1750000000000006
270,success,1,-0.21499999999999975,5.551616479847296,3.30237415383883,10.818527767971135,4.102595291359914,18,35.41541449604751,32.71683608648452,0.665000000000001,0.1750000000000006
270,success,1,-0.20499999999999974,5.078666038440782,2.810990607602852,9.962686441675185,3.647189436425422,18,35.41541449604751,32.71683608648452,0.665000000000001,0.1750000000000006
270,success,1,-0.19499999999999973,4.799652950737,2.2391103171059883,9.422333827554773,3.0899967061421165,18,35.41541449604751,32.71683608648452,0.665000000000001,0.1750000000000006
270,success,1,-0.18499999999999972,5.106208312838644,1.5949684554962467,9.09918111834803,2.640361891061804,18,35.41541449604751,32.71683608648452,0.665000000000001,0.1750000000000006
270,success,1,-0.1749999999999997,6.511907631518739,0.956038524313123,8.90039602207803,2.5072772093170443,18,35.41541449604751,32.71683608648452,0.665000000000001,0.1750000000000006
270,success,1,-0.1649999999999997,5.635018630586815,0.6360657815502491,8.743405745357464,2.6193651081336675,18,35.41541449604751,32.71683608648452,0.665000000000001,0.1750000000000006
270,success,1,-0.1549999999999997,5.045381632679347,0.6476111301776359,8.597482816326849,2.7818666292137006,18,35.41541449604751,32.71683608648452,0.665000000000001,0.1750000000000006
270,success,1,-0.14499999999999968,5.182107023327788,0.6695548347865449,8.557801528729023,2.9192116383069373,18,35.41541449604751,32.71683608648452,0.665000000000001,0.1750000000000006
270,success,1,-0.13499999999999968,5.795542655373211,0.6913767131564177,8.8559170403238,3.049849893240636,18,35.41541449604751,32.71683608648452,0.665000000000001,0.1750000000000006
270,success,1,-0.12499999999999967,7.929524412970532,0.34653499303784707,9.746918967414153,3.194355887013729,18,35.41541449604751,32.71683608648452,0.665000000000001,0.1750000000000006
270,success,1,-0.11499999999999966,7.929524412970532,0.34653499303784707,11.333771124401572,3.343379636061519,18,35.41541449604751,32.71683608648452,0.665000000000001,0.1750000000000006
270,success,1,-0.10499999999999965,11.341684453558923,0.22509612656931882,13.445926690624159,3.480987724380915,18,35.41541449604751,32.71683608648452,0.665000000000001,0.1750000000000006
270,success,1,-0.09499999999999964,14.312553350472191,0.4176785855139491,15.675095111204618,3.6117514924637892,18,35.41541449604751,32.71683608648452,0.665000000000001,0.1750000000000006
270,success,1,-0.08499999999999963,15.795575889557192,1.0003405159290393,17.548326193354715,3.7538194853858062,18,35.41541449604751,32.71683608648452,0.665000000000001,0.1750000000000006
270,success,1,-0.07499999999999962,17.300809869058497,1.0593204889473076,18.727235241881473,3.911365060759638,18,35.41541449604751,32.71683608648452,0.665000000000001,0.1750000000000006
270,success,1,-0.06499999999999961,15.345287680399126,0.9134539155575787,19.11813275843252,4.050427781506437,18,35.41541449604751,32.71683608648452,0.665000000000001,0.1750000000000006
270,success,1,-0.05499999999999961,12.71399728019907,0.8800855103127875,18.843258962719243,4.108177588410534,18,35.41541449604751,32.71683608648452,0.665000000000001,0.1750000000000006
270,success,1,-0.0449999999999996,12.791380083280988,0.615368423952055,18.133433636917164,4.047435503562521,18,35.41541449604751,32.71683608648452,0.665000000000001,0.1750000000000006
270,success,1,-0.034999999999999594,12.947094288689806,0.662770425747839,17.246232517824843,3.925844231245945,18,35.41541449604751,32.71683608648452,0.665000000000001,0.1750000000000006
270,success,1,-0.02499999999999958,12.343756491243646,0.33365312817042,16.432492226282505,3.901931444568723,18,35.41541449604751,32.71683608648452,0.665000000000001,0.1750000000000006
270,success,1,-0.014999999999999573,9.004503813349602,0.4227991853917328,15.91699144952811,4.101301253702194,18,35.41541449604751,32.71683608648452,0.665000000000001,0.1750000000000006
270,success,1,-0.004999999999999565,6.210032422355238,0.7818563147680757,15.840704773691154,4.448190083130551,18,35.41541449604751,32.71683608648452,0.665000000000001,0.1750000000000006
270,success,1,0.005000000000000444,8.740587849021997,0.4492601765146287,16.208928575228583,4.7385746250342144,18,35.41541449604751,32.71683608648452,0.665000000000001,0.1750000000000006
270,success,1,0.015000000000000454,10.072755402252254,0.45744512539652155,16.902701179090414,4.853936067669583,18,35.41541449604751,32.71683608648452,0.665000000000001,0.1750000000000006
270,success,1,0.025000000000000463,13.042286460370804,0.3733288422423314,17.761597198233694,4.8483669891082855,18,35.41541449604751,32.71683608648452,0.665000000000001,0.1750000000000006
270,success,1,0.03500000000000047,13.980209209093701,0.8181800795928368,18.695467194764163,4.871359363953672,18,35.41541449604751,32.71683608648452,0.665000000000001,0.1750000000000006
270,success,1,0.04500000000000048,14.403328294469178,1.3810235734464942,19.757377180554087,5.041732387574457,18,35.41541449604751,32.71683608648452,0.665000000000001,0.1750000000000006
270,success,1,0.055000000000000486,15.81988888723103,1.71890853158963,21.102903708729926,5.398434283057973,18,35.41541449604751,32.71683608648452,0.665000000000001,0.1750000000000006
270,success,1,0.0650000000000005,15.888348215157855,1.7844415559289304,22.7942791237498,5.895418117702204,18,35.41541449604751,32.71683608648452,0.665000000000001,0.1750000000000006
270,success,1,0.07500000000000051,15.823302741265941,1.4792181760429373,24.610444224666765,6.391392979861668,18,35.41541449604751,32.71683608648452,0.665000000000001,0.1750000000000006
270,success,1,0.08500000000000052,14.748984412222505,0.46375436626801847,26.08452738132955,6.698442687034893,18,35.41541449604751,32.71683608648452,0.665000000000001,0.1750000000000006
270,success,1,0.09500000000000053,14.248585285141807,0.35520139142507545,26.827294701453475,6.712965330137271,18,35.41541449604751,32.71683608648452,0.665000000000001,0.1750000000000006
270,success,1,0.10500000000000054,14.137462981537404,0.34952565852956585,26.861921341652803,6.530926090360115,18,35.41541449604751,32.71683608648452,0.665000000000001,0.1750000000000006
270,success,1,0.11500000000000055,14.662404768424624,0.347840355950828,26.653669021555032,6.4281335156382715,18,35.41541449604751,32.71683608648452,0.665000000000001,0.1750000000000006
270,success,1,0.12500000000000056,14.718047631932823,0.35538658600953327,26.79249603583772,6.6594337145717795,18,35.41541449604751,32.71683608648452,0.665000000000001,0.1750000000000006
270,success,1,0.13500000000000056,14.69478465787582,0.35124010108342796,27.610445168784306,7.238791545337919,18,35.41541449604751,32.71683608648452,0.665000000000001,0.1750000000000006
270,success,1,0.14500000000000057,15.035415135832466,0.42612407409905473,29.022956972857465,7.989513570857756,18,35.41541449604751,32.71683608648452,0.665000000000001,0.1750000000000006
270,success,1,0.15500000000000058,17.015463519237134,0.5466732262894459,30.64912786632123,8.754102142841107,18,35.41541449604751,32.71683608648452,0.665000000000001,0.1750000000000006
270,success,1,0.1650000000000006,17.27267229975204,0.6482618400194324,32.02045477578747,9.463656169950713,18,35.41541449604751,32.71683608648452,0.665000000000001,0.1750000000000006
270,success,1,0.1750000000000006,16.768396890172216,0.41400452243676233,32.71683608648452,10.052868624646605,18,35.41541449604751,32.71683608648452,0.665000000000001,0.1750000000000006
270,success,1,0.1850000000000006,16.768396890172216,0.41400452243676233,32.44698883641793,10.38032803847877,18,35.41541449604751,32.71683608648452,0.665000000000001,0.1750000000000006
270,success,1,0.19500000000000062,17.567015069177913,1.08389341889917,31.164504903872896,10.274947816464273,18,35.41541449604751,32.71683608648452,0.665000000000001,0.1750000000000006
270,success,1,0.20500000000000063,18.56116569870499,1.8664723073295661,29.199533998323446,9.68312705881194,18,35.41541449604751,32.71683608648452,0.665000000000001,0.1750000000000006
270,success,1,0.21500000000000064,18.070796178105944,2.690649906479511,27.222961270794457,8.765742692056486,18,35.41541449604751,32.71683608648452,0.665000000000001,0.1750000000000006
270,success,1,0.22500000000000064,21.29150209528894,2.7861598934576377,25.95077907288409,7.832192058825753,18,35.41541449604751,32.71683608648452,0.665000000000001,0.1750000000000006
270,success,1,0.23500000000000065,23.686879987722353,2.671358623690363,25.732345380374674,7.1372134709115445,18,35.41541449604751,32.71683608648452,0.665000000000001,0.1750000000000006
270,success,1,0.24500000000000066,23.159097140734886,2.482626939274968,26.330230989326804,6.705989054221005,18,35.41541449604751,32.71683608648452,0.665000000000001,0.1750000000000006
270,success,1,0.25500000000000067,22.321810376903446,2.098326300772712,27.0811140496991,6.360339109406169,18,35.41541449604751,32.71683608648452,0.665000000000001,0.1750000000000006
270,success,1,0.2650000000000007,21.84135375890065,1.70892457396696,27.337513193875292,5.902573273614398,18,35.41541449604751,32.71683608648452,0.665000000000001,0.1750000000000006
270,success,1,0.2750000000000007,23.506232480682105,1.5950986831413712,26.88968818743094,5.260739942278156,18,35.41541449604751,32.71683608648452,0.665000000000001,0.1750000000000006
270,success,1,0.2850000000000007,28.33040355432412,2.682020783145998,26.048614009571967,4.519689727061499,18,35.41541449604751,32.71683608648452,0.665000000000001,0.1750000000000006
270,success,1,0.2950000000000007,26.217170002534758,2.854301612940614,25.32910573865285,3.900447602249839,18,35.41541449604751,32.71683608648452,0.665000000000001,0.1750000000000006
270,success,1,0.3050000000000007,25.325127744429313,3.3400299984579034,25.00375800304142,3.674804971656823,18,35.41541449604751,32.71683608648452,0.665000000000001,0.1750000000000006
270,success,1,0.3150000000000007,25.684560137284947,3.72485782983574,24.918909129344915,3.9046410813909085,18,35.41541449604751,32.71683608648452,0.665000000000001,0.1750000000000006
270,success,1,0.32500000000000073,24.780923540830802,4.123288727632855,24.695015791665014,4.3058776082666315,18,35.41541449604751,32.71683608648452,0.665000000000001,0.1750000000000006
270,success,1,0.33500000000000074,24.595340260335846,4.174454947127378,24.117982431606528,4.523512700884426,18,35.41541449604751,32.71683608648452,0.665000000000001,0.1750000000000006
270,success,1,0.34500000000000075,25.699834591483757,3.716357853874725,23.385070825519694,4.391821632635088,18,35.41541449604751,32.71683608648452,0.665000000000001,0.1750000000000006
270,success,1,0.35500000000000076,26.845214130297208,3.0455987151487585,23.006295488913647,4.04792038737706,18,35.41541449604751,32.71683608648452,0.665000000000001,0.1750000000000006
270,success,1,0.36500000000000077,26.38798772715031,2.4465820288359708,23.423634874014322,3.9165864215256483,18,35.41541449604751,32.71683608648452,0.665000000000001,0.1750000000000006
270,success,1,0.3750000000000008,28.010857125022046,1.9881120260414835,24.651057553820497,4.355616664511219,18,35.41541449604751,32.71683608648452,0.665000000000001,0.1750000000000006
270,success,1,0.3850000000000008,27.91997920604115,1.9710218113319626,26.22666767704206,5.202000869565757,18,35.41541449604751,32.71683608648452,0.665000000000001,0.1750000000000006
270,success,1,0.3950000000000008,22.667852978284785,0.9724238207488284,27.50903885288663,6.0169917689626145,18,35.41541449604751,32.71683608648452,0.665000000000001,0.1750000000000006
270,success,1,0.4050000000000008,18.095520413259543,0.6087003904672069,28.059485367933995,6.50531598987057,18,35.41541449604751,32.71683608648452,0.665000000000001,0.1750000000000006
270,success,1,0.4150000000000008,16.024027972948428,1.2765396613276068,27.841484046027553,6.648803271372084,18,35.41541449604751,32.71683608648452,0.665000000000001,0.1750000000000006
270,success,1,0.4250000000000008,16.56183898452149,1.301225924506181,27.15429535007028,6.626076627032503,18,35.41541449604751,32.71683608648452,0.665000000000001,0.1750000000000006
270,success,1,0.43500000000000083,16.410444735616966,1.3864409109229465,26.409321125415588,6.579312625744048,18,35.41541449604751,32.71683608648452,0.665000000000001,0.1750000000000006
270,success,1,0.44500000000000084,16.56947172162831,1.4203556660137995,25.915255245944948,6.487533391926094,18,35.41541449604751,32.71683608648452,0.665000000000001,0.1750000000000006
270,success,1,0.45500000000000085,16.987896760752932,1.452571346372557,25.75948597905028,6.282938170533239,18,35.41541449604751,32.71683608648452,0.665000000000001,0.1750000000000006
270,success,1,0.46500000000000086,17.022651721319427,1.4306796649300357,25.823953530846932,5.979331932256053,18,35.41541449604751,32.71683608648452,0.665000000000001,0.1750000000000006
270,success,1,0.47500000000000087,17.120030569714476,1.3705418169641648,25.907397893019077,5.676762470479859,18,35.41541449604751,32.71683608648452,0.665000000000001,0.1750000000000006
270,success,1,0.4850000000000009,17.36100239945576,1.2524045200113865,25.891773467404533,5.507890105163341,18,35.41541449604751,32.71683608648452,0.665000000000001,0.1750000000000006
270,success,1,0.4950000000000009,17.72288469328631,1.0515787866670818,25.830153801944963,5.543703688538212,18,35.41541449604751,32.71683608648452,0.665000000000001,0.1750000000000006
270,success,1,0.5050000000000009,18.271722328209105,0.7846529785269128,25.882420743543378,5.719998483592863,18,35.41541449604751,32.71683608648452,0.665000000000001,0.1750000000000006
270,success,1,0.5150000000000009,18.73232708463183,0.5739977195437508,26.129153080694657,5.917879709774931,18,35.41541449604751,32.71683608648452,0.665000000000001,0.1750000000000006
270,success,1,0.5250000000000009,19.08294441507934,0.4619490785534369,26.433864665887498,6.080241375079006,18,35.41541449604751,32.71683608648452,0.665000000000001,0.1750000000000006
270,success,1,0.5350000000000009,19.08294441507934,0.4619490785534369,26.495180619076283,6.185569817079793,18,35.41541449604751,32.71683608648452,0.665000000000001,0.1750000000000006
270,success,1,0.5450000000000009,19.08294441507934,0.4619490785534369,26.077420368242894,6.158109209722485,18,35.41541449604751,32.71683608648452,0.665000000000001,0.1750000000000006
270,success,1,0.5550000000000009,19.08294441507934,0.4619490785534369,25.232507611652554,5.895322322380962,18,35.41541449604751,32.71683608648452,0.665000000000001,0.1750000000000006
270,success,1,0.565000000000001,18.96730305310213,0.4636079838049446,24.335028628229587,5.408870222610523,18,35.41541449604751,32.71683608648452,0.665000000000001,0.1750000000000006
270,success,1,0.575000000000001,18.88460417221151,0.4678397786799816,23.881493388782918,4.937778541590966,18,35.41541449604751,32.71683608648452,0.665000000000001,0.1750000000000006
270,success,1,0.585000000000001,18.88460417221151,0.4678397786799816,24.208811449756315,4.8656913273262345,18,35.41541449604751,32.71683608648452,0.665000000000001,0.1750000000000006
270,success,1,0.595000000000001,18.88460417221151,0.4678397786799816,25.31672370203057,5.315843216736607,18,35.41541449604751,32.71683608648452,0.665000000000001,0.1750000000000006
270,success,1,0.605000000000001,17.031895986141116,0.6460641575390257,26.9140197339415,5.974007465268013,18,35.41541449604751,32.71683608648452,0.665000000000001,0.1750000000000006
270,success,1,0.615000000000001,14.851855647696247,1.1890808917185316,28.624731239775883,6.483422121279512,18,35.41541449604751,32.71683608648452,0.665000000000001,0.1750000000000006
270,success,1,0.625000000000001,17.013003519928734,0.6689025602177361,30.17770341489509,6.742135702150425,18,35.41541449604751,32.71683608648452,0.665000000000001,0.1750000000000006
270,success,1,0.635000000000001,20.15692521214247,0.6380673356254768,31.423793063613704,6.894587210499478,18,35.41541449604751,32.71683608648452,0.665000000000001,0.1750000000000006
270,success,1,0.645000000000001,22.881017502904186,0.6010991787558173,32.213096954737914,7.090675347637457,18,35.41541449604751,32.71683608648452,0.665000000000001,0.1750000000000006
270,success,1,0.655000000000001,25.865764876589804,1.1645332432256057,32.30855556032594,7.236986362590752,18,35.41541449604751,32.71683608648452,0.665000000000001,0.1750000000000006
270,success,1,0.665000000000001,35.41541449604751,1.8425430495716888,31.483895794876553,7.100322195469141,18,35.41541449604751,32.71683608648452,0.665000000000001,0.1750000000000006
270,success,1,0.675000000000001,28.722270123325714,1.5832675896118338,29.70897986926619,6.595290839797098,18,35.41541449604751,32.71683608648452,0.665000000000001,0.1750000000000006
270,success,1,0.685000000000001,25.425172348205198,1.4684505063114015,27.22889880415154,5.856759662183983,18,35.41541449604751,32.71683608648452,0.665000000000001,0.1750000000000006
270,success,1,0.6950000000000011,24.263627407124496,1.5085489633494162,24.44272914031831,5.079926221765836,18,35.41541449604751,32.71683608648452,0.665000000000001,0.1750000000000006
270,success,1,0.7050000000000011,21.632906443290494,1.7777292163795286,21.714791730777222,4.392543333863731,18,35.41541449604751,32.71683608648452,0.665000000000001,0.1750000000000006
270,success,1,0.7150000000000011,21.61093107498586,1.9754278330075183,19.284421488181952,3.882056282337576,18,35.41541449604751,32.71683608648452,0.665000000000001,0.1750000000000006
270,success,1,0.7250000000000011,18.894509038191657,2.42673202263876,17.30599035135554,3.580895897915575,18,35.41541449604751,32.71683608648452,0.665000000000001,0.1750000000000006
270,success,1,0.7350000000000011,17.641368790907407,2.7123792436479417,15.908435478395994,3.407132670016085,18,35.41541449604751,32.71683608648452,0.665000000000001,0.1750000000000006
270,success,1,0.7450000000000011,17.72772636433099,2.6905753865376045,15.17058919631959,3.279000077757541,18,35.41541449604751,32.71683608648452,0.665000000000001,0.1750000000000006
270,success,1,0.7550000000000011,16.723329892128348,2.5368492866226817,15.033122104301754,3.2160731629271417,18,35.41541449604751,32.71683608648452,0.665000000000001,0.1750000000000006
270,success,1,0.7650000000000011,13.065725325081846,2.5468858243754244,15.273263020546105,3.232666705443028,18,35.41541449604751,32.71683608648452,0.665000000000001,0.1750000000000006
270,success,1,0.7750000000000011,14.689681102291448,1.8840667536602278,15.607313070341203,3.26325758511471,18,35.41541449604751,32.71683608648452,0.665000000000001,0.1750000000000006
270,success,1,0.7850000000000011,16.117610257026783,1.4078005709585264,15.863538200390463,3.2605206480133755,18,35.41541449604751,32.71683608648452,0.665000000000001,0.1750000000000006
270,success,1,0.7950000000000012,15.88189093642576,1.2018769471677593,16.06699293157789,3.2525190334288316,18,35.41541449604751,32.71683608648452,0.665000000000001,0.1750000000000006
270,success,1,0.8050000000000012,16.154388527323096,1.281823405738515,16.398064124585456,3.286773980014724,18,35.41541449604751,32.71683608648452,0.665000000000001,0.1750000000000006
270,success,1,0.8150000000000012,16.63284545938889,1.562531351325107,17.052415913351638,3.4066707728538748,18,35.41541449604751,32.71683608648452,0.665000000000001,0.1750000000000006
270,success,1,0.8250000000000012,17.080849342306085,1.8135381941601973,18.079190631399317,3.6536352876726315,18,35.41541449604751,32.71683608648452,0.665000000000001,0.1750000000000006
270,success,1,0.8350000000000012,18.479006762933693,1.8304007334319141,19.281943026317215,3.987094296684322,18,35.41541449604751,32.71683608648452,0.665000000000001,0.1750000000000006
270,success,1,0.8450000000000012,18.883357281043242,1.7315795632208422,20.279917321827387,4.272692328982584,18,35.41541449604751,32.71683608648452,0.665000000000001,0.1750000000000006
270,success,1,0.8550000000000012,18.776276609030536,1.5684549649356896,20.719305674605412,4.408735955353123,18,35.41541449604751,32.71683608648452,0.665000000000001,0.1750000000000006
270,success,1,0.8650000000000012,17.43968034410361,1.29623849254555,20.481513087491482,4.40480490931208,18,35.41541449604751,32.71683608648452,0.665000000000001,0.1750000000000006
270,success,1,0.8750000000000012,14.610846012649366,1.13425004940272,19.7171486137454,4.35318022643491,18,35.41541449604751,32.71683608648452,0.665000000000001,0.1750000000000006
270,success,1,0.8850000000000012,13.22507495959245,1.161028138966849,18.70578879685435,4.341928206494786,18,35.41541449604751,32.71683608648452,0.665000000000001,0.1750000000000006
270,success,1,0.8950000000000012,10.79982173462974,1.3449948720567648,17.684393422039996,4.358194475573992,18,35.41541449604751,32.71683608648452,0.665000000000001,0.1750000000000006
270,success,1,0.9050000000000012,8.504520603230311,1.7822364849179932,16.774729997556825,4.288487672514274,18,35.41541449604751,32.71683608648452,0.665000000000001,0.1750000000000006
270,success,1,0.9150000000000013,10.038062639304691,1.8372841783411737,16.018530333208545,4.03666549698875,18,35.41541449604751,32.71683608648452,0.665000000000001,0.1750000000000006
270,success,1,0.9250000000000013,10.716260203544584,1.913236415032117,15.433599348007395,3.633495881058577,18,35.41541449604751,32.71683608648452,0.665000000000001,0.1750000000000006
270,success,1,0.9350000000000013,11.115486198403746,1.9801520536425874,15.030335873645027,3.22831249440044,18,35.41541449604751,32.71683608648452,0.665000000000001,0.1750000000000006
270,success,1,0.9450000000000013,12.573722515213221,2.1852339929955433,14.798956695238978,2.960337195556847,18,35.41541449604751,32.71683608648452,0.665000000000001,0.1750000000000006
270,success,1,0.9550000000000013,14.097646852478496,2.4393222085149713,14.700307524642946,2.84735407303009,18,35.41541449604751,32.71683608648452,0.665000000000001,0.1750000000000006
270,success,1,0.9650000000000013,15.79020023565887,2.741430837577858,14.676084730283662,2.8528651889482917,18,35.41541449604751,32.71683608648452,0.665000000000001,0.1750000000000006
270,success,1,0.9750000000000013,15.691013508308382,2.840689185690004,14.670777849934947,2.9842083542120372,18,35.41541449604751,32.71683608648452,0.665000000000001,0.1750000000000006
270,success,1,0.9850000000000013,15.504588885502114,3.0837586732855358,14.657509594353396,3.217968496006376,18,35.41541449604751,32.71683608648452,0.665000000000001,0.1750000000000006
270,success,1,0.9950000000000013,14.641837352272631,3.4111676964572,14.641837352272631,3.4111676964572,18,35.41541449604751,32.71683608648452,0.665000000000001,0.1750000000000006
270,success,2,-0.495,11.443879562416404,6.4656973191340725,11.443879562416404,6.4656973191340725,18,22.683304383234105,24.341616547140887,-0.07499999999999962,-0.07499999999999962
270,success,2,-0.485,10.440698645746785,5.948203946641151,10.58333701331398,5.9364706467836355,18,22.683304383234105,24.341616547140887,-0.07499999999999962,-0.07499999999999962
270,success,2,-0.475,8.793883105469554,5.120935712087189,9.266557653948041,5.089694293603778,18,22.683304383234105,24.341616547140887,-0.07499999999999962,-0.07499999999999962
270,success,2,-0.46499999999999997,7.0881461055782085,4.329338816683784,8.123445630021216,4.29426523377951,18,22.683304383234105,24.341616547140887,-0.07499999999999962,-0.07499999999999962
270,success,2,-0.45499999999999996,5.908516115516182,3.9219998461677124,7.711169662822739,3.9418635110220204,18,22.683304383234105,24.341616547140887,-0.07499999999999962,-0.07499999999999962
270,success,2,-0.44499999999999995,5.608876490905133,4.072804017058116,8.22423140739062,4.188011389190072,18,22.683304383234105,24.341616547140887,-0.07499999999999962,-0.07499999999999962
270,success,2,-0.43499999999999994,6.161196187009223,4.689537242488557,9.373583332318209,4.845065573489337,18,22.683304383234105,24.341616547140887,-0.07499999999999962,-0.07499999999999962
270,success,2,-0.42499999999999993,7.216147892945107,5.482983130407268,10.536620673696378,5.5959096098196754,18,22.683304383234105,24.341616547140887,-0.07499999999999962,-0.07499999999999962
270,success,2,-0.4149999999999999,8.143738804913504,6.104778235504166,11.113935639166419,6.140367080381094,18,22.683304383234105,24.341616547140887,-0.07499999999999962,-0.07499999999999962
270,success,2,-0.4049999999999999,8.530806214898584,6.299850186660371,10.865302777140345,6.278877538744018,18,22.683304383234105,24.341616547140887,-0.07499999999999962,-0.07499999999999962
270,success,2,-0.3949999999999999,8.28068411576386,6.035603164799154,10.00104750787286,5.993768433642832,18,22.683304383234105,24.341616547140887,-0.07499999999999962,-0.07499999999999962
270,success,2,-0.3849999999999999,7.607222974827462,5.485449529716565,8.995184807889215,5.445923016298841,18,22.683304383234105,24.341616547140887,-0.07499999999999962,-0.07499999999999962
270,success,2,-0.3749999999999999,6.838678932847116,4.897907314699149,8.293268590829747,4.87302089405771,18,22.683304383234105,24.341616547140887,-0.07499999999999962,-0.07499999999999962
270,success,2,-0.3649999999999999,6.26581519449638,4.443482956395586,8.11822784637321,4.448025956766319,18,22.683304383234105,24.341616547140887,-0.07499999999999962,-0.07499999999999962
270,success,2,-0.35499999999999987,5.9717700819815365,4.138838895531796,8.46216977231006,4.185870123217868,18,22.683304383234105,24.341616547140887,-0.07499999999999962,-0.07499999999999962
270,success,2,-0.34499999999999986,5.921356769742383,3.8629699661012524,9.202234593422771,3.987353700424767,18,22.683304383234105,24.341616547140887,-0.07499999999999962,-0.07499999999999962
270,success,2,-0.33499999999999985,6.0656137995491575,3.4574385642842027,10.208269588019578,3.800992194927211,18,22.683304383234105,24.341616547140887,-0.07499999999999962,-0.07499999999999962
270,success,2,-0.32499999999999984,6.188608832731215,2.8608057995570277,11.358129821854405,3.7308815767373913,18,22.683304383234105,24.341616547140887,-0.07499999999999962,-0.07499999999999962
270,success,2,-0.31499999999999984,5.21230898017068,2.1177768809604807,12.494666790019577,3.884799797962578,18,22.683304383234105,24.341616547140887,-0.07499999999999962,-0.07499999999999962
270,success,2,-0.3049999999999998,3.811543626674766,0.7915910168113254,13.423414113148137,4.131064501595346,18,22.683304383234105,24.341616547140887,-0.07499999999999962,-0.07499999999999962
270,success,2,-0.2949999999999998,2.8585624175376676,0.46309355048546874,13.989481409869214,4.246083157623612,18,22.683304383234105,24.341616547140887,-0.07499999999999962,-0.07499999999999962
270,success,2,-0.2849999999999998,2.747691382060376,0.3897459198663205,14.1759778230915,4.211861568555901,18,22.683304383234105,24.341616547140887,-0.07499999999999962,-0.07499999999999962
270,success,2,-0.2749999999999998,2.368149967913942,0.34738819978214786,14.131178343466468,4.2163392294170405,18,22.683304383234105,24.341616547140887,-0.07499999999999962,-0.07499999999999962
270,success,2,-0.2649999999999998,2.368149967913942,0.34738819978214786,14.091704269146572,4.4012598790625255,18,22.683304383234105,24.341616547140887,-0.07499999999999962,-0.07499999999999962
270,success,2,-0.2549999999999998,2.368149967913942,0.34738819978214786,14.238909140274014,4.715603489749002,18,22.683304383234105,24.341616547140887,-0.07499999999999962,-0.07499999999999962
270,success,2,-0.24499999999999977,2.368149967913942,0.34738819978214786,14.564379120453035,5.012418629701245,18,22.683304383234105,24.341616547140887,-0.07499999999999962,-0.07499999999999962
270,success,2,-0.23499999999999976,2.1577994946214973,0.37127043374513913,14.841345397511791,5.149485616708599,18,22.683304383234105,24.341616547140887,-0.07499999999999962,-0.07499999999999962
270,success,2,-0.22499999999999976,2.0178637322621107,0.3997613853501972,14.767200201707036,5.050484453660047,18,22.683304383234105,24.341616547140887,-0.07499999999999962,-0.07499999999999962
270,success,2,-0.21499999999999975,1.9689923045703368,0.4115229150443277,14.207433538592088,4.770779997462966,18,22.683304383234105,24.341616547140887,-0.07499999999999962,-0.07499999999999962
270,success,2,-0.20499999999999974,1.9645864282863852,0.4126435254493597,13.326545572532098,4.483187497514579,18,22.683304383234105,24.341616547140887,-0.07499999999999962,-0.07499999999999962
270,success,2,-0.19499999999999973,2.1511585609120285,0.4816435331510734,12.469767130021426,4.329726587324401,18,22.683304383234105,24.341616547140887,-0.07499999999999962,-0.07499999999999962
270,success,2,-0.18499999999999972,2.4731655965421586,0.6884701243835603,11.911000421071142,4.284205787879366,18,22.683304383234105,24.341616547140887,-0.07499999999999962,-0.07499999999999962
270,success,2,-0.1749999999999997,2.870443237344364,1.0260855823859136,11.710311028748471,4.211756113961682,18,22.683304383234105,24.341616547140887,-0.07499999999999962,-0.07499999999999962
270,success,2,-0.1649999999999997,3.2903756292064923,1.3765469336608298,11.779252013604133,4.021268757046483,18,22.683304383234105,24.341616547140887,-0.07499999999999962,-0.07499999999999962
270,success,2,-0.1549999999999997,3.663795523525301,1.5943142222721824,12.037713333920209,3.7419462846318794,18,22.683304383234105,24.341616547140887,-0.07499999999999962,-0.07499999999999962
270,success,2,-0.14499999999999968,4.418201324439091,1.5510680880781353,12.519002405884082,3.538766434602127,18,22.683304383234105,24.341616547140887,-0.07499999999999962,-0.07499999999999962
270,success,2,-0.13499999999999968,6.526516359900748,1.216024336735374,13.37921825742523,3.630358770536461,18,22.683304383234105,24.341616547140887,-0.07499999999999962,-0.07499999999999962
270,success,2,-0.12499999999999967,10.335741463836952,0.8053164286650815,14.820932891309774,4.046478664357749,18,22.683304383234105,24.341616547140887,-0.07499999999999962,-0.07499999999999962
270,success,2,-0.11499999999999966,11.446228190491995,0.5439151369386032,16.939201444944402,4.580769679441933,18,22.683304383234105,24.341616547140887,-0.07499999999999962,-0.07499999999999962
270,success,2,-0.10499999999999965,11.333069001225176,0.4912733294379616,19.5388652404982,5.057741958326642,18,22.683304383234105,24.341616547140887,-0.07499999999999962,-0.07499999999999962
270,success,2,-0.09499999999999964,15.671699622714101,1.0919787394638032,22.078722684065966,5.4836584065857865,18,22.683304383234105,24.341616547140887,-0.07499999999999962,-0.07499999999999962
270,success,2,-0.08499999999999963,19.23889260560609,2.0729556571105796,23.8563459661722,5.917944759073041,18,22.683304383234105,24.341616547140887,-0.07499999999999962,-0.07499999999999962
270,success,2,-0.07499999999999962,22.683304383234105,3.0208639244640243,24.341616547140887,6.2632338061376815,18,22.683304383234105,24.341616547140887,-0.07499999999999962,-0.07499999999999962
270,success,2,-0.06499999999999961,16.908381659402398,1.3045733087816869,23.41861388687675,6.30690240046811,18,22.683304383234105,24.341616547140887,-0.07499999999999962,-0.07499999999999962
270,success,2,-0.05499999999999961,12.362161371490298,0.5774014575204359,21.39585355756619,5.952920544374382,18,22.683304383234105,24.341616547140887,-0.07499999999999962,-0.07499999999999962
270,success,2,-0.0449999999999996,10.34920101212901,0.4641460989642468,18.840571765315413,5.314153822952922,18,22.683304383234105,24.341616547140887,-0.07499999999999962,-0.07499999999999962
270,success,2,-0.034999999999999594,10.34920101212901,0.4641460989642468,16.38623770273979,4.598912561702357,18,22.683304383234105,24.341616547140887,-0.07499999999999962,-0.07499999999999962
270,success,2,-0.02499999999999958,8.213611868434874,0.48755981208674903,14.57300722817048,3.991719798201688,18,22.683304383234105,24.341616547140887,-0.07499999999999962,-0.07499999999999962
270,success,2,-0.014999999999999573,6.451678329260625,0.856953711135861,13.708667421455154,3.6633731514342,18,22.683304383234105,24.341616547140887,-0.07499999999999962,-0.07499999999999962
270,success,2,-0.004999999999999565,7.0793667633257895,0.7865149901676398,13.76864116821005,3.7294839613203568,18,22.683304383234105,24.341616547140887,-0.07499999999999962,-0.07499999999999962
270,success,2,0.005000000000000444,7.508443542708782,0.6640470991305225,14.432034913784852,4.0958379237084115,18,22.683304383234105,24.341616547140887,-0.07499999999999962,-0.07499999999999962
270,success,2,0.015000000000000454,7.933622319321848,0.5383941023035789,15.282700196043951,4.524933164303205,18,22.683304383234105,24.341616547140887,-0.07499999999999962,-0.07499999999999962
270,success,2,0.025000000000000463,8.30369870138319,0.45492365223086817,16.058092760065612,4.836464717857663,18,22.683304383234105,24.341616547140887,-0.07499999999999962,-0.07499999999999962
270,success,2,0.03500000000000047,8.30369870138319,0.45492365223086817,16.743110871462996,4.971782497867823,18,22.683304383234105,24.341616547140887,-0.07499999999999962,-0.07499999999999962
270,success,2,0.04500000000000048,8.30369870138319,0.45492365223086817,17.45981795028595,4.9651086523145445,18,22.683304383234105,24.341616547140887,-0.07499999999999962,-0.07499999999999962
270,success,2,0.055000000000000486,8.30369870138319,0.45492365223086817,18.27466506332198,4.907145759817206,18,22.683304383234105,24.341616547140887,-0.07499999999999962,-0.07499999999999962
270,success,2,0.0650000000000005,7.958481880196148,0.5958634619421197,19.09592314903007,4.912837518609138,18,22.683304383234105,24.341616547140887,-0.07499999999999962,-0.07499999999999962
270,success,2,0.07500000000000051,9.548001546099242,0.7735050842274,19.72540350180013,5.0506389377517005,18,22.683304383234105,24.341616547140887,-0.07499999999999962,-0.07499999999999962
270,success,2,0.08500000000000052,10.208352054186228,1.0203137883159272,19.98248895598809,5.27740066958374,18,22.683304383234105,24.341616547140887,-0.07499999999999962,-0.07499999999999962
270,success,2,0.09500000000000053,9.690964589994566,0.7621069064752596,19.775022802878087,5.474394367261595,18,22.683304383234105,24.341616547140887,-0.07499999999999962,-0.07499999999999962
270,success,2,0.10500000000000054,9.22907364771909,0.6836554958267614,19.093253859871897,5.5152400315240335,18,22.683304383234105,24.341616547140887,-0.07499999999999962,-0.07499999999999962
270,success,2,0.11500000000000055,9.073024369638917,0.6700015396598641,17.9915979833367,5.29151949662697,18,22.683304383234105,24.341616547140887,-0.07499999999999962,-0.07499999999999962
270,success,2,0.12500000000000056,9.200797551356356,0.6157081237944919,16.612926089768724,4.758632456568066,18,22.683304383234105,24.341616547140887,-0.07499999999999962,-0.07499999999999962
270,success,2,0.13500000000000056,9.55145004302843,0.489299383641594,15.210890566813411,4.013240308936474,18,22.683304383234105,24.341616547140887,-0.07499999999999962,-0.07499999999999962
270,success,2,0.14500000000000057,11.011682688016826,0.3880926305096855,14.104825536571557,3.3131790568603683,18,22.683304383234105,24.341616547140887,-0.07499999999999962,-0.07499999999999962
270,success,2,0.15500000000000058,13.207362580462876,0.3967030850138317,13.56283542825814,2.9448544662472953,18,22.683304383234105,24.341616547140887,-0.07499999999999962,-0.07499999999999962
270,success,2,0.1650000000000006,13.760052307366589,0.4237925919312728,13.692851421046852,2.9725736916396355,18,22.683304383234105,24.341616547140887,-0.07499999999999962,-0.07499999999999962
270,success,2,0.1750000000000006,15.992979588587973,0.8256593980676383,14.40595746570479,3.2084548803428605,18,22.683304383234105,24.341616547140887,-0.07499999999999962,-0.07499999999999962
270,success,2,0.1850000000000006,19.068441435246026,1.7047499163577151,15.464939364761168,3.464776376228065,18,22.683304383234105,24.341616547140887,-0.07499999999999962,-0.07499999999999962
270,success,2,0.19500000000000062,21.268558782903444,1.4125627043797477,16.564053751197847,3.685784802241338,18,22.683304383234105,24.341616547140887,-0.07499999999999962,-0.07499999999999962
270,success,2,0.20500000000000063,16.45431432611496,0.9291838719633391,17.385035886433077,3.9004250517788304,18,22.683304383234105,24.341616547140887,-0.07499999999999962,-0.07499999999999962
270,success,2,0.21500000000000064,12.556354591235866,1.3920976637580882,17.64130211423713,4.089066275043014,18,22.683304383234105,24.341616547140887,-0.07499999999999962,-0.07499999999999962
270,success,2,0.22500000000000064,10.076722284102553,1.9134708344996754,17.16525389224155,4.14397730165324,18,22.683304383234105,24.341616547140887,-0.07499999999999962,-0.07499999999999962
270,success,2,0.23500000000000065,10.219168999749067,2.0504541514314765,16.018452024611,3.997974108785924,18,22.683304383234105,24.341616547140887,-0.07499999999999962,-0.07499999999999962
270,success,2,0.24500000000000066,10.032550992771256,1.8710370433285297,14.52221512066911,3.757553225586649,18,22.683304383234105,24.341616547140887,-0.07499999999999962,-0.07499999999999962
270,success,2,0.25500000000000067,9.574947946382387,1.4331628550433375,13.115412595536206,3.6655801519317817,18,22.683304383234105,24.341616547140887,-0.07499999999999962,-0.07499999999999962
270,success,2,0.2650000000000007,6.189052456729807,1.0361733492948397,12.117246007238084,3.8248019017636605,18,22.683304383234105,24.341616547140887,-0.07499999999999962,-0.07499999999999962
270,success,2,0.2750000000000007,4.99723236887017,0.5827809465040305,11.562716411084542,4.030745060435772,18,22.683304383234105,24.341616547140887,-0.07499999999999962,-0.07499999999999962
270,success,2,0.2850000000000007,4.183862227409052,0.3285668416136528,11.242203196543432,4.033281512227908,18,22.683304383234105,24.341616547140887,-0.07499999999999962,-0.07499999999999962
270,success,2,0.2950000000000007,2.372538405213454,0.2808422247103782,10.892826338762337,3.785455985280354,18,22.683304383234105,24.341616547140887,-0.07499999999999962,-0.07499999999999962
270,success,2,0.3050000000000007,1.288864927121394,0.3542677378251587,10.372878631351613,3.427414462383614,18,22.683304383234105,24.341616547140887,-0.07499999999999962,-0.07499999999999962
270,success,2,0.3150000000000007,0.650289212866619,0.4031209359837774,9.698922479413692,3.1228511887135233,18,22.683304383234105,24.341616547140887,-0.07499999999999962,-0.07499999999999962
270,success,2,0.32500000000000073,0.7802645554330163,0.39348519298485357,8.987132855695126,2.9297232139179448,18,22.683304383234105,24.341616547140887,-0.07499999999999962,-0.07499999999999962
270,success,2,0.33500000000000074,1.0568950365382066,0.3750014405047908,8.393403426849442,2.813871401158892,18,22.683304383234105,24.341616547140887,-0.07499999999999962,-0.07499999999999962
270,success,2,0.34500000000000075,1.5360154796119796,0.3908623909338349,8.07849107876623,2.7268158150274857,18,22.683304383234105,24.341616547140887,-0.07499999999999962,-0.07499999999999962
270,success,2,0.35500000000000076,1.3575440888472645,0.3521859597978372,8.152476716594691,2.656036155318007,18,22.683304383234105,24.341616547140887,-0.07499999999999962,-0.07499999999999962
270,success,2,0.36500000000000077,1.24342431104157,0.3588317501350132,8.590184034652408,2.631318301929475,18,22.683304383234105,24.341616547140887,-0.07499999999999962,-0.07499999999999962
270,success,2,0.3750000000000008,1.4411833877034097,0.3400579430485703,9.194653734795423,2.662245880970707,18,22.683304383234105,24.341616547140887,-0.07499999999999962,-0.07499999999999962
270,success,2,0.3850000000000008,2.6765364268456313,0.25230042369341593,9.683873679361007,2.6878013392123647,18,22.683304383234105,24.341616547140887,-0.07499999999999962,-0.07499999999999962
270,success,2,0.3950000000000008,5.04215015164349,0.2021234521804989,9.864595641610563,2.6433326777342647,18,22.683304383234105,24.341616547140887,-0.07499999999999962,-0.07499999999999962
270,success,2,0.4050000000000008,6.148554836516547,0.8538416654915677,9.749529505026885,2.553250703320872,18,22.683304383234105,24.341616547140887,-0.07499999999999962,-0.07499999999999962
270,success,2,0.4150000000000008,5.5401001525879,0.4473971589173773,9.52066252959777,2.5114280041132653,18,22.683304383234105,24.341616547140887,-0.07499999999999962,-0.07499999999999962
270,success,2,0.4250000000000008,5.0477456580174325,0.2014333690174565,9.376849647783201,2.5586002455939103,18,22.683304383234105,24.341616547140887,-0.07499999999999962,-0.07499999999999962
270,success,2,0.43500000000000083,4.570546392021409,0.3306029315051358,9.402904707530837,2.6273723566266143,18,22.683304383234105,24.341616547140887,-0.07499999999999962,-0.07499999999999962
270,success,2,0.44500000000000084,4.62847014348949,0.30128830820920216,9.557793698355308,2.6342081481851696,18,22.683304383234105,24.341616547140887,-0.07499999999999962,-0.07499999999999962
270,success,2,0.45500000000000085,4.820496624670166,0.22383976479772993,9.767328501821988,2.561287456684926,18,22.683304383234105,24.341616547140887,-0.07499999999999962,-0.07499999999999962
270,success,2,0.46500000000000086,7.024915574105562,0.24946760953168737,10.03313078650669,2.4681938115101687,18,22.683304383234105,24.341616547140887,-0.07499999999999962,-0.07499999999999962
270,success,2,0.47500000000000087,7.024915574105562,0.24946760953168737,10.466253145185483,2.4843473906587303,18,22.683304383234105,24.341616547140887,-0.07499999999999962,-0.07499999999999962
270,success,2,0.4850000000000009,7.024915574105562,0.24946760953168737,11.221709404815353,2.724552876713978,18,22.683304383234105,24.341616547140887,-0.07499999999999962,-0.07499999999999962
270,success,2,0.4950000000000009,7.17747986756351,0.23584431448193136,12.36748303638689,3.122138695000431,18,22.683304383234105,24.341616547140887,-0.07499999999999962,-0.07499999999999962
270,success,2,0.5050000000000009,7.509213552078817,0.23071857924936515,13.782444210179186,3.461684835586496,18,22.683304383234105,24.341616547140887,-0.07499999999999962,-0.07499999999999962
270,success,2,0.5150000000000009,10.833638564480879,0.34171373042327474,15.166221725198037,3.5790666343416793,18,22.683304383234105,24.341616547140887,-0.07499999999999962,-0.07499999999999962
270,success,2,0.5250000000000009,11.34863460107325,0.2677407813241318,16.160470641640682,3.467434454498558,18,22.683304383234105,24.341616547140887,-0.07499999999999962,-0.07499999999999962
270,success,2,0.5350000000000009,15.80989976079776,0.7034398826021409,16.48548242166367,3.2414243440698574,18,22.683304383234105,24.341616547140887,-0.07499999999999962,-0.07499999999999962
270,success,2,0.5450000000000009,20.480300693211934,1.433295175922794,16.0127208003327,3.0215636736672287,18,22.683304383234105,24.341616547140887,-0.07499999999999962,-0.07499999999999962
270,success,2,0.5550000000000009,17.100994809465348,1.3733140743949384,14.776680443715586,2.8515951712904926,18,22.683304383234105,24.341616547140887,-0.07499999999999962,-0.07499999999999962
270,success,2,0.565000000000001,13.846606566992111,1.7452630709256687,12.965168884533748,2.6989923580407575,18,22.683304383234105,24.341616547140887,-0.07499999999999962,-0.07499999999999962
270,success,2,0.575000000000001,11.082023937257,2.056354386751565,10.901348313749628,2.4878166431900106,18,22.683304383234105,24.341616547140887,-0.07499999999999962,-0.07499999999999962
270,success,2,0.585000000000001,10.731015643039097,2.0517092943368898,8.989493299817362,2.1713993498062893,18,22.683304383234105,24.341616547140887,-0.07499999999999962,-0.07499999999999962
270,success,2,0.595000000000001,8.300471106183336,2.062637967843853,7.609390353244758,1.8510945762217879,18,22.683304383234105,24.341616547140887,-0.07499999999999962,-0.07499999999999962
270,success,2,0.605000000000001,6.736304656762258,1.930237444499594,6.98848499460026,1.7843159048865147,18,22.683304383234105,24.341616547140887,-0.07499999999999962,-0.07499999999999962
270,success,2,0.615000000000001,6.03869724918881,1.6100865343119082,7.120401613378714,2.024274238470791,18,22.683304383234105,24.341616547140887,-0.07499999999999962,-0.07499999999999962
270,success,2,0.625000000000001,5.414673327863997,1.25885864701934,7.796367377415505,2.299213723225167,18,22.683304383234105,24.341616547140887,-0.07499999999999962,-0.07499999999999962
270,success,2,0.635000000000001,4.8906101098772865,0.9560952455963307,8.752125228731108,2.4585510905656736,18,22.683304383234105,24.341616547140887,-0.07499999999999962,-0.07499999999999962
270,success,2,0.645000000000001,4.359249792010457,0.7931369555606308,9.815591409749654,2.647540037541537,18,22.683304383234105,24.341616547140887,-0.07499999999999962,-0.07499999999999962
270,success,2,0.655000000000001,4.023183125569144,0.7316651374817509,10.951302240237307,3.1174692629143115,18,22.683304383234105,24.341616547140887,-0.07499999999999962,-0.07499999999999962
270,success,2,0.665000000000001,4.513136282641677,0.6126808269923836,12.185686804381332,3.8648308937140663,18,22.683304383234105,24.341616547140887,-0.07499999999999962,-0.07499999999999962
270,success,2,0.675000000000001,5.590630792445209,0.4388807586452006,13.503195863564725,4.6263494898605595,18,22.683304383234105,24.341616547140887,-0.07499999999999962,-0.07499999999999962
270,success,2,0.685000000000001,6.949949263376344,0.4270187550503599,14.820642187089959,5.1395238313439355,18,22.683304383234105,24.341616547140887,-0.07499999999999962,-0.07499999999999962
270,success,2,0.6950000000000011,6.949949263376344,0.4270187550503599,16.035871450599885,5.316762421635652,18,22.683304383234105,24.341616547140887,-0.07499999999999962,-0.07499999999999962
270,success,2,0.7050000000000011,8.559023469092896,0.7178882913614456,17.061494342696985,5.29086139633277,18,22.683304383234105,24.341616547140887,-0.07499999999999962,-0.07499999999999962
270,success,2,0.7150000000000011,10.474282634587404,1.2073172332001354,17.797630628072497,5.295501340131531,18,22.683304383234105,24.341616547140887,-0.07499999999999962,-0.07499999999999962
270,success,2,0.7250000000000011,8.912571950144319,0.8072520745066151,18.09509759690841,5.446507832512981,18,22.683304383234105,24.341616547140887,-0.07499999999999962,-0.07499999999999962
270,success,2,0.7350000000000011,6.943886165402305,0.4277882918380216,17.795162100426147,5.661200423373887,18,22.683304383234105,24.341616547140887,-0.07499999999999962,-0.07499999999999962
270,success,2,0.7450000000000011,6.943886165402305,0.4277882918380216,16.84265585352043,5.786707486895657,18,22.683304383234105,24.341616547140887,-0.07499999999999962,-0.07499999999999962
270,success,2,0.7550000000000011,5.095312378802995,0.4431159195285793,15.372504279576983,5.721768897618632,18,22.683304383234105,24.341616547140887,-0.07499999999999962,-0.07499999999999962
270,success,2,0.7650000000000011,3.8219263546573328,0.6119210914106096,13.687742058226807,5.43730124584908,18,22.683304383234105,24.341616547140887,-0.07499999999999962,-0.07499999999999962
270,success,2,0.7750000000000011,3.8219263546573328,0.6119210914106096,12.137098006452685,4.977498783696638,18,22.683304383234105,24.341616547140887,-0.07499999999999962,-0.07499999999999962
270,success,2,0.7850000000000011,3.776692656680944,0.6235140309587771,10.983452450001861,4.4637320862592,18,22.683304383234105,24.341616547140887,-0.07499999999999962,-0.07499999999999962
270,success,2,0.7950000000000012,3.7724569644745904,0.6247469793522278,10.347279798413481,4.028129634350643,18,22.683304383234105,24.341616547140887,-0.07499999999999962,-0.07499999999999962
270,success,2,0.8050000000000012,3.1279393616896334,0.7318934776359509,10.21909524947902,3.70202799370368,18,22.683304383234105,24.341616547140887,-0.07499999999999962,-0.07499999999999962
270,success,2,0.8150000000000012,3.485745799202743,0.6842258046684726,10.497434899423757,3.428256601213013,18,22.683304383234105,24.341616547140887,-0.07499999999999962,-0.07499999999999962
270,success,2,0.8250000000000012,4.208703473740425,0.6401941378959061,11.025344198544921,3.185450026877222,18,22.683304383234105,24.341616547140887,-0.07499999999999962,-0.07499999999999962
270,success,2,0.8350000000000012,4.74552084736257,0.6671037068970255,11.624847888468654,3.034400403008097,18,22.683304383234105,24.341616547140887,-0.07499999999999962,-0.07499999999999962
270,success,2,0.8450000000000012,5.001424334832291,0.7013937764144995,12.130726138805905,3.028743680448549,18,22.683304383234105,24.341616547140887,-0.07499999999999962,-0.07499999999999962
270,success,2,0.8550000000000012,5.01706001327472,0.6955070521617611,12.43939252111919,3.120022392886068,18,22.683304383234105,24.341616547140887,-0.07499999999999962,-0.07499999999999962
270,success,2,0.8650000000000012,5.273470754377551,0.7544006463578122,12.558304993342464,3.21942773841565,18,22.683304383234105,24.341616547140887,-0.07499999999999962,-0.07499999999999962
270,success,2,0.8750000000000012,4.910596145496936,0.6205032244064725,12.626554997670027,3.3272319308274634,18,22.683304383234105,24.341616547140887,-0.07499999999999962,-0.07499999999999962
270,success,2,0.8850000000000012,4.822419218525377,0.6601846265933405,12.86212227857527,3.5071915916453746,18,22.683304383234105,24.341616547140887,-0.07499999999999962,-0.07499999999999962
270,success,2,0.8950000000000012,4.7284235018022,0.9137479275607452,13.429471638728524,3.7478821783203102,18,22.683304383234105,24.341616547140887,-0.07499999999999962,-0.07499999999999962
270,success,2,0.9050000000000012,4.455955829184358,1.3420743316082242,14.307517987516086,3.993659755777751,18,22.683304383234105,24.341616547140887,-0.07499999999999962,-0.07499999999999962
270,success,2,0.9150000000000013,4.863802016053781,1.6991902649909514,15.263014246783477,4.250245407423291,18,22.683304383234105,24.341616547140887,-0.07499999999999962,-0.07499999999999962
270,success,2,0.9250000000000013,5.2709203109263685,1.9834594061838695,15.96280313166207,4.470228143574089,18,22.683304383234105,24.341616547140887,-0.07499999999999962,-0.07499999999999962
270,success,2,0.9350000000000013,5.836138273445033,2.137646641396676,16.162223015130074,4.472925739259538,18,22.683304383234105,24.341616547140887,-0.07499999999999962,-0.07499999999999962
270,success,2,0.9450000000000013,6.612509558823362,2.1578829485992186,15.835078655616492,4.151187948974331,18,22.683304383234105,24.341616547140887,-0.07499999999999962,-0.07499999999999962
270,success,2,0.9550000000000013,8.031197655677815,2.138444713691546,15.157544825567394,3.6406506691768548,18,22.683304383234105,24.341616547140887,-0.07499999999999962,-0.07499999999999962
270,success,2,0.9650000000000013,9.562776524413941,2.154177263839893,14.375490600925787,3.2032596362038017,18,22.683304383234105,24.341616547140887,-0.07499999999999962,-0.07499999999999962
270,success,2,0.9750000000000013,14.419748431996478,3.00950963392068,13.677777718828338,3.0041017806740538,18,22.683304383234105,24.341616547140887,-0.07499999999999962,-0.07499999999999962
270,success,2,0.9850000000000013,13.68444222932332,2.984730813007537,13.168169260043273,3.03252066058203,18,22.683304383234105,24.341616547140887,-0.07499999999999962,-0.07499999999999962
270,success,2,0.9950000000000013,12.899636662885738,3.132612485934961,12.899636662885738,3.132612485934961,18,22.683304383234105,24.341616547140887,-0.07499999999999962,-0.07499999999999962
90,success,0,-0.495,0.0,0.0,0.0,0.0,14,14.528757939464532,13.481191895484761,0.3750000000000008,-0.13499999999999968
90,success,0,-0.485,0.0,0.0,0.0,0.0,14,14.528757939464532,13.481191895484761,0.3750000000000008,-0.13499999999999968
90,success,0,-0.475,0.0,0.0,0.0,0.0,14,14.528757939464532,13.481191895484761,0.3750000000000008,-0.13499999999999968
90,success,0,-0.46499999999999997,0.0,0.0,0.0,0.0,14,14.528757939464532,13.481191895484761,0.3750000000000008,-0.13499999999999968
90,success,0,-0.45499999999999996,0.0,0.0,0.0,0.0,14,14.528757939464532,13.481191895484761,0.3750000000000008,-0.13499999999999968
90,success,0,-0.44499999999999995,0.0,0.0,0.00038238110035411184,0.000368471648144087,14,14.528757939464532,13.481191895484761,0.3750000000000008,-0.13499999999999968
90,success,0,-0.43499999999999994,0.0,0.0,0.0021307136015393637,0.0016966438576692883,14,14.528757939464532,13.481191895484761,0.3750000000000008,-0.13499999999999968
90,success,0,-0.42499999999999993,0.0,0.0,0.008942554981968219,0.006725253253910025,14,14.528757939464532,13.481191895484761,0.3750000000000008,-0.13499999999999968
90,success,0,-0.4149999999999999,0.0,0.0,0.031176283723773037,0.022701084541492313,14,14.528757939464532,13.481191895484761,0.3750000000000008,-0.13499999999999968
90,success,0,-0.4049999999999999,0.0,0.0,0.09341383398646759,0.06585515529619117,14,14.528757939464532,13.481191895484761,0.3750000000000008,-0.13499999999999968
90,success,0,-0.3949999999999999,0.0,0.0,0.24124791967667672,0.1649434452067794,14,14.528757939464532,13.481191895484761,0.3750000000000008,-0.13499999999999968
90,success,0,-0.3849999999999999,0.0,0.0,0.5373042943687442,0.35807672816362945,14,14.528757939464532,13.481191895484761,0.3750000000000008,-0.13499999999999968
90,success,0,-0.3749999999999999,0.0,0.0,1.034960650629199,0.6780953319622445,14,14.528757939464532,13.481191895484761,0.3750000000000008,-0.13499999999999968
90,success,0,-0.3649999999999999,0.0,0.0,1.7306405236080256,1.1274372550847696,14,14.528757939464532,13.481191895484761,0.3750000000000008,-0.13499999999999968
90,success,0,-0.35499999999999987,0.0,0.0,2.5285615433268633,1.6565900780744627,14,14.528757939464532,13.481191895484761,0.3750000000000008,-0.13499999999999968
90,success,0,-0.34499999999999986,0.0,0.0,3.2624107968680383,2.1646260232634758,14,14.528757939464532,13.481191895484761,0.3750000000000008,-0.13499999999999968
90,success,0,-0.33499999999999985,0.0,0.0,3.786680279220043,2.5338562825067847,14,14.528757939464532,13.481191895484761,0.3750000000000008,-0.13499999999999968
90,success,0,-0.32499999999999984,0.0,0.0,4.07056184488146,2.685139976697866,14,14.528757939464532,13.481191895484761,0.3750000000000008,-0.13499999999999968
90,success,0,-0.31499999999999984,0.0,0.0,4.206775624769788,2.619920064419273,14,14.528757939464532,13.481191895484761,0.3750000000000008,-0.13499999999999968
90,success,0,-0.3049999999999998,0.0,0.0,4.31830344641752,2.4176874458946322,14,14.528757939464532,13.481191895484761,0.3750000000000008,-0.13499999999999968
90,success,0,-0.2949999999999998,0.0,0.0,4.4514718796783805,2.1912515910188803,14,14.528757939464532,13.481191895484761,0.3750000000000008,-0.13499999999999968
90,success,0,-0.2849999999999998,0.0,0.0,4.561508438099298,2.037806270836458,14,14.528757939464532,13.481191895484761,0.3750000000000008,-0.13499999999999968
90,success,0,-0.2749999999999998,0.0,0.0,4.590736136301255,2.020039628456463,14,14.528757939464532,13.481191895484761,0.3750000000000008,-0.13499999999999968
90,success,0,-0.2649999999999998,0.0,0.0,4.546337548479463,2.143912001172465,14,14.528757939464532,13.481191895484761,0.3750000000000008,-0.13499999999999968
90,success,0,-0.2549999999999998,0.0,0.0,4.498169572433033,2.3349927094399483,14,14.528757939464532,13.481191895484761,0.3750000000000008,-0.13499999999999968
90,success,0,-0.24499999999999977,0.0,0.0,4.520944274546015,2.486925543886453,14,14.528757939464532,13.481191895484761,0.3750000000000008,-0.13499999999999968
90,success,0,-0.23499999999999976,0.0,0.0,4.6493509293567765,2.53268693584273,14,14.528757939464532,13.481191895484761,0.3750000000000008,-0.13499999999999968
90,success,0,-0.22499999999999976,0.0,0.0,4.8905942382237475,2.4984856551067143,14,14.528757939464532,13.481191895484761,0.3750000000000008,-0.13499999999999968
90,success,0,-0.21499999999999975,0.0,0.0,5.262310048075449,2.5331175952413143,14,14.528757939464532,13.481191895484761,0.3750000000000008,-0.13499999999999968
90,success,0,-0.20499999999999974,0.0045885732042493434,0.0005006543819123493,5.824247468502755,2.786814422603604,14,14.528757939464532,13.481191895484761,0.3750000000000008,-0.13499999999999968
90,success,0,-0.19499999999999973,0.006118097605665791,0.0005006543819123494,6.667518511584005,3.210879911681042,14,14.528757939464532,13.481191895484761,0.3750000000000008,-0.13499999999999968
90,success,0,-0.18499999999999972,0.02873808221967225,0.0025388376176956355,7.864802749472327,3.6496470046786165,14,14.528757939464532,13.481191895484761,0.3750000000000008,-0.13499999999999968
90,success,0,-0.1749999999999997,0.11248612708923214,0.010089512455339147,9.379079367708352,4.030099819193535,14,14.528757939464532,13.481191895484761,0.3750000000000008,-0.13499999999999968
90,success,0,-0.1649999999999997,0.3754814402354006,0.034299622691569234,10.9974456722208,4.362556711150361,14,14.528757939464532,13.481191895484761,0.3750000000000008,-0.13499999999999968
90,success,0,-0.1549999999999997,0.8888701270588434,0.031938964306399066,12.381906646282491,4.6263482803679965,14,14.528757939464532,13.481191895484761,0.3750000000000008,-0.13499999999999968
90,success,0,-0.14499999999999968,1.9342922491514387,0.16978735673427056,13.238919703476189,4.7207840660385285,14,14.528757939464532,13.481191895484761,0.3750000000000008,-0.13499999999999968
90,success,0,-0.13499999999999968,3.625608693030382,0.40876875372498184,13.481191895484761,4.559030295888825,14,14.528757939464532,13.481191895484761,0.3750000000000008,-0.13499999999999968
90,success,0,-0.12499999999999967,6.041936901539129,0.7537337264818748,13.239596873945993,4.174440983892116,14,14.528757939464532,13.481191895484761,0.3750000000000008,-0.13499999999999968
90,success,0,-0.11499999999999966,8.882921668916264,1.1646814419309428,12.736322611083972,3.692815078844502,14,14.528757939464532,13.481191895484761,0.3750000000000008,-0.13499999999999968
90,success,0,-0.10499999999999965,12.17386590982305,1.6881996888152397,12.157554191409202,3.2402500793541624,14,14.528757939464532,13.481191895484761,0.3750000000000008,-0.13499999999999968
90,success,0,-0.09499999999999964,13.50983454462858,1.9039405249037062,11.608560876921896,2.9420814030126583,14,14.528757939464532,13.481191895484761,0.3750000000000008,-0.13499999999999968
90,success,0,-0.08499999999999963,10.044821447902928,1.335967656608274,11.12184437098725,2.895038935860164,14,14.528757939464532,13.481191895484761,0.3750000000000008,-0.13499999999999968
90,success,0,-0.07499999999999962,6.575485108804169,0.8305218789158944,10.6754819976455,3.023071661124529,14,14.528757939464532,13.481191895484761,0.3750000000000008,-0.13499999999999968
90,success,0,-0.06499999999999961,5.591668315860856,0.7205484037597023,10.254007288412994,3.175299411184472,14,14.528757939464532,13.481191895484761,0.3750000000000008,-0.13499999999999968
90,success,0,-0.05499999999999961,5.26285043873297,0.7614263676720308,9.928052842318547,3.3112464447144108,14,14.528757939464532,13.481191895484761,0.3750000000000008,-0.13499999999999968
90,success,0,-0.0449999999999996,5.753694953612997,0.7367216707727902,9.854493309293137,3.4336565110211095,14,14.528757939464532,13.481191895484761,0.3750000000000008,-0.13499999999999968
90,success,0,-0.034999999999999594,5.753694953612997,0.7367216707727902,10.133252850238717,3.490879446771828,14,14.528757939464532,13.481191895484761,0.3750000000000008,-0.13499999999999968
90,success,0,-0.02499999999999958,5.753694953612997,0.7367216707727902,10.648359570154797,3.4295177129850027,14,14.528757939464532,13.481191895484761,0.3750000000000008,-0.13499999999999968
90,success,0,-0.014999999999999573,6.47860692971438,0.8085637066373176,11.06219406090011,3.2543084097444632,14,14.528757939464532,13.481191895484761,0.3750000000000008,-0.13499999999999968
90,success,0,-0.004999999999999565,8.112991164125983,1.2827913798203738,11.015304528660595,3.0054569238918654,14,14.528757939464532,13.481191895484761,0.3750000000000008,-0.13499999999999968
90,success,0,0.005000000000000444,7.081694961573029,0.9699068536034665,10.363219062972961,2.7058753662904276,14,14.528757939464532,13.481191895484761,0.3750000000000008,-0.13499999999999968
90,success,0,0.015000000000000454,5.993159920248152,0.7576779614006841,9.273603656990504,2.3613656325394756,14,14.528757939464532,13.481191895484761,0.3750000000000008,-0.13499999999999968
90,success,0,0.025000000000000463,5.993159920248152,0.7576779614006841,8.114806769496077,2.0188538819198345,14,14.528757939464532,13.481191895484761,0.3750000000000008,-0.13499999999999968
90,success,0,0.03500000000000047,5.993159920248152,0.7576779614006841,7.253979659080087,1.8169098596744255,14,14.528757939464532,13.481191895484761,0.3750000000000008,-0.13499999999999968
90,success,0,0.04500000000000048,3.581895220618648,0.399156976031542,6.907721236040152,1.9138551727265236,14,14.528757939464532,13.481191895484761,0.3750000000000008,-0.13499999999999968
90,success,0,0.055000000000000486,3.581895220618648,0.399156976031542,7.120749254100068,2.327441455441562,14,14.528757939464532,13.481191895484761,0.3750000000000008,-0.13499999999999968
90,success,0,0.0650000000000005,1.8080688161248646,0.15453539544487271,7.8378008623783,2.9842743450582576,14,14.528757939464532,13.481191895484761,0.3750000000000008,-0.13499999999999968
90,success,0,0.07500000000000051,0.8440202884748796,0.03681440561197907,8.951323538216712,3.827830730687254,14,14.528757939464532,13.481191895484761,0.3750000000000008,-0.13499999999999968
90,success,0,0.08500000000000052,0.45005979263770995,0.06808256965459684,10.28079502144721,4.7760426240585385,14,14.528757939464532,13.481191895484761,0.3750000000000008,-0.13499999999999968
90,success,0,0.09500000000000053,0.30782137648213925,0.09027423805276506,11.548170463216309,5.656789575086878,14,14.528757939464532,13.481191895484761,0.3750000000000008,-0.13499999999999968
90,success,0,0.10500000000000054,0.30782137648213925,0.09027423805276506,12.440799290275416,6.241394004309129,14,14.528757939464532,13.481191895484761,0.3750000000000008,-0.13499999999999968
90,success,0,0.11500000000000055,0.30782137648213925,0.09027423805276506,12.751006511787825,6.3729233762479005,14,14.528757939464532,13.481191895484761,0.3750000000000008,-0.13499999999999968
90,success,0,0.12500000000000056,0.30782137648213925,0.09027423805276506,12.452557741446908,6.055069499916285,14,14.528757939464532,13.481191895484761,0.3750000000000008,-0.13499999999999968
90,success,0,0.13500000000000056,0.30782137648213925,0.09027423805276506,11.641407075950733,5.417175257006845,14,14.528757939464532,13.481191895484761,0.3750000000000008,-0.13499999999999968
90,success,0,0.14500000000000057,0.2926308498444085,0.093117762856499,10.43049794691277,4.612471550937172,14,14.528757939464532,13.481191895484761,0.3750000000000008,-0.13499999999999968
90,success,0,0.15500000000000058,0.2926308498444085,0.093117762856499,8.939632486264177,3.756111333525571,14,14.528757939464532,13.481191895484761,0.3750000000000008,-0.13499999999999968
90,success,0,0.1650000000000006,0.2926308498444085,0.093117762856499,7.367204869857046,2.934520424799548,14,14.528757939464532,13.481191895484761,0.3750000000000008,-0.13499999999999968
90,success,0,0.1750000000000006,0.2926308498444085,0.093117762856499,6.004256296145508,2.2635128879025275,14,14.528757939464532,13.481191895484761,0.3750000000000008,-0.13499999999999968
90,success,0,0.1850000000000006,0.28989894704274616,0.09369508707250884,5.114771968382812,1.9149273733458019,14,14.528757939464532,13.481191895484761,0.3750000000000008,-0.13499999999999968
90,success,0,0.19500000000000062,0.2877682334412068,0.09414607713328176,4.78473816916763,1.956866626992844,14,14.528757939464532,13.481191895484761,0.3750000000000008,-0.13499999999999968
90,success,0,0.20500000000000063,0.2873858523408527,0.09422869398896096,4.869938047734659,2.202514947906394,14,14.528757939464532,13.481191895484761,0.3750000000000008,-0.13499999999999968
90,success,0,0.21500000000000064,0.28232234346160906,0.09508813733649325,5.09331121030131,2.416556140545351,14,14.528757939464532,13.481191895484761,0.3750000000000008,-0.13499999999999968
90,success,0,0.22500000000000064,0.26576586542304714,0.09775981808746224,5.218354380324614,2.467821387812964,14,14.528757939464532,13.481191895484761,0.3750000000000008,-0.13499999999999968
90,success,0,0.23500000000000065,0.24511153318199178,0.10073806008895676,5.185080978216062,2.359053334381419,14,14.528757939464532,13.481191895484761,0.3750000000000008,-0.13499999999999968
90,success,0,0.24500000000000066,0.24085010597891304,0.10142998680121383,5.116002282540342,2.201871732835134,14,14.528757939464532,13.481191895484761,0.3750000000000008,-0.13499999999999968
90,success,0,0.25500000000000067,0.24008534377820484,0.10155797019412509,5.198487260982375,2.12315584180138,14,14.528757939464532,13.481191895484761,0.3750000000000008,-0.13499999999999968
90,success,0,0.2650000000000007,0.2435267736813918,0.10097750961239078,5.537118851321023,2.1749281182542264,14,14.528757939464532,13.481191895484761,0.3750000000000008,-0.13499999999999968
90,success,0,0.2750000000000007,0.2562027173892262,0.0988517447121835,6.0803739485291475,2.328901144743326,14,14.528757939464532,13.481191895484761,0.3750000000000008,-0.13499999999999968
90,success,0,0.2850000000000007,0.30820375758249335,0.09021068814291078,6.661492554995996,2.531429099093755,14,14.528757939464532,13.481191895484761,0.3750000000000008,-0.13499999999999968
90,success,0,0.2950000000000007,0.47267590247986885,0.06339937545374762,7.092234076916597,2.7253032201669978,14,14.528757939464532,13.481191895484761,0.3750000000000008,-0.13499999999999968
90,success,0,0.3050000000000007,0.9072414090380512,0.03000892124948511,7.262087529135327,2.82822172172114,14,14.528757939464532,13.481191895484761,0.3750000000000008,-0.13499999999999968
90,success,0,0.3150000000000007,2.132617668343332,0.11545751521490324,7.227646581382685,2.7617009164489668,14,14.528757939464532,13.481191895484761,0.3750000000000008,-0.13499999999999968
90,success,0,0.32500000000000073,3.7852962421022163,0.2990137348473878,7.251887789593249,2.525493269170546,14,14.528757939464532,13.481191895484761,0.3750000000000008,-0.13499999999999968
90,success,0,0.33500000000000074,5.907608609631907,0.5999896249986761,7.718687860778968,2.2448531658591215,14,14.528757939464532,13.481191895484761,0.3750000000000008,-0.13499999999999968
90,success,0,0.34500000000000075,7.064223459417469,0.635328515869773,8.890465904571375,2.126166676757114,14,14.528757939464532,13.481191895484761,0.3750000000000008,-0.13499999999999968
90,success,0,0.35500000000000076,9.102830828672198,0.9232102924741251,10.640043786677088,2.2431869246507734,14,14.528757939464532,13.481191895484761,0.3750000000000008,-0.13499999999999968
90,success,0,0.36500000000000077,11.828865017806375,1.187503175916844,12.393697279076656,2.44068013302792,14,14.528757939464532,13.481191895484761,0.3750000000000008,-0.13499999999999968
90,success,0,0.3750000000000008,14.528757939464532,1.5874180965700706,13.395838008274234,2.5657404923353804,14,14.528757939464532,13.481191895484761,0.3750000000000008,-0.13499999999999968
90,success,0,0.3850000000000008,13.981088009054504,1.4323496696525544,13.158918790211379,2.5666025861558888,14,14.528757939464532,13.481191895484761,0.3750000000000008,-0.13499999999999968
90,success,0,0.3950000000000008,10.271733548049719,0.9946544272650901,11.775677716343477,2.419005352105791,14,14.528757939464532,13.481191895484761,0.3750000000000008,-0.13499999999999968
90,success,0,0.4050000000000008,7.234096547692566,0.6667787645623465,9.867705472124623,2.132164869525746,14,14.528757939464532,13.481191895484761,0.3750000000000008,-0.13499999999999968
90,success,0,0.4150000000000008,6.510628563392133,0.5995569564372267,8.237750006667167,1.8553620034814482,14,14.528757939464532,13.481191895484761,0.3750000000000008,-0.13499999999999968
90,success,0,0.4250000000000008,4.076530262104301,0.31544104081492735,7.469758867056378,1.8809033019224868,14,14.528757939464532,13.481191895484761,0.3750000000000008,-0.13499999999999968
90,success,0,0.43500000000000083,4.076530262104301,0.31544104081492735,7.702156473864768,2.2866824872670763,14,14.528757939464532,13.481191895484761,0.3750000000000008,-0.13499999999999968
90,success,0,0.44500000000000084,2.1943844791881646,0.11492697676992426,8.647158669970702,2.8145904430626234,14,14.528757939464532,13.481191895484761,0.3750000000000008,-0.13499999999999968
90,success,0,0.45500000000000085,2.1943844791881646,0.11492697676992426,9.793282182341153,3.2342186099977703,14,14.528757939464532,13.481191895484761,0.3750000000000008,-0.13499999999999968
90,success,0,0.46500000000000086,2.1199110844434905,0.1330896374608217,10.659800005065252,3.46219142315545,14,14.528757939464532,13.481191895484761,0.3750000000000008,-0.13499999999999968
90,success,0,0.47500000000000087,2.1943844791881646,0.11492697676992426,10.969049783250439,3.5136191577425717,14,14.528757939464532,13.481191895484761,0.3750000000000008,-0.13499999999999968
90,success,0,0.4850000000000009,2.5881394894813576,0.4007361994500079,10.666469973686329,3.426019152658499,14,14.528757939464532,13.481191895484761,0.3750000000000008,-0.13499999999999968
90,success,0,0.4950000000000009,2.3502332438704934,0.19264712559571168,9.829905844566458,3.2241666464594787,14,14.528757939464532,13.481191895484761,0.3750000000000008,-0.13499999999999968
90,success,0,0.5050000000000009,2.0559252016796106,0.1138534434051353,8.58564018730777,2.934112138541243,14,14.528757939464532,13.481191895484761,0.3750000000000008,-0.13499999999999968
90,success,0,0.5150000000000009,1.8437613383433422,0.1396869962983043,7.091823564192466,2.5762434865172885,14,14.528757939464532,13.481191895484761,0.3750000000000008,-0.13499999999999968
90,success,0,0.5250000000000009,1.3020953591049182,0.14650297128502815,5.553308818852555,2.1492631887262763,14,14.528757939464532,13.481191895484761,0.3750000000000008,-0.13499999999999968
90,success,0,0.5350000000000009,1.3020953591049182,0.14650297128502815,4.199305606685561,1.6833036124871978,14,14.528757939464532,13.481191895484761,0.3750000000000008,-0.13499999999999968
90,success,0,0.5450000000000009,1.3020953591049182,0.14650297128502815,3.212229946902196,1.301635739605369,14,14.528757939464532,13.481191895484761,0.3750000000000008,-0.13499999999999968
90,success,0,0.5550000000000009,1.3020953591049182,0.14650297128502815,2.6767358464588358,1.1375595735965425,14,14.528757939464532,13.481191895484761,0.3750000000000008,-0.13499999999999968
90,success,0,0.565000000000001,0.876522279628037,0.21793714415762366,2.587263924316811,1.157713823988818,14,14.528757939464532,13.481191895484761,0.3750000000000008,-0.13499999999999968
90,success,0,0.575000000000001,0.7261060706912064,0.2450118975560462,2.8949106809009564,1.3226261301913431,14,14.528757939464532,13.481191895484761,0.3750000000000008,-0.13499999999999968
90,success,0,0.585000000000001,0.7261060706912064,0.2450118975560462,3.5359423400660708,1.723685540149673,14,14.528757939464532,13.481191895484761,0.3750000000000008,-0.13499999999999968
90,success,0,0.595000000000001,0.6947414471152679,0.25084313209914944,4.423276783920706,2.3258242249820973,14,14.528757939464532,13.481191895484761,0.3750000000000008,-0.13499999999999968
90,success,0,0.605000000000001,0.6923919254139596,0.25129601572479177,5.459229574086656,2.9597852655941894,14,14.528757939464532,13.481191895484761,0.3750000000000008,-0.13499999999999968
90,success,0,0.615000000000001,0.6781849690767059,0.2537950329014393,6.583168739619741,3.5242663517860167,14,14.528757939464532,13.481191895484761,0.3750000000000008,-0.13499999999999968
90,success,0,0.625000000000001,0.7206601807116086,0.24601762083195278,7.791847435938157,4.05531090586251,14,14.528757939464532,13.481191895484761,0.3750000000000008,-0.13499999999999968
90,success,0,0.635000000000001,0.8593520597654759,0.22101812911950353,9.075134660700854,4.622366774394716,14,14.528757939464532,13.481191895484761,0.3750000000000008,-0.13499999999999968
90,success,0,0.645000000000001,1.144242743098505,0.17901314632411947,10.31639932864047,5.161615700980408,14,14.528757939464532,13.481191895484761,0.3750000000000008,-0.13499999999999968
90,success,0,0.655000000000001,1.8954894897471957,0.13292517264560225,11.2832272237904,5.462674926147605,14,14.528757939464532,13.481191895484761,0.3750000000000008,-0.13499999999999968
90,success,0,0.665000000000001,1.8954894897471957,0.13292517264560225,11.767349882215376,5.330506785326323,14,14.528757939464532,13.481191895484761,0.3750000000000008,-0.13499999999999968
90,success,0,0.675000000000001,3.147349624622195,0.29863626326388315,11.749198908697222,4.743975426232803,14,14.528757939464532,13.481191895484761,0.3750000000000008,-0.13499999999999968
90,success,0,0.685000000000001,5.315318982433168,0.6280524982091765,11.423782680816597,3.8907070078265407,14,14.528757939464532,13.481191895484761,0.3750000000000008,-0.13499999999999968
90,success,0,0.6950000000000011,7.893138554658952,1.0373281793785492,11.04745333753989,3.079213083602727,14,14.528757939464532,13.481191895484761,0.3750000000000008,-0.13499999999999968
90,success,0,0.7050000000000011,9.396156061786959,1.2543879518583596,10.74890886784128,2.556934194616805,14,14.528757939464532,13.481191895484761,0.3750000000000008,-0.13499999999999968
90,success,0,0.7150000000000011,10.066330944743308,1.5252923240943708,10.46845320349573,2.3230750977435264,14,14.528757939464532,13.481191895484761,0.3750000000000008,-0.13499999999999968
90,success,0,0.7250000000000011,9.432332262270338,1.2800613412097364,10.052519335543938,2.201485356506683,14,14.528757939464532,13.481191895484761,0.3750000000000008,-0.13499999999999968
90,success,0,0.7350000000000011,6.334637838139919,0.7106421257720077,9.383886960239783,2.074843764914893,14,14.528757939464532,13.481191895484761,0.3750000000000008,-0.13499999999999968
90,success,0,0.7450000000000011,7.122099432106346,0.9191035373955257,8.448503055462323,1.9250909944428096,14,14.528757939464532,13.481191895484761,0.3750000000000008,-0.13499999999999968
90,success,0,0.7550000000000011,5.440713836095823,0.6571098976207659,7.325711033240082,1.770517180467846,14,14.528757939464532,13.481191895484761,0.3750000000000008,-0.13499999999999968
90,success,0,0.7650000000000011,3.435228206533003,0.292271852404471,6.150569264680715,1.6228035313052813,14,14.528757939464532,13.481191895484761,0.3750000000000008,-0.13499999999999968
90,success,0,0.7750000000000011,2.123586755043856,0.04457501295304268,5.07816003242974,1.479578202335869,14,14.528757939464532,13.481191895484761,0.3750000000000008,-0.13499999999999968
90,success,0,0.7850000000000011,2.123586755043856,0.04457501295304268,4.244039889636358,1.370710652615707,14,14.528757939464532,13.481191895484761,0.3750000000000008,-0.13499999999999968
90,success,0,0.7950000000000012,1.0416207479678383,0.09356044843523836,3.727858379657804,1.3588635034264043,14,14.528757939464532,13.481191895484761,0.3750000000000008,-0.13499999999999968
90,success,0,0.8050000000000012,0.989510215463631,0.09571696341690543,3.5392971305793415,1.4257119101415139,14,14.528757939464532,13.481191895484761,0.3750000000000008,-0.13499999999999968
90,success,0,0.8150000000000012,0.6341117840528885,0.22190653588274978,3.6390771906227743,1.4769252763922138,14,14.528757939464532,13.481191895484761,0.3750000000000008,-0.13499999999999968
90,success,0,0.8250000000000012,0.712820719142665,0.45883038493905354,3.977106486691814,1.486905494847444,14,14.528757939464532,13.481191895484761,0.3750000000000008,-0.13499999999999968
90,success,0,0.8350000000000012,1.1079416808366893,0.8346690307092817,4.495019348985409,1.5529211828324894,14,14.528757939464532,13.481191895484761,0.3750000000000008,-0.13499999999999968
90,success,0,0.8450000000000012,1.6187272190109545,1.3223660025279684,5.081899440161998,1.791058387232453,14,14.528757939464532,13.481191895484761,0.3750000000000008,-0.13499999999999968
90,success,0,0.8550000000000012,2.121185570635123,1.7992243907415444,5.537325822658042,2.143327082040658,14,14.528757939464532,13.481191895484761,0.3750000000000008,-0.13499999999999968
90,success,0,0.8650000000000012,2.4635804611448395,2.0969243310352663,5.621037684616744,2.398427085704693,14,14.528757939464532,13.481191895484761,0.3750000000000008,-0.13499999999999968
90,success,0,0.8750000000000012,2.546320006988281,2.091962676505206,5.194258852348243,2.3745539254658894,14,14.528757939464532,13.481191895484761,0.3750000000000008,-0.13499999999999968
90,success,0,0.8850000000000012,3.3366667840755366,1.9871827407449467,4.349218216625763,2.0393352315975837,14,14.528757939464532,13.481191895484761,0.3750000000000008,-0.13499999999999968
90,success,0,0.8950000000000012,2.8238502790128095,1.5101659084649321,3.397164255458466,1.5289764564912713,14,14.528757939464532,13.481191895484761,0.3750000000000008,-0.13499999999999968
90,success,0,0.9050000000000012,2.384173625554144,1.1085353888267753,2.707474645405618,1.102439937227831,14,14.528757939464532,13.481191895484761,0.3750000000000008,-0.13499999999999968
90,success,0,0.9150000000000013,2.3852708058802925,1.0333675537240947,2.515282206329775,1.0230621763655456,14,14.528757939464532,13.481191895484761,0.3750000000000008,-0.13499999999999968
90,success,0,0.9250000000000013,2.707293024664288,1.238298272180332,2.825959257961455,1.222665033388198,14,14.528757939464532,13.481191895484761,0.3750000000000008,-0.13499999999999968
90,success,0,0.9350000000000013,3.2683655465166908,1.4767340042156811,3.449981565207207,1.4560382672845225,14,14.528757939464532,13.481191895484761,0.3750000000000008,-0.13499999999999968
90,success,0,0.9450000000000013,3.771126783456281,1.6446326996091127,4.1178612678122635,1.6201130415661649,14,14.528757939464532,13.481191895484761,0.3750000000000008,-0.13499999999999968
90,success,0,0.9550000000000013,3.9766281609099723,1.7074528522402823,4.597192773818945,1.7082998349469622,14,14.528757939464532,13.481191895484761,0.3750000000000008,-0.13499999999999968
90,success,0,0.9650000000000013,3.793377111538213,1.6667148847477702,4.775732728816157,1.7722670725613912,14,14.528757939464532,13.481191895484761,0.3750000000000008,-0.13499999999999968
90,success,0,0.9750000000000013,3.3142143879985424,1.5618862459753917,4.683363780420414,1.8793414988038974,14,14.528757939464532,13.481191895484761,0.3750000000000008,-0.13499999999999968
90,success,0,0.9850000000000013,2.767857340588155,1.4557354788117953,4.462549733426456,2.028770870030123,14,14.528757939464532,13.481191895484761,0.3750000000000008,-0.13499999999999968
90,success,0,0.9950000000000013,4.291452407060036,2.140476394699688,4.291452407060036,2.140476394699688,14,14.528757939464532,13.481191895484761,0.3750000000000008,-0.13499999999999968
90,success,1,-0.495,0.0,0.0,0.0,0.0,14,37.67077478887514,33.37971801416661,0.3150000000000007,0.9450000000000013
90,success,1,-0.485,0.0,0.0,0.00038238110035411184,0.00036847164814408706,14,37.67077478887514,33.37971801416661,0.3150000000000007,0.9450000000000013
90,success,1,-0.475,0.0,0.0,0.0017483325011852517,0.0016847353533399505,14,37.67077478887514,33.37971801416661,0.3150000000000007,0.9450000000000013
90,success,1,-0.46499999999999997,0.0,0.0,0.0071942224807829665,0.006546027907219929,14,37.67077478887514,33.37971801416661,0.3150000000000007,0.9450000000000013
90,success,1,-0.45499999999999996,0.0,0.0,0.025129204544052406,0.022068710273034045,14,37.67077478887514,33.37971801416661,0.3150000000000007,0.9450000000000013
90,success,1,-0.44499999999999995,0.0,0.0,0.07505915134738739,0.06304652334131167,14,37.67077478887514,33.37971801416661,0.3150000000000007,0.9450000000000013
90,success,1,-0.43499999999999994,0.0,0.0,0.19514714687673335,0.1550298906315093,14,37.67077478887514,33.37971801416661,0.3150000000000007,0.9450000000000013
90,success,1,-0.42499999999999993,0.0,0.0,0.4453933158460064,0.3293871052515388,14,37.67077478887514,33.37971801416661,0.3150000000000007,0.9450000000000013
90,success,1,-0.4149999999999999,0.0,0.0,0.9052465476694472,0.6126133176617395,14,37.67077478887514,33.37971801416661,0.3150000000000007,0.9450000000000013
90,success,1,-0.4049999999999999,0.0,0.0,1.6608190600193669,1.016635276472458,14,37.67077478887514,33.37971801416661,0.3150000000000007,0.9450000000000013
90,success,1,-0.3949999999999999,0.0,0.0,2.7850041860391372,1.546018097068202,14,37.67077478887514,33.37971801416661,0.3150000000000007,0.9450000000000013
90,success,1,-0.3849999999999999,0.0,0.0,4.31361474753896,2.2107314480059577,14,37.67077478887514,33.37971801416661,0.3150000000000007,0.9450000000000013
90,success,1,-0.3749999999999999,0.0,0.0,6.207955178132118,3.0070794432730095,14,37.67077478887514,33.37971801416661,0.3150000000000007,0.9450000000000013
90,success,1,-0.3649999999999999,0.0,0.0,8.329583130723309,3.874159716612478,14,37.67077478887514,33.37971801416661,0.3150000000000007,0.9450000000000013
90,success,1,-0.35499999999999987,0.004970954304603455,0.0003684716481440869,10.461370052490647,4.693660909491598,14,37.67077478887514,33.37971801416661,0.3150000000000007,0.9450000000000013
90,success,1,-0.34499999999999986,0.011199522108636237,0.0022733740839281473,12.396198961899463,5.354082641086903,14,37.67077478887514,33.37971801416661,0.3150000000000007,0.9450000000000013
90,success,1,-0.33499999999999985,0.047626166335815526,0.00823245034493364,14.038859883248566,5.8136937712672205,14,37.67077478887514,33.37971801416661,0.3150000000000007,0.9450000000000013
90,success,1,-0.32499999999999984,0.17331635975938767,0.025174587890541517,15.439895472676543,6.108405942148258,14,37.67077478887514,33.37971801416661,0.3150000000000007,0.9450000000000013
90,success,1,-0.31499999999999984,0.5402900667710984,0.0651562695541769,16.72320457260158,6.299487218629323,14,37.67077478887514,33.37971801416661,0.3150000000000007,0.9450000000000013
90,success,1,-0.3049999999999998,1.4496340956583391,0.13923033278398142,17.979763941612426,6.40661969674257,14,37.67077478887514,33.37971801416661,0.3150000000000007,0.9450000000000013
90,success,1,-0.2949999999999998,3.3646921868804562,0.24437991097202638,19.207539397914434,6.416554527725515,14,37.67077478887514,33.37971801416661,0.3150000000000007,0.9450000000000013
90,success,1,-0.2849999999999998,6.8592484192746355,0.3586544805067892,20.321116138239354,6.367736639713892,14,37.67077478887514,33.37971801416661,0.3150000000000007,0.9450000000000013
90,success,1,-0.2749999999999998,11.84570416927104,0.4495177205353077,21.192799616433238,6.355014917316111,14,37.67077478887514,33.37971801416661,0.3150000000000007,0.9450000000000013
90,success,1,-0.2649999999999998,14.854693924578923,0.48686345777637646,21.70738443458826,6.406869896266129,14,37.67077478887514,33.37971801416661,0.3150000000000007,0.9450000000000013
90,success,1,-0.2549999999999998,15.12403364927569,0.5017076321251255,21.817299799373682,6.437580068142176,14,37.67077478887514,33.37971801416661,0.3150000000000007,0.9450000000000013
90,success,1,-0.24499999999999977,15.946971492437044,0.9932114427155776,21.595761325930095,6.3597393859925475,14,37.67077478887514,33.37971801416661,0.3150000000000007,0.9450000000000013
90,success,1,-0.23499999999999976,15.51968646760349,0.7136051427969956,21.23531862846756,6.181498104225575,14,37.67077478887514,33.37971801416661,0.3150000000000007,0.9450000000000013
90,success,1,-0.22499999999999976,14.715414415602607,0.5071440300409866,20.969099252440436,5.9950587305726275,14,37.67077478887514,33.37971801416661,0.3150000000000007,0.9450000000000013
90,success,1,-0.21499999999999975,12.425207633402389,1.1564337925678554,20.94984178958146,5.900518927397272,14,37.67077478887514,33.37971801416661,0.3150000000000007,0.9450000000000013
90,success,1,-0.20499999999999974,13.313520856182702,0.7919911744556588,21.172926733252343,5.921076439651015,14,37.67077478887514,33.37971801416661,0.3150000000000007,0.9450000000000013
90,success,1,-0.19499999999999973,15.3194718985939,0.510453368190741,21.49580666649542,5.9914855862172915,14,37.67077478887514,33.37971801416661,0.3150000000000007,0.9450000000000013
90,success,1,-0.18499999999999972,21.120437111328158,0.48139091226096964,21.74047147253257,6.0352308831779276,14,37.67077478887514,33.37971801416661,0.3150000000000007,0.9450000000000013
90,success,1,-0.1749999999999997,33.118885672488105,2.5546657234360604,21.802234891370098,6.013383731604286,14,37.67077478887514,33.37971801416661,0.3150000000000007,0.9450000000000013
90,success,1,-0.1649999999999997,29.01944631680409,1.8306007362387433,21.69840445351556,5.895273938855952,14,37.67077478887514,33.37971801416661,0.3150000000000007,0.9450000000000013
90,success,1,-0.1549999999999997,24.641701085579296,1.1781082173632502,21.508333635668375,5.663500837457026,14,37.67077478887514,33.37971801416661,0.3150000000000007,0.9450000000000013
90,success,1,-0.14499999999999968,22.2196844723398,0.7947986066972564,21.264092652331847,5.369148353902477,14,37.67077478887514,33.37971801416661,0.3150000000000007,0.9450000000000013
90,success,1,-0.13499999999999968,21.57941290909995,0.6420133388918378,20.898094561974045,5.1031994813837676,14,37.67077478887514,33.37971801416661,0.3150000000000007,0.9450000000000013
90,success,1,-0.12499999999999967,19.760922658123736,0.9179531357258361,20.328209661960425,4.885173993646142,14,37.67077478887514,33.37971801416661,0.3150000000000007,0.9450000000000013
90,success,1,-0.11499999999999966,19.92125002749035,1.2358521769206088,19.649749311115862,4.639513539358647,14,37.67077478887514,33.37971801416661,0.3150000000000007,0.9450000000000013
90,success,1,-0.10499999999999965,20.05590876183509,1.5706819114821529,19.27164563285498,4.355971626716962,14,37.67077478887514,33.37971801416661,0.3150000000000007,0.9450000000000013
90,success,1,-0.09499999999999964,18.557238762872725,2.3000483223482164,19.804835622217883,4.291257573428644,14,37.67077478887514,33.37971801416661,0.3150000000000007,0.9450000000000013
90,success,1,-0.08499999999999963,19.270304173771198,2.221040768026182,21.66230092186804,4.8040251300753,14,37.67077478887514,33.37971801416661,0.3150000000000007,0.9450000000000013
90,success,1,-0.07499999999999962,19.422019677179822,2.045295983878055,24.60432913390545,5.739840443890295,14,37.67077478887514,33.37971801416661,0.3150000000000007,0.9450000000000013
90,success,1,-0.06499999999999961,19.14115056931315,1.828060516562079,27.622134613232873,6.500990528589362,14,37.67077478887514,33.37971801416661,0.3150000000000007,0.9450000000000013
90,success,1,-0.05499999999999961,19.903716160979098,1.528561546048224,29.389597449413515,6.641380879994525,14,37.67077478887514,33.37971801416661,0.3150000000000007,0.9450000000000013
90,success,1,-0.0449999999999996,19.784282962293826,1.1740776047137833,29.06404139619588,6.138860204677597,14,37.67077478887514,33.37971801416661,0.3150000000000007,0.9450000000000013
90,success,1,-0.034999999999999594,19.924806040945953,0.7280293648847713,26.84735376145479,5.337045027867134,14,37.67077478887514,33.37971801416661,0.3150000000000007,0.9450000000000013
90,success,1,-0.02499999999999958,20.729953935691874,0.5884858230807704,23.873407882855037,4.671177193644551,14,37.67077478887514,33.37971801416661,0.3150000000000007,0.9450000000000013
90,success,1,-0.014999999999999573,20.866832731067834,0.7050528959485721,21.49454526956743,4.351947216847596,14,37.67077478887514,33.37971801416661,0.3150000000000007,0.9450000000000013
90,success,1,-0.004999999999999565,20.731319887092706,0.5896171615787735,20.511650580404808,4.3095849860805355,14,37.67077478887514,33.37971801416661,0.3150000000000007,0.9450000000000013
90,success,1,0.005000000000000444,20.375867348602984,0.34305230015850185,20.882344770272464,4.421744617767103,14,37.67077478887514,33.37971801416661,0.3150000000000007,0.9450000000000013
90,success,1,0.015000000000000454,19.685551019083544,0.4262542115098887,22.006855904105187,4.645847574147999,14,37.67077478887514,33.37971801416661,0.3150000000000007,0.9450000000000013
90,success,1,0.025000000000000463,18.391610253542478,1.1667586625640671,23.244012245842548,4.95492386847273,14,37.67077478887514,33.37971801416661,0.3150000000000007,0.9450000000000013
90,success,1,0.03500000000000047,18.754603681111302,0.9616371864000667,24.272466564120943,5.246588575803185,14,37.67077478887514,33.37971801416661,0.3150000000000007,0.9450000000000013
90,success,1,0.04500000000000048,19.180023937966418,0.6677528313384237,25.123946911212844,5.396654841286978,14,37.67077478887514,33.37971801416661,0.3150000000000007,0.9450000000000013
90,success,1,0.055000000000000486,20.059087633420916,0.36613210712744904,25.98653516773548,5.400841575713694,14,37.67077478887514,33.37971801416661,0.3150000000000007,0.9450000000000013
90,success,1,0.0650000000000005,21.986831108296737,0.8710418900454489,26.949650608354297,5.414400751000957,14,37.67077478887514,33.37971801416661,0.3150000000000007,0.9450000000000013
90,success,1,0.07500000000000051,23.17236637877758,1.707038234335743,27.87101383980643,5.5986579004107915,14,37.67077478887514,33.37971801416661,0.3150000000000007,0.9450000000000013
90,success,1,0.08500000000000052,22.903638413850267,1.2128454389720338,28.45484229056819,5.91622583771593,14,37.67077478887514,33.37971801416661,0.3150000000000007,0.9450000000000013
90,success,1,0.09500000000000053,21.657624838488935,0.6199348430307894,28.479816081411283,6.152091117431163,14,37.67077478887514,33.37971801416661,0.3150000000000007,0.9450000000000013
90,success,1,0.10500000000000054,21.364804522631296,0.5221227566408146,27.989631192790075,6.142503365963794,14,37.67077478887514,33.37971801416661,0.3150000000000007,0.9450000000000013
90,success,1,0.11500000000000055,20.502351052137392,0.29455326678128263,27.289118860200833,5.9229499652125,14,37.67077478887514,33.37971801416661,0.3150000000000007,0.9450000000000013
90,success,1,0.12500000000000056,20.502351052137392,0.29455326678128263,26.74563503533957,5.665682710466464,14,37.67077478887514,33.37971801416661,0.3150000000000007,0.9450000000000013
90,success,1,0.13500000000000056,20.502351052137392,0.29455326678128263,26.549093341623564,5.499013291083703,14,37.67077478887514,33.37971801416661,0.3150000000000007,0.9450000000000013
90,success,1,0.14500000000000057,20.502351052137392,0.29455326678128263,26.622122068191505,5.437838967226536,14,37.67077478887514,33.37971801416661,0.3150000000000007,0.9450000000000013
90,success,1,0.15500000000000058,20.502351052137392,0.29455326678128263,26.73407544022248,5.444457318091785,14,37.67077478887514,33.37971801416661,0.3150000000000007,0.9450000000000013
90,success,1,0.1650000000000006,20.68781537818614,0.3660124771431308,26.71072092293765,5.450000863615909,14,37.67077478887514,33.37971801416661,0.3150000000000007,0.9450000000000013
90,success,1,0.1750000000000006,21.202459116738446,0.774286707472449,26.564253184579208,5.416253297335822,14,37.67077478887514,33.37971801416661,0.3150000000000007,0.9450000000000013
90,success,1,0.1850000000000006,20.88017979399287,0.5004139659612287,26.453627668018804,5.46900665970209,14,37.67077478887514,33.37971801416661,0.3150000000000007,0.9450000000000013
90,success,1,0.19500000000000062,20.380053048446282,0.300973676457892,26.53272425717359,5.796409468850154,14,37.67077478887514,33.37971801416661,0.3150000000000007,0.9450000000000013
90,success,1,0.20500000000000063,20.108182038512986,0.3340293023836491,26.81108209998962,6.345024464546698,14,37.67077478887514,33.37971801416661,0.3150000000000007,0.9450000000000013
90,success,1,0.21500000000000064,20.108182038512986,0.3340293023836491,27.11695245817611,6.853506224473647,14,37.67077478887514,33.37971801416661,0.3150000000000007,0.9450000000000013
90,success,1,0.22500000000000064,20.108182038512986,0.3340293023836491,27.201471216811296,7.123408400188756,14,37.67077478887514,33.37971801416661,0.3150000000000007,0.9450000000000013
90,success,1,0.23500000000000065,20.069229885339904,0.33682774790761155,26.93638619233106,7.1000693633259875,14,37.67077478887514,33.37971801416661,0.3150000000000007,0.9450000000000013
90,success,1,0.24500000000000066,18.857833620458198,0.8046339951547155,26.458475576737676,6.822218345959823,14,37.67077478887514,33.37971801416661,0.3150000000000007,0.9450000000000013
90,success,1,0.25500000000000067,17.35882153400083,1.3553646284070635,26.14240945479491,6.414100292391764,14,37.67077478887514,33.37971801416661,0.3150000000000007,0.9450000000000013
90,success,1,0.2650000000000007,18.71122816838503,0.8554846435735823,26.365616187388156,6.051762405886898,14,37.67077478887514,33.37971801416661,0.3150000000000007,0.9450000000000013
90,success,1,0.2750000000000007,21.476228555006223,0.4772152739938447,27.223963503982162,5.806502224243055,14,37.67077478887514,33.37971801416661,0.3150000000000007,0.9450000000000013
90,success,1,0.2850000000000007,25.642058301087108,0.5157313637652233,28.434777313156093,5.582642235654649,14,37.67077478887514,33.37971801416661,0.3150000000000007,0.9450000000000013
90,success,1,0.2950000000000007,26.776838368085084,0.5408217605210965,29.52930227640714,5.297638380719852,14,37.67077478887514,33.37971801416661,0.3150000000000007,0.9450000000000013
90,success,1,0.3050000000000007,32.04018794726415,0.9431191376188164,30.1679356997526,5.021498258348928,14,37.67077478887514,33.37971801416661,0.3150000000000007,0.9450000000000013
90,success,1,0.3150000000000007,37.67077478887514,1.793678888538356,30.310764992756923,4.891748373455351,14,37.67077478887514,33.37971801416661,0.3150000000000007,0.9450000000000013
90,success,1,0.32500000000000073,31.86167530332011,0.7965987205306451,30.151367843186215,4.969532154145194,14,37.67077478887514,33.37971801416661,0.3150000000000007,0.9450000000000013
90,success,1,0.33500000000000074,26.241415164313302,0.5769627847228618,29.933867952166867,5.216180551195337,14,37.67077478887514,33.37971801416661,0.3150000000000007,0.9450000000000013
90,success,1,0.34500000000000075,26.435107479663436,0.5178897383392529,29.798709704470642,5.546499360736344,14,37.67077478887514,33.37971801416661,0.3150000000000007,0.9450000000000013
90,success,1,0.35500000000000076,26.060074948590387,0.4609266287248417,29.731271620423964,5.874157892464872,14,37.67077478887514,33.37971801416661,0.3150000000000007,0.9450000000000013
90,success,1,0.36500000000000077,22.47405362798721,0.47240409148582996,29.590990546245813,6.15094068088867,14,37.67077478887514,33.37971801416661,0.3150000000000007,0.9450000000000013
90,success,1,0.3750000000000008,22.88858547131074,0.5617816673224371,29.168842972378233,6.3603288153400355,14,37.67077478887514,33.37971801416661,0.3150000000000007,0.9450000000000013
90,success,1,0.3850000000000008,19.827575954236377,0.432408039954419,28.225272242838248,6.442487115118012,14,37.67077478887514,33.37971801416661,0.3150000000000007,0.9450000000000013
90,success,1,0.3950000000000008,18.16415807336509,0.45153202250571417,26.542797702237955,6.258716129111613,14,37.67077478887514,33.37971801416661,0.3150000000000007,0.9450000000000013
90,success,1,0.4050000000000008,18.722613684055514,0.5602274303738366,24.045163005327232,5.701644444986524,14,37.67077478887514,33.37971801416661,0.3150000000000007,0.9450000000000013
90,success,1,0.4150000000000008,17.79966920119832,0.541167435035935,20.946691130507844,4.838757235068898,14,37.67077478887514,33.37971801416661,0.3150000000000007,0.9450000000000013
90,success,1,0.4250000000000008,12.643387366006989,0.33661064187037615,17.79615188798842,3.9122185927235127,14,37.67077478887514,33.37971801416661,0.3150000000000007,0.9450000000000013
90,success,1,0.43500000000000083,8.63876555483706,0.6660482731091132,15.314988349345565,3.1933104214956622,14,37.67077478887514,33.37971801416661,0.3150000000000007,0.9450000000000013
90,success,1,0.44500000000000084,12.367600747390815,0.3897783952399614,14.086799141253014,2.8371912668276518,14,37.67077478887514,33.37971801416661,0.3150000000000007,0.9450000000000013
90,success,1,0.45500000000000085,13.935325061993018,0.3297733825629496,14.291456461945772,2.871342766192683,14,37.67077478887514,33.37971801416661,0.3150000000000007,0.9450000000000013
90,success,1,0.46500000000000086,14.541609319857796,0.3541769336522978,15.63034262215302,3.2695036950104504,14,37.67077478887514,33.37971801416661,0.3150000000000007,0.9450000000000013
90,success,1,0.47500000000000087,14.641121424923034,0.37162240470655217,17.490144879836425,3.947980678434664,14,37.67077478887514,33.37971801416661,0.3150000000000007,0.9450000000000013
90,success,1,0.4850000000000009,16.04383285564229,0.5091907112902322,19.271508096302597,4.721974202364921,14,37.67077478887514,33.37971801416661,0.3150000000000007,0.9450000000000013
90,success,1,0.4950000000000009,16.044725431541945,0.5092965859426094,20.719510693633232,5.36872624233515,14,37.67077478887514,33.37971801416661,0.3150000000000007,0.9450000000000013
90,success,1,0.5050000000000009,16.044725431541945,0.5092965859426094,22.02269506612382,5.780281971025735,14,37.67077478887514,33.37971801416661,0.3150000000000007,0.9450000000000013
90,success,1,0.5150000000000009,15.42891365138834,0.9403257076888786,23.556904353513776,6.066525197800733,14,37.67077478887514,33.37971801416661,0.3150000000000007,0.9450000000000013
90,success,1,0.5250000000000009,17.3323760384924,1.0224489732680229,25.429342389135098,6.433425202870161,14,37.67077478887514,33.37971801416661,0.3150000000000007,0.9450000000000013
90,success,1,0.5350000000000009,19.50292441488541,1.0910176469250727,27.202200635259686,6.873131951040607,14,37.67077478887514,33.37971801416661,0.3150000000000007,0.9450000000000013
90,success,1,0.5450000000000009,21.950428378069567,1.5032443129983235,28.099547600669492,7.101775728404094,14,37.67077478887514,33.37971801416661,0.3150000000000007,0.9450000000000013
90,success,1,0.5550000000000009,23.87030566486194,2.330381633348623,27.578483988513266,6.86422119101511,14,37.67077478887514,33.37971801416661,0.3150000000000007,0.9450000000000013
90,success,1,0.565000000000001,22.09149221795405,1.486219296845614,25.77569932788179,6.17424393319731,14,37.67077478887514,33.37971801416661,0.3150000000000007,0.9450000000000013
90,success,1,0.575000000000001,19.0554148697312,0.8612152430408496,23.44567944715624,5.264877811171071,14,37.67077478887514,33.37971801416661,0.3150000000000007,0.9450000000000013
90,success,1,0.585000000000001,18.065747870337198,0.5224480602968317,21.473617333057405,4.3995271110540575,14,37.67077478887514,33.37971801416661,0.3150000000000007,0.9450000000000013
90,success,1,0.595000000000001,17.48363603838415,0.6346010867697345,20.40928944773928,3.778429469876204,14,37.67077478887514,33.37971801416661,0.3150000000000007,0.9450000000000013
90,success,1,0.605000000000001,17.141966184850524,0.8352805171728014,20.34484463730103,3.540575057172445,14,37.67077478887514,33.37971801416661,0.3150000000000007,0.9450000000000013
90,success,1,0.615000000000001,17.44978579005557,0.6266117820892878,21.10244421800354,3.7243736939929626,14,37.67077478887514,33.37971801416661,0.3150000000000007,0.9450000000000013
90,success,1,0.625000000000001,17.762830670942314,0.5127265638909735,22.454520406625537,4.279403943541528,14,37.67077478887514,33.37971801416661,0.3150000000000007,0.9450000000000013
90,success,1,0.635000000000001,17.709918281805514,0.5215736605924653,24.19932497830533,5.141768040450029,14,37.67077478887514,33.37971801416661,0.3150000000000007,0.9450000000000013
90,success,1,0.645000000000001,17.793624573565737,0.5098594163419016,26.126469727383913,6.188985918066042,14,37.67077478887514,33.37971801416661,0.3150000000000007,0.9450000000000013
90,success,1,0.655000000000001,17.99539488040644,0.5096415788523689,28.003753053619167,7.175218568469166,14,37.67077478887514,33.37971801416661,0.3150000000000007,0.9450000000000013
90,success,1,0.665000000000001,18.049383103954067,0.5154755905779461,29.618981204453366,7.8165431374715855,14,37.67077478887514,33.37971801416661,0.3150000000000007,0.9450000000000013
90,success,1,0.675000000000001,19.368112839869315,0.7586321317699154,30.792481211253268,7.96781129615448,14,37.67077478887514,33.37971801416661,0.3150000000000007,0.9450000000000013
90,success,1,0.685000000000001,23.27148230562584,1.958858528834316,31.311578214430305,7.709450263020399,14,37.67077478887514,33.37971801416661,0.3150000000000007,0.9450000000000013
90,success,1,0.6950000000000011,20.162365242705594,1.1085660321377173,30.888383942204207,7.247977402923441,14,37.67077478887514,33.37971801416661,0.3150000000000007,0.9450000000000013
90,success,1,0.7050000000000011,17.93357932905899,0.47046389878304007,29.287444586468016,6.732659483293348,14,37.67077478887514,33.37971801416661,0.3150000000000007,0.9450000000000013
90,success,1,0.7150000000000011,17.362493958762094,0.4710129176575339,26.575697264521267,6.216030657012969,14,37.67077478887514,33.37971801416661,0.3150000000000007,0.9450000000000013
90,success,1,0.7250000000000011,17.07235580840096,0.47777753942824247,23.251038376752547,5.7536060251365235,14,37.67077478887514,33.37971801416661,0.3150000000000007,0.9450000000000013
90,success,1,0.7350000000000011,14.50033602408435,0.4480378262528551,20.071006014497158,5.402106241160795,14,37.67077478887514,33.37971801416661,0.3150000000000007,0.9450000000000013
90,success,1,0.7450000000000011,11.439695734337937,0.8441315100008691,17.69726003365005,5.106790988757213,14,37.67077478887514,33.37971801416661,0.3150000000000007,0.9450000000000013
90,success,1,0.7550000000000011,12.245131496213716,0.5760566714804691,16.43427870563163,4.7430453988930035,14,37.67077478887514,33.37971801416661,0.3150000000000007,0.9450000000000013
90,success,1,0.7650000000000011,12.85800726175838,0.361806297324737,16.19433530718539,4.308987647441051,14,37.67077478887514,33.37971801416661,0.3150000000000007,0.9450000000000013
90,success,1,0.7750000000000011,14.235045567193216,0.5069273892368209,16.62511754843244,4.003030142365564,14,37.67077478887514,33.37971801416661,0.3150000000000007,0.9450000000000013
90,success,1,0.7850000000000011,13.827143017963198,0.4202026033698501,17.244474892878678,4.027715304072223,14,37.67077478887514,33.37971801416661,0.3150000000000007,0.9450000000000013
90,success,1,0.7950000000000012,13.723319613595551,0.3875542761461451,17.564734097646774,4.288928159442311,14,37.67077478887514,33.37971801416661,0.3150000000000007,0.9450000000000013
90,success,1,0.8050000000000012,13.723319613595551,0.3875542761461451,17.247859323452147,4.483288327961829,14,37.67077478887514,33.37971801416661,0.3150000000000007,0.9450000000000013
90,success,1,0.8150000000000012,13.723319613595551,0.3875542761461451,16.278653607102278,4.422242559105204,14,37.67077478887514,33.37971801416661,0.3150000000000007,0.9450000000000013
90,success,1,0.8250000000000012,12.00504773359007,0.3782440681689651,15.027194345599483,4.168767061478489,14,37.67077478887514,33.37971801416661,0.3150000000000007,0.9450000000000013
90,success,1,0.8350000000000012,10.263104094546657,0.665350467171592,14.105280532000505,3.9797220910936804,14,37.67077478887514,33.37971801416661,0.3150000000000007,0.9450000000000013
90,success,1,0.8450000000000012,9.53017631751004,0.697324695730302,14.082639152137888,4.135641358196476,14,37.67077478887514,33.37971801416661,0.3150000000000007,0.9450000000000013
90,success,1,0.8550000000000012,6.8418805747808715,1.2958998564106827,15.244317603639471,4.7718285105775475,14,37.67077478887514,33.37971801416661,0.3150000000000007,0.9450000000000013
90,success,1,0.8650000000000012,8.297235949563705,1.1445949513806037,17.506845377449306,5.839327104608805,14,37.67077478887514,33.37971801416661,0.3150000000000007,0.9450000000000013
90,success,1,0.8750000000000012,10.193503090516334,1.1926895814596479,20.482896406484105,7.1485617283925285,14,37.67077478887514,33.37971801416661,0.3150000000000007,0.9450000000000013
90,success,1,0.8850000000000012,11.192390630208678,1.2657799265013976,23.63987658451149,8.431833099573993,14,37.67077478887514,33.37971801416661,0.3150000000000007,0.9450000000000013
90,success,1,0.8950000000000012,12.385534887815952,1.417953691008581,26.485453696708955,9.43680096653962,14,37.67077478887514,33.37971801416661,0.3150000000000007,0.9450000000000013
90,success,1,0.9050000000000012,12.658129262737559,1.4710391263197353,28.74605450644521,10.034493906305126,14,37.67077478887514,33.37971801416661,0.3150000000000007,0.9450000000000013
90,success,1,0.9150000000000013,12.437044231120037,1.4256400642638252,30.433884876319503,10.29149695536275,14,37.67077478887514,33.37971801416661,0.3150000000000007,0.9450000000000013
90,success,1,0.9250000000000013,11.741855925090821,1.4229444523356793,31.733305042923455,10.389265776577744,14,37.67077478887514,33.37971801416661,0.3150000000000007,0.9450000000000013
90,success,1,0.9350000000000013,12.327556793001834,1.4188460721201717,32.759693875020936,10.411862488115103,14,37.67077478887514,33.37971801416661,0.3150000000000007,0.9450000000000013
90,success,1,0.9450000000000013,12.423280346187838,1.425670156529051,33.37971801416661,10.264052510178349,14,37.67077478887514,33.37971801416661,0.3150000000000007,0.9450000000000013
90,success,1,0.9550000000000013,15.375525157477897,2.1250776450109985,33.27326447214738,9.813900017589667,14,37.67077478887514,33.37971801416661,0.3150000000000007,0.9450000000000013
90,success,1,0.9650000000000013,36.079721487770975,8.510863488585708,32.21442928347871,9.086363323719834,14,37.67077478887514,33.37971801416661,0.3150000000000007,0.9450000000000013
90,success,1,0.9750000000000013,33.87730537824869,7.700767094283847,30.372473507908023,8.362387361692663,14,37.67077478887514,33.37971801416661,0.3150000000000007,0.9450000000000013
90,success,1,0.9850000000000013,31.349973687000585,7.385596813026726,28.38250783602559,7.98888900175415,14,37.67077478887514,33.37971801416661,0.3150000000000007,0.9450000000000013
90,success,1,0.9950000000000013,27.089770447792347,7.946891236024798,27.089770447792347,7.946891236024798,14,37.67077478887514,33.37971801416661,0.3150000000000007,0.9450000000000013
90,success,2,-0.495,0.01069088748315347,0.010301996953804697,0.01069088748315347,0.010301996953804697,14,23.25609030543112,20.245949719972053,0.36500000000000077,0.2750000000000007
90,success,2,-0.485,0.030575094523650117,0.0294628982992555,0.030575094523650117,0.0294628982992555,14,23.25609030543112,20.245949719972053,0.36500000000000077,0.2750000000000007
90,success,2,-0.475,0.09048103870876334,0.08718971054775472,0.09086341980911745,0.0871621408133424,14,23.25609030543112,20.245949719972053,0.36500000000000077,0.2750000000000007
90,success,2,-0.46499999999999997,0.2336214439962066,0.2251232564354382,0.23575215759774595,0.224971659780578,14,23.25609030543112,20.245949719972053,0.36500000000000077,0.2750000000000007
90,success,2,-0.45499999999999996,0.5232317590680717,0.5041987390239723,0.5317919329496859,0.5036077258646267,14,23.25609030543112,20.245949719972053,0.36500000000000077,0.2750000000000007
90,success,2,-0.44499999999999995,1.0223424250468656,0.9851538111475348,1.0517703762694532,0.9832223265080732,14,23.25609030543112,20.245949719972053,0.36500000000000077,0.2750000000000007
90,success,2,-0.43499999999999994,1.7550530625556588,1.6912114483203613,1.8420374362620517,1.685962619262678,14,23.25609030543112,20.245949719972053,0.36500000000000077,0.2750000000000007
90,success,2,-0.42499999999999993,2.668046780632502,2.570994208852801,2.8880445418678513,2.559457038634248,14,23.25609030543112,20.245949719972053,0.36500000000000077,0.2750000000000007
90,success,2,-0.4149999999999999,3.6186721829040773,3.4870397676376377,4.097818865588893,3.4672905065137303,14,23.25609030543112,20.245949719972053,0.36500000000000077,0.2750000000000007
90,success,2,-0.4049999999999999,4.402337013641742,4.242198093995958,5.302717432865111,4.218889947545131,14,23.25609030543112,20.245949719972053,0.36500000000000077,0.2750000000000007
90,success,2,-0.3949999999999999,4.812095101581102,4.637050867481792,6.282935642440205,4.629279747971029,14,23.25609030543112,20.245949719972053,0.36500000000000077,0.2750000000000007
90,success,2,-0.3849999999999999,4.7144893186288295,4.542995581591584,6.831908139983769,4.59235080356312,14,23.25609030543112,20.245949719972053,0.36500000000000077,0.2750000000000007
90,success,2,-0.3749999999999999,4.116067025649001,3.966341431121698,6.8698448848223626,4.149371659344659,14,23.25609030543112,20.245949719972053,0.36500000000000077,0.2750000000000007
90,success,2,-0.3649999999999999,3.178832318806766,3.063199469324461,6.543389892517745,3.5233854657253145,14,23.25609030543112,20.245949719972053,0.36500000000000077,0.2750000000000007
90,success,2,-0.35499999999999987,2.155619914229281,2.077207324924571,6.205199838000938,3.072618086995581,14,23.25609030543112,20.245949719972053,0.36500000000000077,0.2750000000000007
90,success,2,-0.34499999999999986,1.2752806943160269,1.2288912261767042,6.228880679074423,3.0779644427037334,14,23.25609030543112,20.245949719972053,0.36500000000000077,0.2750000000000007
90,success,2,-0.33499999999999985,0.6548791951961965,0.6310573827151783,6.779556584546349,3.497611535064022,14,23.25609030543112,20.245949719972053,0.36500000000000077,0.2750000000000007
90,success,2,-0.32499999999999984,0.29079548537965755,0.28021754127354576,7.7209188209184765,4.107551560221881,14,23.25609030543112,20.245949719972053,0.36500000000000077,0.2750000000000007
90,success,2,-0.31499999999999984,0.11134881604973702,0.10729840395025729,8.75392131760734,4.717384319719312,14,23.25609030543112,20.245949719972053,0.36500000000000077,0.2750000000000007
90,success,2,-0.3049999999999998,0.036622173703370745,0.03529000960194803,9.673083075284024,5.210591566479727,14,23.25609030543112,20.245949719972053,0.36500000000000077,0.2750000000000007
90,success,2,-0.2949999999999998,0.01069088748315347,0.010301996953804697,10.511610210915832,5.5592318148751545,14,23.25609030543112,20.245949719972053,0.36500000000000077,0.2750000000000007
90,success,2,-0.2849999999999998,0.004261427203078727,0.004106414002968075,11.438538188014022,5.801010443649817,14,23.25609030543112,20.245949719972053,0.36500000000000077,0.2750000000000007
90,success,2,-0.2749999999999998,0.004261427203078727,0.004106414002968075,12.515396904604343,5.964507862286958,14,23.25609030543112,20.245949719972053,0.36500000000000077,0.2750000000000007
90,success,2,-0.2649999999999998,0.004261427203078727,0.004106414002968075,13.554854614003174,6.008290498091792,14,23.25609030543112,20.245949719972053,0.36500000000000077,0.2750000000000007
90,success,2,-0.2549999999999998,0.004261427203078727,0.004106414002968075,14.221376868782048,5.863034865093068,14,23.25609030543112,20.245949719972053,0.36500000000000077,0.2750000000000007
90,success,2,-0.24499999999999977,0.004261427203078727,0.004106414002968075,14.275734426237003,5.524721928634899,14,23.25609030543112,20.245949719972053,0.36500000000000077,0.2750000000000007
90,success,2,-0.23499999999999976,0.004261427203078727,0.004106414002968075,13.737436126368982,5.065546056346051,14,23.25609030543112,20.245949719972053,0.36500000000000077,0.2750000000000007
90,success,2,-0.22499999999999976,0.004261427203078727,0.004106414002968075,12.831246611267401,4.588529083463098,14,23.25609030543112,20.245949719972053,0.36500000000000077,0.2750000000000007
90,success,2,-0.21499999999999975,0.009232381507682182,0.003737942354823987,11.77748498759121,4.223486345940676,14,23.25609030543112,20.245949719972053,0.36500000000000077,0.2750000000000007
90,success,2,-0.20499999999999974,0.021525944115162437,0.0036272622079586373,10.615366252738363,4.024950651755038,14,23.25609030543112,20.245949719972053,0.36500000000000077,0.2750000000000007
90,success,2,-0.19499999999999973,0.07409085403309588,0.007881541567935314,9.232661577343393,3.8156563953322946,14,23.25609030543112,20.245949719972053,0.36500000000000077,0.2750000000000007
90,success,2,-0.18499999999999972,0.22955801922529376,0.027029198165608864,7.581645125084818,3.3562882002237586,14,23.25609030543112,20.245949719972053,0.36500000000000077,0.2750000000000007
90,success,2,-0.1749999999999997,0.6769618002872467,0.06854801557271276,5.887475231713125,2.619581978509968,14,23.25609030543112,20.245949719972053,0.36500000000000077,0.2750000000000007
90,success,2,-0.1649999999999997,1.7178130397965077,0.1421014334040275,4.655602491431314,1.8029497148386813,14,23.25609030543112,20.245949719972053,0.36500000000000077,0.2750000000000007
90,success,2,-0.1549999999999997,2.142308386185881,0.1063477873835801,4.475771651204698,1.2534858397930313,14,23.25609030543112,20.245949719972053,0.36500000000000077,0.2750000000000007
90,success,2,-0.14499999999999968,3.662842833062708,0.320198046049038,5.740283236599039,1.4270510095355866,14,23.25609030543112,20.245949719972053,0.36500000000000077,0.2750000000000007
90,success,2,-0.13499999999999968,5.945158659325126,0.7065103865101033,8.401159329270337,2.22128310912473,14,23.25609030543112,20.245949719972053,0.36500000000000077,0.2750000000000007
90,success,2,-0.12499999999999967,8.652896367586768,1.1588335284716451,11.864410147417297,3.264805321793482,14,23.25609030543112,20.245949719972053,0.36500000000000077,0.2750000000000007
90,success,2,-0.11499999999999966,18.257054285495197,3.7843052174862866,15.135769028462658,4.328314877391727,14,23.25609030543112,20.245949719972053,0.36500000000000077,0.2750000000000007
90,success,2,-0.10499999999999965,14.922372148035356,2.678341255102662,17.23882109866236,5.218441756270915,14,23.25609030543112,20.245949719972053,0.36500000000000077,0.2750000000000007
90,success,2,-0.09499999999999964,11.645100353339462,1.745730785555469,17.70044184374262,5.77062889509098,14,23.25609030543112,20.245949719972053,0.36500000000000077,0.2750000000000007
90,success,2,-0.08499999999999963,8.077937221401177,1.0847591825124359,16.77480465126521,5.872078658271428,14,23.25609030543112,20.245949719972053,0.36500000000000077,0.2750000000000007
90,success,2,-0.07499999999999962,5.290910663059683,0.6528919216555261,15.248773839312971,5.522336430656366,14,23.25609030543112,20.245949719972053,0.36500000000000077,0.2750000000000007
90,success,2,-0.06499999999999961,5.290910663059683,0.6528919216555261,13.9741258972691,4.917337149078323,14,23.25609030543112,20.245949719972053,0.36500000000000077,0.2750000000000007
90,success,2,-0.05499999999999961,5.290910663059683,0.6528919216555261,13.420162457431823,4.438774230825909,14,23.25609030543112,20.245949719972053,0.36500000000000077,0.2750000000000007
90,success,2,-0.0449999999999996,3.8593932508157285,0.3336030874836672,13.467029451632843,4.364185332452353,14,23.25609030543112,20.245949719972053,0.36500000000000077,0.2750000000000007
90,success,2,-0.034999999999999594,2.092750750885341,0.07037175711159001,13.540931777319782,4.517589988913987,14,23.25609030543112,20.245949719972053,0.36500000000000077,0.2750000000000007
90,success,2,-0.02499999999999958,1.1890811958013103,0.1458263778307216,13.01897821991049,4.503355934044572,14,23.25609030543112,20.245949719972053,0.36500000000000077,0.2750000000000007
90,success,2,-0.014999999999999573,0.8293128497452061,0.20860664328585973,11.652288084212406,4.117956820985899,14,23.25609030543112,20.245949719972053,0.36500000000000077,0.2750000000000007
90,success,2,-0.004999999999999565,0.7799827758583948,0.21923888659339003,9.703568762292063,3.4345895890439797,14,23.25609030543112,20.245949719972053,0.36500000000000077,0.2750000000000007
90,success,2,0.005000000000000444,1.0434058089339262,0.18648257628048434,7.720223629926111,2.688950196217049,14,23.25609030543112,20.245949719972053,0.36500000000000077,0.2750000000000007
90,success,2,0.015000000000000454,1.1107068680758645,0.18270636707994345,6.174054438692582,2.0990531776865597,14,23.25609030543112,20.245949719972053,0.36500000000000077,0.2750000000000007
90,success,2,0.025000000000000463,1.1107068680758645,0.18270636707994345,5.269217357080981,1.7322047848394744,14,23.25609030543112,20.245949719972053,0.36500000000000077,0.2750000000000007
90,success,2,0.03500000000000047,1.1107068680758645,0.18270636707994345,4.998868772104588,1.5804510364109041,14,23.25609030543112,20.245949719972053,0.36500000000000077,0.2750000000000007
90,success,2,0.04500000000000048,1.1110892491762185,0.18254062290975123,5.289094535023332,1.7473574976835955,14,23.25609030543112,20.245949719972053,0.36500000000000077,0.2750000000000007
90,success,2,0.055000000000000486,1.1124552005770496,0.18195340825001885,6.052120564492861,2.3312772177232053,14,23.25609030543112,20.245949719972053,0.36500000000000077,0.2750000000000007
90,success,2,0.0650000000000005,1.1475105304035473,0.16782328039638997,7.152637312771636,3.1963981644122863,14,23.25609030543112,20.245949719972053,0.36500000000000077,0.2750000000000007
90,success,2,0.07500000000000051,1.2263045587048038,0.14454175208438003,8.398530075923793,4.069810856829219,14,23.25609030543112,20.245949719972053,0.36500000000000077,0.2750000000000007
90,success,2,0.08500000000000052,1.2263045587048038,0.14454175208438003,9.638191935113804,4.695955713395071,14,23.25609030543112,20.245949719972053,0.36500000000000077,0.2750000000000007
90,success,2,0.09500000000000053,1.2263045587048038,0.14454175208438003,10.882123907427452,4.987004441709764,14,23.25609030543112,20.245949719972053,0.36500000000000077,0.2750000000000007
90,success,2,0.10500000000000054,1.2263045587048038,0.14454175208438003,12.268910780481237,5.128734097609012,14,23.25609030543112,20.245949719972053,0.36500000000000077,0.2750000000000007
90,success,2,0.11500000000000055,2.1736754927881363,0.08880347890965366,13.826707760119373,5.444218027260262,14,23.25609030543112,20.245949719972053,0.36500000000000077,0.2750000000000007
90,success,2,0.12500000000000056,4.454419316163908,0.1528246000930289,15.237249866311757,5.9783727369806705,14,23.25609030543112,20.245949719972053,0.36500000000000077,0.2750000000000007
90,success,2,0.13500000000000056,7.339690314524476,0.3447023655979617,15.900838679261893,6.372270805977463,14,23.25609030543112,20.245949719972053,0.36500000000000077,0.2750000000000007
90,success,2,0.14500000000000057,7.339690314524476,0.3447023655979617,15.330429148972474,6.232378175194044,14,23.25609030543112,20.245949719972053,0.36500000000000077,0.2750000000000007
90,success,2,0.15500000000000058,7.339690314524476,0.3447023655979617,13.558071014274237,5.444741418211988,14,23.25609030543112,20.245949719972053,0.36500000000000077,0.2750000000000007
90,success,2,0.1650000000000006,7.339690314524476,0.3447023655979617,11.186793015042769,4.212692055896157,14,23.25609030543112,20.245949719972053,0.36500000000000077,0.2750000000000007
90,success,2,0.1750000000000006,7.339690314524476,0.3447023655979617,9.061813231814018,2.9213835087336126,14,23.25609030543112,20.245949719972053,0.36500000000000077,0.2750000000000007
90,success,2,0.1850000000000006,7.339690314524476,0.3447023655979617,7.852386063005219,2.0049689404466107,14,23.25609030543112,20.245949719972053,0.36500000000000077,0.2750000000000007
90,success,2,0.19500000000000062,7.339690314524476,0.3447023655979617,7.830464824529881,1.8084492466558086,14,23.25609030543112,20.245949719972053,0.36500000000000077,0.2750000000000007
90,success,2,0.20500000000000063,7.90778609577174,0.2211506840483184,8.911378655683155,2.1570387889830673,14,23.25609030543112,20.245949719972053,0.36500000000000077,0.2750000000000007
90,success,2,0.21500000000000064,10.826519172558386,0.43928164927745683,10.81501744201818,2.6867432682712287,14,23.25609030543112,20.245949719972053,0.36500000000000077,0.2750000000000007
90,success,2,0.22500000000000064,12.424163277589821,0.43227373539163605,13.19213638453121,3.3236562304382016,14,23.25609030543112,20.245949719972053,0.36500000000000077,0.2750000000000007
90,success,2,0.23500000000000065,13.010348964555494,0.4123202408017126,15.657294101987132,4.039160099387112,14,23.25609030543112,20.245949719972053,0.36500000000000077,0.2750000000000007
90,success,2,0.24500000000000066,13.989184886807678,0.40371548742398605,17.804029688134424,4.6325570255936634,14,23.25609030543112,20.245949719972053,0.36500000000000077,0.2750000000000007
90,success,2,0.25500000000000067,15.918200539947037,0.8217160278588448,19.303153968616094,4.851231956389609,14,23.25609030543112,20.245949719972053,0.36500000000000077,0.2750000000000007
90,success,2,0.2650000000000007,22.16613665251534,2.084964753097137,20.059762983814146,4.714145682219849,14,23.25609030543112,20.245949719972053,0.36500000000000077,0.2750000000000007
90,success,2,0.2750000000000007,17.709910057151387,1.1168585509749405,20.245949719972053,4.713371727031995,14,23.25609030543112,20.245949719972053,0.36500000000000077,0.2750000000000007
90,success,2,0.2850000000000007,14.150178098207528,0.5698112417214104,20.10615772153668,5.319194497032672,14,23.25609030543112,20.245949719972053,0.36500000000000077,0.2750000000000007
90,success,2,0.2950000000000007,11.8566998753181,0.5361522861071953,19.70049373617953,6.1743920877119205,14,23.25609030543112,20.245949719972053,0.36500000000000077,0.2750000000000007
90,success,2,0.3050000000000007,10.81745510537826,0.716358941953685,18.894248604901442,6.579662743701093,14,23.25609030543112,20.245949719972053,0.36500000000000077,0.2750000000000007
90,success,2,0.3150000000000007,8.869387371740379,1.1887784653580136,17.639735300215744,6.202233004676066,14,23.25609030543112,20.245949719972053,0.36500000000000077,0.2750000000000007
90,success,2,0.32500000000000073,10.430139692244115,0.7903583604943861,16.229524354880674,5.172682511223416,14,23.25609030543112,20.245949719972053,0.36500000000000077,0.2750000000000007
90,success,2,0.33500000000000074,12.648275306171454,0.42215038100419855,15.190434256251848,3.940812717348582,14,23.25609030543112,20.245949719972053,0.36500000000000077,0.2750000000000007
90,success,2,0.34500000000000075,15.36152615344454,0.6297180111215579,14.884355507746365,3.089066940865674,14,23.25609030543112,20.245949719972053,0.36500000000000077,0.2750000000000007
90,success,2,0.35500000000000076,18.072050318444383,1.1242530557405577,15.20589923937528,2.9289248451307,14,23.25609030543112,20.245949719972053,0.36500000000000077,0.2750000000000007
90,success,2,0.36500000000000077,23.25609030543112,2.140184513821852,15.658929362124736,3.118615483422109,14,23.25609030543112,20.245949719972053,0.36500000000000077,0.2750000000000007
90,success,2,0.3750000000000008,18.481224543704368,0.9586078392135,15.731797951857727,3.273261806046272,14,23.25609030543112,20.245949719972053,0.36500000000000077,0.2750000000000007
90,success,2,0.3850000000000008,13.796610649879401,0.3185285495560451,15.216060012317788,3.3525393459013797,14,23.25609030543112,20.245949719972053,0.36500000000000077,0.2750000000000007
90,success,2,0.3950000000000008,12.879473502111251,0.3303699120578898,14.262889531257999,3.4501041677722992,14,23.25609030543112,20.245949719972053,0.36500000000000077,0.2750000000000007
90,success,2,0.4050000000000008,12.248300509636662,0.36424500231096324,13.23467185510157,3.6073293801072928,14,23.25609030543112,20.245949719972053,0.36500000000000077,0.2750000000000007
90,success,2,0.4150000000000008,10.612039060280015,0.46485839633946957,12.519222303763115,3.825128901036524,14,23.25609030543112,20.245949719972053,0.36500000000000077,0.2750000000000007
90,success,2,0.4250000000000008,10.612039060280015,0.46485839633946957,12.373449327045032,4.111093794638825,14,23.25609030543112,20.245949719972053,0.36500000000000077,0.2750000000000007
90,success,2,0.43500000000000083,7.767904005809007,0.2126657538130649,12.80816652331391,4.461057182300151,14,23.25609030543112,20.245949719972053,0.36500000000000077,0.2750000000000007
90,success,2,0.44500000000000084,7.563873626824529,0.2565167149581964,13.57439046723999,4.85037344979017,14,23.25609030543112,20.245949719972053,0.36500000000000077,0.2750000000000007
90,success,2,0.45500000000000085,7.579082528297431,0.24819456552589034,14.284758437320535,5.2443338715663685,14,23.25609030543112,20.245949719972053,0.36500000000000077,0.2750000000000007
90,success,2,0.46500000000000086,7.754751223645601,0.21028976145527323,14.607942010478824,5.576661308187794,14,23.25609030543112,20.245949719972053,0.36500000000000077,0.2750000000000007
90,success,2,0.47500000000000087,7.996454232485228,0.33761603617973673,14.395364516531247,5.711785988117938,14,23.25609030543112,20.245949719972053,0.36500000000000077,0.2750000000000007
90,success,2,0.4850000000000009,7.723574939921828,0.20766092115602758,13.688190639372495,5.484602446992288,14,23.25609030543112,20.245949719972053,0.36500000000000077,0.2750000000000007
90,success,2,0.4950000000000009,4.6772832283796015,0.18583172907510018,12.659770528255839,4.83885337689713,14,23.25609030543112,20.245949719972053,0.36500000000000077,0.2750000000000007
90,success,2,0.5050000000000009,4.6772832283796015,0.18583172907510018,11.54448667251752,3.9729236703976785,14,23.25609030543112,20.245949719972053,0.36500000000000077,0.2750000000000007
90,success,2,0.5150000000000009,4.6772832283796015,0.18583172907510018,10.535279819745456,3.3603004823975287,14,23.25609030543112,20.245949719972053,0.36500000000000077,0.2750000000000007
90,success,2,0.5250000000000009,4.4243449591104405,0.15680462188280941,9.661756971855246,3.3290641395022,14,23.25609030543112,20.245949719972053,0.36500000000000077,0.2750000000000007
90,success,2,0.5350000000000009,2.6989194362300206,0.228813197411853,8.768787113117359,3.520928663005207,14,23.25609030543112,20.245949719972053,0.36500000000000077,0.2750000000000007
90,success,2,0.5450000000000009,2.5514677316401655,0.24158618129330012,7.6848196550952235,3.4340051138590595,14,23.25609030543112,20.245949719972053,0.36500000000000077,0.2750000000000007
90,success,2,0.5550000000000009,1.9851800157404538,0.318837294829331,6.44791562449618,2.944941491215866,14,23.25609030543112,20.245949719972053,0.36500000000000077,0.2750000000000007
90,success,2,0.565000000000001,0.9432243101973911,0.4183539497550336,5.373718393924648,2.2687261786732185,14,23.25609030543112,20.245949719972053,0.36500000000000077,0.2750000000000007
90,success,2,0.575000000000001,1.1155971372312306,0.42252339801417915,4.8795518575682495,1.8086706123397416,14,23.25609030543112,20.245949719972053,0.36500000000000077,0.2750000000000007
90,success,2,0.585000000000001,1.3086387965694493,0.47117165431643393,5.215219746375584,1.8705804175481557,14,23.25609030543112,20.245949719972053,0.36500000000000077,0.2750000000000007
90,success,2,0.595000000000001,1.2696804353988704,0.3952665873126621,6.314786062945093,2.311199016479817,14,23.25609030543112,20.245949719972053,0.36500000000000077,0.2750000000000007
90,success,2,0.605000000000001,1.516408034745954,0.3420192298491896,7.84736596353771,2.865752405767967,14,23.25609030543112,20.245949719972053,0.36500000000000077,0.2750000000000007
90,success,2,0.615000000000001,2.4997010940181377,0.2449225762739134,9.411251592806503,3.3638408713336405,14,23.25609030543112,20.245949719972053,0.36500000000000077,0.2750000000000007
90,success,2,0.625000000000001,4.518416135819105,0.11872045328866494,10.744451663261101,3.6848052542815064,14,23.25609030543112,20.245949719972053,0.36500000000000077,0.2750000000000007
90,success,2,0.635000000000001,7.471481141825438,0.45585799636742314,11.838180197695882,3.799057393239977,14,23.25609030543112,20.245949719972053,0.36500000000000077,0.2750000000000007
90,success,2,0.645000000000001,18.164688207032626,4.041735646713537,12.887749772897765,3.8468444370602173,14,23.25609030543112,20.245949719972053,0.36500000000000077,0.2750000000000007
90,success,2,0.655000000000001,14.410923792538714,3.245014919468209,14.120255455820327,4.220769618555449,14,23.25609030543112,20.245949719972053,0.36500000000000077,0.2750000000000007
90,success,2,0.665000000000001,10.252878337635336,2.305275759960129,15.609303983160697,5.374299145254661,14,23.25609030543112,20.245949719972053,0.36500000000000077,0.2750000000000007
90,success,2,0.675000000000001,8.800678534879584,1.3211089074138966,17.1791373179109,7.212795702064956,14,23.25609030543112,20.245949719972053,0.36500000000000077,0.2750000000000007
90,success,2,0.685000000000001,8.081863510057254,0.7139321661276272,18.44062111235507,9.056940149128351,14,23.25609030543112,20.245949719972053,0.36500000000000077,0.2750000000000007
90,success,2,0.6950000000000011,7.312796530427455,0.5274163148411597,18.95803408057552,10.136650527209135,14,23.25609030543112,20.245949719972053,0.36500000000000077,0.2750000000000007
90,success,2,0.7050000000000011,7.751580032614261,0.5198405439896092,18.506801486663417,10.045201062983548,14,23.25609030543112,20.245949719972053,0.36500000000000077,0.2750000000000007
90,success,2,0.7150000000000011,8.469258522428282,0.7374180545247004,17.26023170319988,8.976549837917783,14,23.25609030543112,20.245949719972053,0.36500000000000077,0.2750000000000007
90,success,2,0.7250000000000011,8.47100509353094,0.972853383052051,15.72196346225857,7.581237256560363,14,23.25609030543112,20.245949719972053,0.36500000000000077,0.2750000000000007
90,success,2,0.7350000000000011,8.71648009970928,1.5201126056489003,14.403894604008084,6.48855814213248,14,23.25609030543112,20.245949719972053,0.36500000000000077,0.2750000000000007
90,success,2,0.7450000000000011,8.20349913630835,2.3714720923661465,13.499154707921175,5.85121448558677,14,23.25609030543112,20.245949719972053,0.36500000000000077,0.2750000000000007
90,success,2,0.7550000000000011,9.461219912832837,3.1787709225445973,12.8163628682653,5.38977085282677,14,23.25609030543112,20.245949719972053,0.36500000000000077,0.2750000000000007
90,success,2,0.7650000000000011,10.042416118645804,4.008501622652804,12.00122522139128,4.818941116290279,14,23.25609030543112,20.245949719972053,0.36500000000000077,0.2750000000000007
90,success,2,0.7750000000000011,9.39890006075873,4.74170805313951,10.814283799919886,4.096377660982501,14,23.25609030543112,20.245949719972053,0.36500000000000077,0.2750000000000007
90,success,2,0.7850000000000011,8.992095251133096,5.103505720374237,9.274773861162629,3.35858607562358,14,23.25609030543112,20.245949719972053,0.36500000000000077,0.2750000000000007
90,success,2,0.7950000000000012,9.61629935479972,4.986936914956525,7.634484795567493,2.720764883085297,14,23.25609030543112,20.245949719972053,0.36500000000000077,0.2750000000000007
90,success,2,0.8050000000000012,8.241306706849935,4.564253659377105,6.253701972773688,2.2149567152409246,14,23.25609030543112,20.245949719972053,0.36500000000000077,0.2750000000000007
90,success,2,0.8150000000000012,6.972696726277071,3.8151545398110835,5.431955805456222,1.9011056563370432,14,23.25609030543112,20.245949719972053,0.36500000000000077,0.2750000000000007
90,success,2,0.8250000000000012,5.516209033940053,2.8666794692236053,5.2591416559895805,1.8412052833780224,14,23.25609030543112,20.245949719972053,0.36500000000000077,0.2750000000000007
90,success,2,0.8350000000000012,4.053825326134794,1.9074021153335492,5.597232318596069,1.9470126853400833,14,23.25609030543112,20.245949719972053,0.36500000000000077,0.2750000000000007
90,success,2,0.8450000000000012,2.364313110306818,1.165418471208222,6.2204988793714175,2.095430625502896,14,23.25609030543112,20.245949719972053,0.36500000000000077,0.2750000000000007
90,success,2,0.8550000000000012,1.6150212298446007,0.7569356731425549,6.988357775035121,2.339256681059421,14,23.25609030543112,20.245949719972053,0.36500000000000077,0.2750000000000007
90,success,2,0.8650000000000012,1.358579858757055,0.8087932208363368,7.872804015874963,2.8341860148167273,14,23.25609030543112,20.245949719972053,0.36500000000000077,0.2750000000000007
90,success,2,0.8750000000000012,1.3606064398793847,1.0043266614824156,8.827484881268232,3.560734162765219,14,23.25609030543112,20.245949719972053,0.36500000000000077,0.2750000000000007
90,success,2,0.8850000000000012,1.461484496345452,1.097418043738691,9.6776469936349,4.310505296625783,14,23.25609030543112,20.245949719972053,0.36500000000000077,0.2750000000000007
90,success,2,0.8950000000000012,1.4233787079027418,1.0422298162400159,10.178792388439302,4.875355327642811,14,23.25609030543112,20.245949719972053,0.36500000000000077,0.2750000000000007
90,success,2,0.9050000000000012,1.3391425267083361,0.902124953715346,10.182696254896106,5.133074395968831,14,23.25609030543112,20.245949719972053,0.36500000000000077,0.2750000000000007
90,success,2,0.9150000000000013,1.2417550516785008,0.8147383394449879,9.730929804248571,5.034814466591611,14,23.25609030543112,20.245949719972053,0.36500000000000077,0.2750000000000007
90,success,2,0.9250000000000013,1.3227405579130758,0.8986098326346532,9.011643089429057,4.586050089857469,14,23.25609030543112,20.245949719972053,0.36500000000000077,0.2750000000000007
90,success,2,0.9350000000000013,1.6762786456932914,1.1961672753635082,8.250464914130216,3.878382146628414,14,23.25609030543112,20.245949719972053,0.36500000000000077,0.2750000000000007
90,success,2,0.9450000000000013,3.277224184282758,1.7351540003449466,7.623955272770963,3.141253059460488,14,23.25609030543112,20.245949719972053,0.36500000000000077,0.2750000000000007
90,success,2,0.9550000000000013,4.430468127081665,2.1845673197022584,7.223773082357498,2.66258494793405,14,23.25609030543112,20.245949719972053,0.36500000000000077,0.2750000000000007
90,success,2,0.9650000000000013,5.478707826383871,2.4878216080564846,7.055104069593446,2.530777617358488,14,23.25609030543112,20.245949719972053,0.36500000000000077,0.2750000000000007
90,success,2,0.9750000000000013,6.341223921563896,2.685663896098361,7.059356728472246,2.6363275195988716,14,23.25609030543112,20.245949719972053,0.36500000000000077,0.2750000000000007
90,success,2,0.9850000000000013,6.927836140525058,2.913363514186588,7.146063682381175,2.8881750131749344,14,23.25609030543112,20.245949719972053,0.36500000000000077,0.2750000000000007
90,success,2,0.9950000000000013,7.2203375476962455,3.116278611290444,7.2203375476962455,3.116278611290444,14,23.25609030543112,20.245949719972053,0.36500000000000077,0.2750000000000007
0,success,0,-0.495,0.002982999042155109,0.002907467819464796,0.002982999042155109,0.002907467819464796,20,19.70260715452931,17.63588048853959,0.45500000000000085,0.43500000000000083
0,success,0,-0.485,0.002982999042155109,0.002907467819464796,0.009536577932600395,0.009295106386229952,20,19.70260715452931,17.63588048853959,0.45500000000000085,0.43500000000000083
0,success,0,-0.475,0.002982999042155109,0.002907467819464796,0.0316625537790225,0.030860840011558626,20,19.70260715452931,17.63588048853959,0.45500000000000085,0.43500000000000083
0,success,0,-0.46499999999999997,0.002982999042155109,0.002907467819464796,0.08958023586943173,0.087312013637883,20,19.70260715452931,17.63588048853959,0.45500000000000085,0.43500000000000083
0,success,0,-0.45499999999999996,0.002982999042155109,0.002907467819464796,0.21596896435839738,0.21050050804626746,20,19.70260715452931,17.63588048853959,0.45500000000000085,0.43500000000000083
0,success,0,-0.44499999999999995,0.002982999042155109,0.002907467819464796,0.44396147961650556,0.43244558204979483,20,19.70260715452931,17.63588048853959,0.45500000000000085,0.43500000000000083
0,success,0,-0.43499999999999994,0.002982999042155109,0.002907467819464796,0.7779863894522978,0.7570326453669961,20,19.70260715452931,17.63588048853959,0.45500000000000085,0.43500000000000083
0,success,0,-0.42499999999999993,0.002982999042155109,0.002907467819464796,1.1638295220267758,1.1292045573361595,20,19.70260715452931,17.63588048853959,0.45500000000000085,0.43500000000000083
0,success,0,-0.4149999999999999,0.002982999042155109,0.002907467819464796,1.4904381129549513,1.435297203645917,20,19.70260715452931,17.63588048853959,0.45500000000000085,0.43500000000000083
0,success,0,-0.4049999999999999,0.002982999042155109,0.002907467819464796,1.6468566996942458,1.555059813122422,20,19.70260715452931,17.63588048853959,0.45500000000000085,0.43500000000000083
0,success,0,-0.3949999999999999,0.002982999042155109,0.002907467819464796,1.6029232173302024,1.4403544956869903,20,19.70260715452931,17.63588048853959,0.45500000000000085,0.43500000000000083
0,success,0,-0.3849999999999999,0.002982999042155109,0.002907467819464796,1.446297823274132,1.1651071473803496,20,19.70260715452931,17.63588048853959,0.45500000000000085,0.43500000000000083
0,success,0,-0.3749999999999999,0.002982999042155109,0.002907467819464796,1.3349735448064575,0.9265444565692421,20,19.70260715452931,17.63588048853959,0.45500000000000085,0.43500000000000083
0,success,0,-0.3649999999999999,0.002982999042155109,0.002907467819464796,1.4030157250352109,0.9483492946478206,20,19.70260715452931,17.63588048853959,0.45500000000000085,0.43500000000000083
0,success,0,-0.35499999999999987,0.002982999042155109,0.002907467819464796,1.6890182419748108,1.192058366116904,20,19.70260715452931,17.63588048853959,0.45500000000000085,0.43500000000000083
0,success,0,-0.34499999999999986,0.002982999042155109,0.002907467819464796,2.1317029630620485,1.4702319587639847,20,19.70260715452931,17.63588048853959,0.45500000000000085,0.43500000000000083
0,success,0,-0.33499999999999985,0.002982999042155109,0.002907467819464796,2.61396215406878,1.685250824763264,20,19.70260715452931,17.63588048853959,0.45500000000000085,0.43500000000000083
0,success,0,-0.32499999999999984,0.002982999042155109,0.002907467819464796,3.0214343058916056,1.8043781793355227,20,19.70260715452931,17.63588048853959,0.45500000000000085,0.43500000000000083
0,success,0,-0.31499999999999984,0.002982999042155109,0.002907467819464796,3.291565774564075,1.8145752230938088,20,19.70260715452931,17.63588048853959,0.45500000000000085,0.43500000000000083
0,success,0,-0.3049999999999998,0.002982999042155109,0.002907467819464796,3.435783355722106,1.7315484747142669,20,19.70260715452931,17.63588048853959,0.45500000000000085,0.43500000000000083
0,success,0,-0.2949999999999998,0.002982999042155109,0.002907467819464796,3.523740488510003,1.6632312436570509,20,19.70260715452931,17.63588048853959,0.45500000000000085,0.43500000000000083
0,success,0,-0.2849999999999998,0.002982999042155109,0.002907467819464796,3.631375585063182,1.7934064329218233,20,19.70260715452931,17.63588048853959,0.45500000000000085,0.43500000000000083
0,success,0,-0.2749999999999998,0.002982999042155109,0.002907467819464796,3.785596284558957,2.1504084829506542,20,19.70260715452931,17.63588048853959,0.45500000000000085,0.43500000000000083
0,success,0,-0.2649999999999998,0.002982999042155109,0.002907467819464796,3.944709765378035,2.5455606033361646,20,19.70260715452931,17.63588048853959,0.45500000000000085,0.43500000000000083
0,success,0,-0.2549999999999998,0.002982999042155109,0.002907467819464796,4.026724415361555,2.7856285126219573,20,19.70260715452931,17.63588048853959,0.45500000000000085,0.43500000000000083
0,success,0,-0.24499999999999977,0.002982999042155109,0.002907467819464796,3.972664452130912,2.785004184927111,20,19.70260715452931,17.63588048853959,0.45500000000000085,0.43500000000000083
0,success,0,-0.23499999999999976,0.002982999042155109,0.002907467819464796,3.8095233028327926,2.574282680463616,20,19.70260715452931,17.63588048853959,0.45500000000000085,0.43500000000000083
0,success,0,-0.22499999999999976,0.002982999042155109,0.002907467819464796,3.676901212167529,2.2688150867972565,20,19.70260715452931,17.63588048853959,0.45500000000000085,0.43500000000000083
0,success,0,-0.21499999999999975,0.002982999042155109,0.002907467819464796,3.7907055377327596,2.0140111480883327,20,19.70260715452931,17.63588048853959,0.45500000000000085,0.43500000000000083
0,success,0,-0.20499999999999974,0.002982999042155109,0.002907467819464796,4.354187314815844,1.9251854385367793,20,19.70260715452931,17.63588048853959,0.45500000000000085,0.43500000000000083
0,success,0,-0.19499999999999973,0.0075333341363690385,0.002697906711360302,5.459784289904026,2.06484505790333,20,19.70260715452931,17.63588048853959,0.45500000000000085,0.43500000000000083
0,success,0,-0.18499999999999972,0.00860400121736055,0.0026434785672394758,7.02312864791665,2.452965925078859,20,19.70260715452931,17.63588048853959,0.45500000000000085,0.43500000000000083
0,success,0,-0.1749999999999997,0.02619715673849051,0.0020622680612662034,8.770450791980362,3.0133108576843517,20,19.70260715452931,17.63588048853959,0.45500000000000085,0.43500000000000083
0,success,0,-0.1649999999999997,0.09612907330771706,0.004797337616424382,10.308079913612897,3.5478747782849394,20,19.70260715452931,17.63588048853959,0.45500000000000085,0.43500000000000083
0,success,0,-0.1549999999999997,0.3270135502948079,0.015934841338186255,11.279030150720764,3.84870396439855,20,19.70260715452931,17.63588048853959,0.45500000000000085,0.43500000000000083
0,success,0,-0.14499999999999968,0.9573645388119015,0.04415634828147745,11.55291441569753,3.835130973646967,20,19.70260715452931,17.63588048853959,0.45500000000000085,0.43500000000000083
0,success,0,-0.13499999999999968,1.6411731212350442,0.11144371764235397,11.319460667114692,3.592194954770412,20,19.70260715452931,17.63588048853959,0.45500000000000085,0.43500000000000083
0,success,0,-0.12499999999999967,3.5667251970395952,0.20562978738785495,10.9842197136789,3.2960686175777827,20,19.70260715452931,17.63588048853959,0.45500000000000085,0.43500000000000083
0,success,0,-0.11499999999999966,4.475601258624922,0.33821294261302853,10.893319165352313,3.104840584906889,20,19.70260715452931,17.63588048853959,0.45500000000000085,0.43500000000000083
0,success,0,-0.10499999999999965,4.475601258624922,0.33821294261302853,11.07462343740735,3.0727613426485467,20,19.70260715452931,17.63588048853959,0.45500000000000085,0.43500000000000083
0,success,0,-0.09499999999999964,3.9365168852360943,0.16114837916064698,11.210892787395942,3.1103672766545944,20,19.70260715452931,17.63588048853959,0.45500000000000085,0.43500000000000083
0,success,0,-0.08499999999999963,3.6010752213392836,0.25616116462950417,10.904968172534888,3.060675084584702,20,19.70260715452931,17.63588048853959,0.45500000000000085,0.43500000000000083
0,success,0,-0.07499999999999962,3.6010752213392836,0.25616116462950417,10.03724356311215,2.840501221376823,20,19.70260715452931,17.63588048853959,0.45500000000000085,0.43500000000000083
0,success,0,-0.06499999999999961,3.6020313873198653,0.255490900250402,8.910876945035,2.509836545905186,20,19.70260715452931,17.63588048853959,0.45500000000000085,0.43500000000000083
0,success,0,-0.05499999999999961,3.6055758435353353,0.2530207234821315,8.051344781061731,2.248770353960077,20,19.70260715452931,17.63588048853959,0.45500000000000085,0.43500000000000083
0,success,0,-0.0449999999999996,3.616638831458547,0.245463674651246,7.839765180480233,2.243202406545508,20,19.70260715452931,17.63588048853959,0.45500000000000085,0.43500000000000083
0,success,0,-0.034999999999999594,3.542381479290852,0.2538430706472534,8.289192984542975,2.4730355289145787,20,19.70260715452931,17.63588048853959,0.45500000000000085,0.43500000000000083
0,success,0,-0.02499999999999958,3.521781913435041,0.2635196072121401,9.116146691685927,2.7180431868563475,20,19.70260715452931,17.63588048853959,0.45500000000000085,0.43500000000000083
0,success,0,-0.014999999999999573,3.6481706419240068,0.20842627353370405,9.995147536501552,2.798936697131229,20,19.70260715452931,17.63588048853959,0.45500000000000085,0.43500000000000083
0,success,0,-0.004999999999999565,4.287419599137859,0.1486951570099967,10.75338790666317,2.693608025976672,20,19.70260715452931,17.63588048853959,0.45500000000000085,0.43500000000000083
0,success,0,0.005000000000000444,7.814724959387862,0.22906526812280148,11.369718740223595,2.5056714612981366,20,19.70260715452931,17.63588048853959,0.45500000000000085,0.43500000000000083
0,success,0,0.015000000000000454,10.84069496421677,0.32138947663864015,11.844136961938188,2.364616061137029,20,19.70260715452931,17.63588048853959,0.45500000000000085,0.43500000000000083
0,success,0,0.025000000000000463,14.932445215636823,0.6163114967114165,12.111612694937259,2.319352294747971,20,19.70260715452931,17.63588048853959,0.45500000000000085,0.43500000000000083
0,success,0,0.03500000000000047,19.308856509684585,1.1487291759312843,12.09487331309759,2.3129059017898417,20,19.70260715452931,17.63588048853959,0.45500000000000085,0.43500000000000083
0,success,0,0.04500000000000048,16.148157050903347,0.9680977661877257,11.83373310916595,2.285445957603532,20,19.70260715452931,17.63588048853959,0.45500000000000085,0.43500000000000083
0,success,0,0.055000000000000486,12.514576476150054,1.3659485159298714,11.548086235218607,2.2822598626983046,20,19.70260715452931,17.63588048853959,0.45500000000000085,0.43500000000000083
0,success,0,0.0650000000000005,12.701091358748382,1.5443318784774593,11.543799604962842,2.4055885204405865,20,19.70260715452931,17.63588048853959,0.45500000000000085,0.43500000000000083
0,success,0,0.07500000000000051,12.638521797633658,1.4843979803261287,12.018802797798392,2.663283381245853,20,19.70260715452931,17.63588048853959,0.45500000000000085,0.43500000000000083
0,success,0,0.08500000000000052,12.147297257715781,1.2311052077941316,12.913616591401853,2.9631153741512413,20,19.70260715452931,17.63588048853959,0.45500000000000085,0.43500000000000083
0,success,0,0.09500000000000053,10.640727740860557,0.923615027083584,13.908875842226546,3.2165294757236556,20,19.70260715452931,17.63588048853959,0.45500000000000085,0.43500000000000083
0,success,0,0.10500000000000054,10.0120858324896,0.7107977968607956,14.576915340652931,3.3546704483803107,20,19.70260715452931,17.63588048853959,0.45500000000000085,0.43500000000000083
0,success,0,0.11500000000000055,9.164223124581785,0.6362842454696687,14.60114709311577,3.3079954832648912,20,19.70260715452931,17.63588048853959,0.45500000000000085,0.43500000000000083
0,success,0,0.12500000000000056,9.230980783511452,0.672693891985618,13.926228646525246,3.0509460739834986,20,19.70260715452931,17.63588048853959,0.45500000000000085,0.43500000000000083
0,success,0,0.13500000000000056,10.167650078240634,0.6223575721649091,12.736630877900566,2.6673673970626317,20,19.70260715452931,17.63588048853959,0.45500000000000085,0.43500000000000083
0,success,0,0.14500000000000057,11.723108854433454,0.8083580711333114,11.284836799573739,2.315741052497725,20,19.70260715452931,17.63588048853959,0.45500000000000085,0.43500000000000083
0,success,0,0.15500000000000058,8.795479171789573,0.38050454130647404,9.734307068780044,2.067596390216238,20,19.70260715452931,17.63588048853959,0.45500000000000085,0.43500000000000083
0,success,0,0.1650000000000006,5.471286234971195,0.28776702043032626,8.157719372616864,1.8369420724511165,20,19.70260715452931,17.63588048853959,0.45500000000000085,0.43500000000000083
0,success,0,0.1750000000000006,4.633391089809532,0.34664790316448973,6.654042313236046,1.5501825477715108,20,19.70260715452931,17.63588048853959,0.45500000000000085,0.43500000000000083
0,success,0,0.1850000000000006,2.8584836518169263,0.4799527551383633,5.405244393133104,1.2993763351991021,20,19.70260715452931,17.63588048853959,0.45500000000000085,0.43500000000000083
0,success,0,0.19500000000000062,2.1673109337831717,0.5427451257317205,4.582511709842285,1.2777478533020152,20,19.70260715452931,17.63588048853959,0.45500000000000085,0.43500000000000083
0,success,0,0.20500000000000063,2.1673109337831717,0.5427451257317205,4.2176255804654,1.4754021364069807,20,19.70260715452931,17.63588048853959,0.45500000000000085,0.43500000000000083
0,success,0,0.21500000000000064,2.1673109337831717,0.5427451257317205,4.203820913835836,1.6757741901135377,20,19.70260715452931,17.63588048853959,0.45500000000000085,0.43500000000000083
0,success,0,0.22500000000000064,2.0538078126050836,0.5561635345818238,4.4346873767046455,1.7460437778871707,20,19.70260715452931,17.63588048853959,0.45500000000000085,0.43500000000000083
0,success,0,0.23500000000000065,1.7470082941414824,0.589698568321319,4.9231590471789985,1.744012664710638,20,19.70260715452931,17.63588048853959,0.45500000000000085,0.43500000000000083
0,success,0,0.24500000000000066,2.1443907444627195,0.5450597793742517,5.776278517065688,1.877497504400369,20,19.70260715452931,17.63588048853959,0.45500000000000085,0.43500000000000083
0,success,0,0.25500000000000067,3.172007807537682,0.44268951094391845,7.051704611609705,2.233704660266321,20,19.70260715452931,17.63588048853959,0.45500000000000085,0.43500000000000083
0,success,0,0.2650000000000007,5.060757599691234,0.2856137477295172,8.62716244638683,2.648801397124326,20,19.70260715452931,17.63588048853959,0.45500000000000085,0.43500000000000083
0,success,0,0.2750000000000007,8.010145837953912,0.19044742457959904,10.181189111847095,2.9367440355199346,20,19.70260715452931,17.63588048853959,0.45500000000000085,0.43500000000000083
0,success,0,0.2850000000000007,15.897760312403651,2.251227739074886,11.28843831566866,3.012723179055467,20,19.70260715452931,17.63588048853959,0.45500000000000085,0.43500000000000083
0,success,0,0.2950000000000007,13.91689822664561,2.0025262319774844,11.601361874151179,2.865599341353952,20,19.70260715452931,17.63588048853959,0.45500000000000085,0.43500000000000083
0,success,0,0.3050000000000007,11.658748915480212,1.5360249829785542,11.054075844952518,2.518261088616799,20,19.70260715452931,17.63588048853959,0.45500000000000085,0.43500000000000083
0,success,0,0.3150000000000007,10.433641415029607,0.8850915511250683,9.969278846631529,2.063158859880393,20,19.70260715452931,17.63588048853959,0.45500000000000085,0.43500000000000083
0,success,0,0.32500000000000073,9.313991995549902,0.3289554908909753,8.948404716186676,1.744610737591286,20,19.70260715452931,17.63588048853959,0.45500000000000085,0.43500000000000083
0,success,0,0.33500000000000074,8.304259352448083,0.27040731275921276,8.56712951408068,1.83676211782488,20,19.70260715452931,17.63588048853959,0.45500000000000085,0.43500000000000083
0,success,0,0.34500000000000075,8.458506903701648,0.20330209402190316,9.072274365206708,2.2401457125292517,20,19.70260715452931,17.63588048853959,0.45500000000000085,0.43500000000000083
0,success,0,0.35500000000000076,7.516280288452371,0.449977992012513,10.28253689378281,2.671618610098854,20,19.70260715452931,17.63588048853959,0.45500000000000085,0.43500000000000083
0,success,0,0.36500000000000077,8.766809084898588,0.2021937600346182,11.740620973091573,2.9759788149135966,20,19.70260715452931,17.63588048853959,0.45500000000000085,0.43500000000000083
0,success,0,0.3750000000000008,11.80099638323001,0.2728931000291746,13.007117103332561,3.1025040309464607,20,19.70260715452931,17.63588048853959,0.45500000000000085,0.43500000000000083
0,success,0,0.3850000000000008,11.546325588925434,0.31196500259844967,13.913348204821492,3.061592790147032,20,19.70260715452931,17.63588048853959,0.45500000000000085,0.43500000000000083
0,success,0,0.3950000000000008,13.434901668426287,0.40671969932802376,14.611986634951474,2.9276854902914806,20,19.70260715452931,17.63588048853959,0.45500000000000085,0.43500000000000083
0,success,0,0.4050000000000008,13.27311267144736,0.6907239670206068,15.380256915263562,2.8407719706988854,20,19.70260715452931,17.63588048853959,0.45500000000000085,0.43500000000000083
0,success,0,0.4150000000000008,15.215612098770624,0.8266032434895155,16.32165785880379,2.897915589207464,20,19.70260715452931,17.63588048853959,0.45500000000000085,0.43500000000000083
0,success,0,0.4250000000000008,17.658963566949485,1.1257067011492905,17.213602062129855,3.0100803991982525,20,19.70260715452931,17.63588048853959,0.45500000000000085,0.43500000000000083
0,success,0,0.43500000000000083,19.368561820324103,1.556531314679489,17.63588048853959,3.0055222297789053,20,19.70260715452931,17.63588048853959,0.45500000000000085,0.43500000000000083
0,success,0,0.44500000000000084,19.632577413167756,2.072686297765094,17.275408045970075,2.846520032040326,20,19.70260715452931,17.63588048853959,0.45500000000000085,0.43500000000000083
0,success,0,0.45500000000000085,19.70260715452931,1.02360071239353,16.15941736265353,2.639971327326455,20,19.70260715452931,17.63588048853959,0.45500000000000085,0.43500000000000083
0,success,0,0.46500000000000086,15.696486162035018,0.6327992247305434,14.67450535765759,2.4682666243090057,20,19.70260715452931,17.63588048853959,0.45500000000000085,0.43500000000000083
0,success,0,0.47500000000000087,12.209813514861825,0.3279743551752101,13.389180576924796,2.3360959171618836,20,19.70260715452931,17.63588048853959,0.45500000000000085,0.43500000000000083
0,success,0,0.4850000000000009,11.721936943988222,0.3914818888778642,12.790320244829406,2.310443506007679,20,19.70260715452931,17.63588048853959,0.45500000000000085,0.43500000000000083
0,success,0,0.4950000000000009,13.727246441070601,0.8532873788192524,13.052061824139878,2.523928757066261,20,19.70260715452931,17.63588048853959,0.45500000000000085,0.43500000000000083
0,success,0,0.5050000000000009,12.199075526534669,0.4075381700750383,13.94799539250817,2.9937575077599456,20,19.70260715452931,17.63588048853959,0.45500000000000085,0.43500000000000083
0,success,0,0.5150000000000009,10.508580030961058,0.3428163484808274,14.976824303364515,3.6142437229316093,20,19.70260715452931,17.63588048853959,0.45500000000000085,0.43500000000000083
0,success,0,0.5250000000000009,8.405112058864146,0.17942952763169723,15.631511774659398,4.271867873913666,20,19.70260715452931,17.63588048853959,0.45500000000000085,0.43500000000000083
0,success,0,0.5350000000000009,8.164320334768849,0.20736225310462209,15.636362223103239,4.870545955534133,20,19.70260715452931,17.63588048853959,0.45500000000000085,0.43500000000000083
0,success,0,0.5450000000000009,4.713159783587775,0.11678571643562745,14.999018374190134,5.30560492758947,20,19.70260715452931,17.63588048853959,0.45500000000000085,0.43500000000000083
0,success,0,0.5550000000000009,4.5361029950993625,0.10036172213547181,13.896034655869386,5.457188497463023,20,19.70260715452931,17.63588048853959,0.45500000000000085,0.43500000000000083
0,success,0,0.565000000000001,4.5361029950993625,0.10036172213547181,12.535866366648339,5.240429033293985,20,19.70260715452931,17.63588048853959,0.45500000000000085,0.43500000000000083
0,success,0,0.575000000000001,4.246916008305622,0.15257231123147696,11.111343585745786,4.67739283869202,20,19.70260715452931,17.63588048853959,0.45500000000000085,0.43500000000000083
0,success,0,0.585000000000001,2.6160214096058203,0.1671816641833013,9.818412598513508,3.9149632148352462,20,19.70260715452931,17.63588048853959,0.45500000000000085,0.43500000000000083
0,success,0,0.595000000000001,2.6160214096058203,0.1671816641833013,8.860362778299457,3.164908344324652,20,19.70260715452931,17.63588048853959,0.45500000000000085,0.43500000000000083
0,success,0,0.605000000000001,1.6947172231664198,0.1366165743555532,8.39256267650137,2.621989844157385,20,19.70260715452931,17.63588048853959,0.45500000000000085,0.43500000000000083
0,success,0,0.615000000000001,1.2809182929831318,0.21026940860111182,8.437624473577198,2.4109382414024765,20,19.70260715452931,17.63588048853959,0.45500000000000085,0.43500000000000083
0,success,0,0.625000000000001,1.541358607678577,0.19775971658514996,8.843179826951262,2.5012178834360363,20,19.70260715452931,17.63588048853959,0.45500000000000085,0.43500000000000083
0,success,0,0.635000000000001,1.7200302758845667,0.1446056213911601,9.335774788133778,2.678422635316115,20,19.70260715452931,17.63588048853959,0.45500000000000085,0.43500000000000083
0,success,0,0.645000000000001,2.162838598388755,0.10349343914387486,9.658946331186042,2.732521671912254,20,19.70260715452931,17.63588048853959,0.45500000000000085,0.43500000000000083
0,success,0,0.655000000000001,2.157232398642178,0.10842531711578132,9.707579149288042,2.6365232872596915,20,19.70260715452931,17.63588048853959,0.45500000000000085,0.43500000000000083
0,success,0,0.665000000000001,2.1718398427808596,0.09569593043592743,9.553184537491054,2.549488508532839,20,19.70260715452931,17.63588048853959,0.45500000000000085,0.43500000000000083
0,success,0,0.675000000000001,2.2219684936919046,0.057652574770466695,9.350915366691716,2.6087883811219115,20,19.70260715452931,17.63588048853959,0.45500000000000085,0.43500000000000083
0,success,0,0.685000000000001,2.2219684936919046,0.057652574770466695,9.221810426590007,2.7372925528985608,20,19.70260715452931,17.63588048853959,0.45500000000000085,0.43500000000000083
0,success,0,0.6950000000000011,2.3358309179358345,0.12219294727762485,9.208940492686025,2.786590279215058,20,19.70260715452931,17.63588048853959,0.45500000000000085,0.43500000000000083
0,success,0,0.7050000000000011,2.1345835773685176,0.10546260004858218,9.31473774908474,2.736436211275491,20,19.70260715452931,17.63588048853959,0.45500000000000085,0.43500000000000083
0,success,0,0.7150000000000011,2.1746054063369327,0.07582803031249129,9.544663014021008,2.6797874595793574,20,19.70260715452931,17.63588048853959,0.45500000000000085,0.43500000000000083
0,success,0,0.7250000000000011,2.7856703396170723,0.22404330913459944,9.881176253458477,2.6849162042185335,20,19.70260715452931,17.63588048853959,0.45500000000000085,0.43500000000000083
0,success,0,0.7350000000000011,3.4786015502217085,0.36992959858947383,10.223072157749538,2.715534072564876,20,19.70260715452931,17.63588048853959,0.45500000000000085,0.43500000000000083
0,success,0,0.7450000000000011,3.4672708955282494,0.3748953622234549,10.387501860628344,2.681429760883183,20,19.70260715452931,17.63588048853959,0.45500000000000085,0.43500000000000083
0,success,0,0.7550000000000011,3.4637264393127785,0.3765018255370559,10.230416777095469,2.5196418036793307,20,19.70260715452931,17.63588048853959,0.45500000000000085,0.43500000000000083
0,success,0,0.7650000000000011,4.965845476320869,0.6965557970310091,9.79783495127822,2.255963278269919,20,19.70260715452931,17.63588048853959,0.45500000000000085,0.43500000000000083
0,success,0,0.7750000000000011,5.548496215466112,0.8652839877147838,9.355949778822822,2.048162168725298,20,19.70260715452931,17.63588048853959,0.45500000000000085,0.43500000000000083
0,success,0,0.7850000000000011,8.111170539402627,1.750723984920593,9.23507309462635,2.1353811782017615,20,19.70260715452931,17.63588048853959,0.45500000000000085,0.43500000000000083
0,success,0,0.7950000000000012,6.419943057905238,1.9401258320373174,9.599967576630323,2.5987247472987347,20,19.70260715452931,17.63588048853959,0.45500000000000085,0.43500000000000083
0,success,0,0.8050000000000012,5.1843060310332225,2.090281232455205,10.324081927562187,3.267669630067802,20,19.70260715452931,17.63588048853959,0.45500000000000085,0.43500000000000083
0,success,0,0.8150000000000012,4.455485460869141,1.960385063020678,11.067582714648207,3.8887705643344614,20,19.70260715452931,17.63588048853959,0.45500000000000085,0.43500000000000083
0,success,0,0.8250000000000012,3.2329119859694124,1.6161348222924505,11.487826448493678,4.231571743343897,20,19.70260715452931,17.63588048853959,0.45500000000000085,0.43500000000000083
0,success,0,0.8350000000000012,2.4552887744197855,1.1520456041379565,11.416477722735195,4.176312638375241,20,19.70260715452931,17.63588048853959,0.45500000000000085,0.43500000000000083
0,success,0,0.8450000000000012,1.8742813679781218,0.7430036960205889,10.885896557557762,3.7832303565150918,20,19.70260715452931,17.63588048853959,0.45500000000000085,0.43500000000000083
0,success,0,0.8550000000000012,1.6068755339536054,0.49878170395160715,10.035026104557117,3.249918068047886,20,19.70260715452931,17.63588048853959,0.45500000000000085,0.43500000000000083
0,success,0,0.8650000000000012,1.623935881415854,0.48119456659384974,9.014065019711412,2.748208416263149,20,19.70260715452931,17.63588048853959,0.45500000000000085,0.43500000000000083
0,success,0,0.8750000000000012,1.7794571197905928,0.6038798379618401,7.970783708957557,2.309011339322866,20,19.70260715452931,17.63588048853959,0.45500000000000085,0.43500000000000083
0,success,0,0.8850000000000012,1.9642123884788056,0.734504816591555,7.0722703974338526,1.9346301868792144,20,19.70260715452931,17.63588048853959,0.45500000000000085,0.43500000000000083
0,success,0,0.8950000000000012,2.305488718566888,0.7854320516386315,6.4901854738473,1.7623501240057629,20,19.70260715452931,17.63588048853959,0.45500000000000085,0.43500000000000083
0,success,0,0.9050000000000012,2.2695457554946383,0.7538346177319523,6.3468927294386575,1.928982557403113,20,19.70260715452931,17.63588048853959,0.45500000000000085,0.43500000000000083
0,success,0,0.9150000000000013,2.1816332071514393,0.6779750671278694,6.677411751605028,2.2907891197621666,20,19.70260715452931,17.63588048853959,0.45500000000000085,0.43500000000000083
0,success,0,0.9250000000000013,2.2507967790954293,0.6910223515327616,7.437862700332893,2.6163202264900303,20,19.70260715452931,17.63588048853959,0.45500000000000085,0.43500000000000083
0,success,0,0.9350000000000013,2.799378761359042,0.8859210067565824,8.540501031144201,2.8399279758144083,20,19.70260715452931,17.63588048853959,0.45500000000000085,0.43500000000000083
0,success,0,0.9450000000000013,3.781836826716419,1.2748962221079947,9.856916979101602,3.06850639884197,20,19.70260715452931,17.63588048853959,0.45500000000000085,0.43500000000000083
0,success,0,0.9550000000000013,5.545039395295998,1.798551504132999,11.205260508559606,3.413973200764386,20,19.70260715452931,17.63588048853959,0.45500000000000085,0.43500000000000083
0,success,0,0.9650000000000013,11.894679460803257,3.840392013020426,12.37521530716516,3.8399679431876566,20,19.70260715452931,17.63588048853959,0.45500000000000085,0.43500000000000083
0,success,0,0.9750000000000013,13.13891184988546,4.223650366413171,13.20953330998957,4.22928264881772,20,19.70260715452931,17.63588048853959,0.45500000000000085,0.43500000000000083
0,success,0,0.9850000000000013,13.744944255046454,4.493716264177147,13.678976055149558,4.506111651492247,20,19.70260715452931,17.63588048853959,0.45500000000000085,0.43500000000000083
0,success,0,0.9950000000000013,13.867672339997526,4.647491724172981,13.867672339997526,4.647491724172981,20,19.70260715452931,17.63588048853959,0.45500000000000085,0.43500000000000083
0,success,1,-0.495,1.5175329002939428,1.1392426864487926,1.5175329002939428,1.1392426864487926,20,40.79940358158155,33.27785663772792,0.625000000000001,0.615000000000001
0,success,1,-0.485,1.7598650353899834,1.2622624548337595,1.7608212013705653,1.2621963448622626,20,40.79940358158155,33.27785663772792,0.625000000000001,0.615000000000001
0,success,1,-0.475,2.1683861517629865,1.485834878123508,2.1728867739590383,1.4855137254559558,20,40.79940358158155,33.27785663772792,0.625000000000001,0.615000000000001
0,success,1,-0.46499999999999997,2.620795019267562,1.7594033946026193,2.6363586293868257,1.7583116470453801,20,40.79940358158155,33.27785663772792,0.625000000000001,0.615000000000001
0,success,1,-0.45499999999999996,2.9938487091671733,2.0216042978587616,3.0383711603316415,2.0187772436334988,20,40.79940358158155,33.27785663772792,0.625000000000001,0.615000000000001
0,success,1,-0.44499999999999995,3.2085748447745246,2.2300614726881824,3.3165593269537235,2.2247835774161637,20,40.79940358158155,33.27785663772792,0.625000000000001,0.615000000000001
0,success,1,-0.43499999999999994,3.2577201699689446,2.3810772885415434,3.480790909142903,2.3757632023341633,20,40.79940358158155,33.27785663772792,0.625000000000001,0.615000000000001
0,success,1,-0.42499999999999993,3.19851990678075,2.5020001255930278,3.5928933068486137,2.5063154971256854,20,40.79940358158155,33.27785663772792,0.625000000000001,0.615000000000001
0,success,1,-0.4149999999999999,3.115579968217656,2.6217503196017162,3.7165324831991633,2.651090912294687,20,40.79940358158155,33.27785663772792,0.625000000000001,0.615000000000001
0,success,1,-0.4049999999999999,3.0804691991252624,2.752034768987453,3.882684217958219,2.816086305635783,20,40.79940358158155,33.27785663772792,0.625000000000001,0.615000000000001
0,success,1,-0.3949999999999999,3.1395421301881505,2.8975539948812403,4.108231402559064,2.991846633472544,20,40.79940358158155,33.27785663772792,0.625000000000001,0.615000000000001
0,success,1,-0.3849999999999999,3.31583089244826,3.069137784572544,4.4440651768978245,3.1833574126141038,20,40.79940358158155,33.27785663772792,0.625000000000001,0.615000000000001
0,success,1,-0.3749999999999999,3.5189603606222932,3.266877372786409,4.970416320761905,3.4024051788682987,20,40.79940358158155,33.27785663772792,0.625000000000001,0.615000000000001
0,success,1,-0.3649999999999999,3.696289896172361,3.439524797818696,5.711406703750259,3.623351774259343,20,40.79940358158155,33.27785663772792,0.625000000000001,0.615000000000001
0,success,1,-0.35499999999999987,3.7346620147215845,3.476886271460632,6.550089102374264,3.7640579841938915,20,40.79940358158155,33.27785663772792,0.625000000000001,0.615000000000001
0,success,1,-0.34499999999999986,3.5182655772628806,3.266200974047924,7.252189180476695,3.7308826412047686,20,40.79940358158155,33.27785663772792,0.625000000000001,0.615000000000001
0,success,1,-0.33499999999999985,3.018679987602259,2.779934762653153,7.616054153335904,3.50402192848169,20,40.79940358158155,33.27785663772792,0.625000000000001,0.615000000000001
0,success,1,-0.32499999999999984,2.334196190150924,2.114200390694974,7.623305747078284,3.189277468000699,20,40.79940358158155,33.27785663772792,0.625000000000001,0.615000000000001
0,success,1,-0.31499999999999984,1.6444763586859437,1.4446972371615299,7.471046219533839,2.981182375237928,20,40.79940358158155,33.27785663772792,0.625000000000001,0.615000000000001
0,success,1,-0.3049999999999998,1.1188515415051108,0.9371291383793026,7.456775453318377,3.017815626937365,20,40.79940358158155,33.27785663772792,0.625000000000001,0.615000000000001
0,success,1,-0.2949999999999998,0.8513428259182738,0.6815435286649156,7.797443185415261,3.2492680777482215,20,40.79940358158155,33.27785663772792,0.625000000000001,0.615000000000001
0,success,1,-0.2849999999999998,0.8484177149761807,0.6787704435459929,8.49078833314049,3.505894151950013,20,40.79940358158155,33.27785663772792,0.625000000000001,0.615000000000001
0,success,1,-0.2749999999999998,1.0540944523553104,0.8706162582879892,9.294148974067753,3.6348838029855424,20,40.79940358158155,33.27785663772792,0.625000000000001,0.615000000000001
0,success,1,-0.2649999999999998,1.3801218320516304,1.1646203900742562,9.843498417129851,3.5538770199007628,20,40.79940358158155,33.27785663772792,0.625000000000001,0.615000000000001
0,success,1,-0.2549999999999998,0.35924401098301556,0.27172253763183574,9.85323194211822,3.26650239775355,20,40.79940358158155,33.27785663772792,0.625000000000001,0.615000000000001
0,success,1,-0.24499999999999977,0.7637344883558981,0.47532940097482956,9.287006552881161,2.8602505161082568,20,40.79940358158155,33.27785663772792,0.625000000000001,0.615000000000001
0,success,1,-0.23499999999999976,1.5740859327335084,0.743960840117808,8.400733509696092,2.4581374818917316,20,40.79940358158155,33.27785663772792,0.625000000000001,0.615000000000001
0,success,1,-0.22499999999999976,3.0766420080109844,1.0008489062872183,7.628024938469234,2.1478543099030447,20,40.79940358158155,33.27785663772792,0.625000000000001,0.615000000000001
0,success,1,-0.21499999999999975,3.748816301718565,1.226537575817821,7.377473862828741,1.974052783989574,20,40.79940358158155,33.27785663772792,0.625000000000001,0.615000000000001
0,success,1,-0.20499999999999974,3.8455876244623193,1.3204662863887833,7.849340226003127,2.001617439430583,20,40.79940358158155,33.27785663772792,0.625000000000001,0.615000000000001
0,success,1,-0.19499999999999973,3.7533169239146176,1.230904664050418,8.976471367828559,2.3159089720241357,20,40.79940358158155,33.27785663772792,0.625000000000001,0.615000000000001
0,success,1,-0.18499999999999972,3.754449830143861,0.9915653634441258,10.512712252088336,2.9168210978489904,20,40.79940358158155,33.27785663772792,0.625000000000001,0.615000000000001
0,success,1,-0.1749999999999997,2.8513577899440747,0.19136013166778526,12.189453458749725,3.6919874334272405,20,40.79940358158155,33.27785663772792,0.625000000000001,0.615000000000001
0,success,1,-0.1649999999999997,2.6125699535330034,0.1432534162966718,13.822334672134449,4.477316390451204,20,40.79940358158155,33.27785663772792,0.625000000000001,0.615000000000001
0,success,1,-0.1549999999999997,2.482636768828567,0.182682691075703,15.295599820386292,5.104615185651804,20,40.79940358158155,33.27785663772792,0.625000000000001,0.615000000000001
0,success,1,-0.14499999999999968,2.424030587527824,0.2101093313104784,16.488521131652842,5.4568418667227,20,40.79940358158155,33.27785663772792,0.625000000000001,0.615000000000001
0,success,1,-0.13499999999999968,2.6080693313369507,0.14388081138221628,17.255249910532036,5.516773298316252,20,40.79940358158155,33.27785663772792,0.625000000000001,0.615000000000001
0,success,1,-0.12499999999999967,4.179096534666393,0.18019565574629423,17.51420159766241,5.362143971926099,20,40.79940358158155,33.27785663772792,0.625000000000001,0.615000000000001
0,success,1,-0.11499999999999966,7.470532841040717,0.2752451864964535,17.37032755059508,5.108944213340002,20,40.79940358158155,33.27785663772792,0.625000000000001,0.615000000000001
0,success,1,-0.10499999999999965,8.042355522673027,0.4311131650772809,17.122564558170854,4.8607790389144645,20,40.79940358158155,33.27785663772792,0.625000000000001,0.615000000000001
0,success,1,-0.09499999999999964,7.469576675060134,0.2751909043917164,17.10863472039349,4.683329955646481,20,40.79940358158155,33.27785663772792,0.625000000000001,0.615000000000001
0,success,1,-0.08499999999999963,6.904572751220594,0.39016440328825375,17.500131855602497,4.571558457309983,20,40.79940358158155,33.27785663772792,0.625000000000001,0.615000000000001
0,success,1,-0.07499999999999962,7.421787195995158,0.27654170811204487,18.22677441185664,4.433353755343117,20,40.79940358158155,33.27785663772792,0.625000000000001,0.615000000000001
0,success,1,-0.06499999999999961,10.864274748926602,0.3031761677230419,19.107426160140342,4.170586331159346,20,40.79940358158155,33.27785663772792,0.625000000000001,0.615000000000001
0,success,1,-0.05499999999999961,14.92057245416117,0.394342722613445,20.036580292224613,3.824353572718357,20,40.79940358158155,33.27785663772792,0.625000000000001,0.615000000000001
0,success,1,-0.0449999999999996,17.478411189128302,0.4446885580748316,21.039672274292574,3.628025539228263,20,40.79940358158155,33.27785663772792,0.625000000000001,0.615000000000001
0,success,1,-0.034999999999999594,18.62786347793687,0.9378485314256578,22.156442515202098,3.810388262355799,20,40.79940358158155,33.27785663772792,0.625000000000001,0.615000000000001
0,success,1,-0.02499999999999958,19.23252669457381,1.2320681960702937,23.306635739663285,4.306198413810501,20,40.79940358158155,33.27785663772792,0.625000000000001,0.615000000000001
0,success,1,-0.014999999999999573,18.646075125867196,1.3644753358775703,24.2720394554728,4.836860617111855,20,40.79940358158155,33.27785663772792,0.625000000000001,0.615000000000001
0,success,1,-0.004999999999999565,18.632390653122773,1.5680952059687427,24.781219868597752,5.168041515731159,20,40.79940358158155,33.27785663772792,0.625000000000001,0.615000000000001
0,success,1,0.005000000000000444,19.633623659609878,1.7641841049646476,24.633425484380652,5.203148408058973,20,40.79940358158155,33.27785663772792,0.625000000000001,0.615000000000001
0,success,1,0.015000000000000454,20.305587179100726,1.9814820673408293,23.8067048384006,4.95313534138597,20,40.79940358158155,33.27785663772792,0.625000000000001,0.615000000000001
0,success,1,0.025000000000000463,20.253555317004704,2.1381885159771152,22.506965896006584,4.483673823382344,20,40.79940358158155,33.27785663772792,0.625000000000001,0.615000000000001
0,success,1,0.03500000000000047,20.16481022826092,2.1778683674150225,21.111298519311053,3.928629330117384,20,40.79940358158155,33.27785663772792,0.625000000000001,0.615000000000001
0,success,1,0.04500000000000048,17.940502398546673,0.785886997508424,20.011186778903454,3.535192745720985,20,40.79940358158155,33.27785663772792,0.625000000000001,0.615000000000001
0,success,1,0.055000000000000486,16.19165694748659,0.32244687175738995,19.43419326192999,3.530219219713125,20,40.79940358158155,33.27785663772792,0.625000000000001,0.615000000000001
0,success,1,0.0650000000000005,12.106250891637382,1.0246368103552648,19.339670739707522,3.8180707918529464,20,40.79940358158155,33.27785663772792,0.625000000000001,0.615000000000001
0,success,1,0.07500000000000051,15.005215346889836,1.0902322519473917,19.48127848603651,4.06880040941199,20,40.79940358158155,33.27785663772792,0.625000000000001,0.615000000000001
0,success,1,0.08500000000000052,17.787709509025618,1.7532005670767106,19.603341684573827,4.059425972480742,20,40.79940358158155,33.27785663772792,0.625000000000001,0.615000000000001
0,success,1,0.09500000000000053,19.74142331537927,2.7109076729536206,19.64508146572625,3.7911368967201344,20,40.79940358158155,33.27785663772792,0.625000000000001,0.615000000000001
0,success,1,0.10500000000000054,24.342583904999838,3.448727510377415,19.78682642966658,3.4466177400263103,20,40.79940358158155,33.27785663772792,0.625000000000001,0.615000000000001
0,success,1,0.11500000000000055,25.63276093924196,4.1116732205042235,20.318066575026904,3.277476476586296,20,40.79940358158155,33.27785663772792,0.625000000000001,0.615000000000001
0,success,1,0.12500000000000056,28.794528909505658,4.238999994609479,21.443248959825567,3.4388493642394526,20,40.79940358158155,33.27785663772792,0.625000000000001,0.615000000000001
0,success,1,0.13500000000000056,29.247376570372705,4.2346272191128485,23.164065172328748,3.9128759748787023,20,40.79940358158155,33.27785663772792,0.625000000000001,0.615000000000001
0,success,1,0.14500000000000057,30.77153517311702,3.7951653630738216,25.26430667157202,4.583531050563776,20,40.79940358158155,33.27785663772792,0.625000000000001,0.615000000000001
0,success,1,0.15500000000000058,30.726003020594458,3.5141152832373947,27.375648345261748,5.283237170629555,20,40.79940358158155,33.27785663772792,0.625000000000001,0.615000000000001
0,success,1,0.1650000000000006,31.08402632979649,3.3741981398056544,29.074067323095232,5.823900779338321,20,40.79940358158155,33.27785663772792,0.625000000000001,0.615000000000001
0,success,1,0.1750000000000006,30.76539557697681,3.385882493333717,29.994304479199336,6.0501852180696245,20,40.79940358158155,33.27785663772792,0.625000000000001,0.615000000000001
0,success,1,0.1850000000000006,30.500680509743397,3.3673152787720046,29.92827800914707,5.871132902959803,20,40.79940358158155,33.27785663772792,0.625000000000001,0.615000000000001
0,success,1,0.19500000000000062,31.009453381890882,3.218235009167202,28.904229788873216,5.294683705053272,20,40.79940358158155,33.27785663772792,0.625000000000001,0.615000000000001
0,success,1,0.20500000000000063,32.599484934801936,2.8880394351781447,27.222860635757996,4.500089766569473,20,40.79940358158155,33.27785663772792,0.625000000000001,0.615000000000001
0,success,1,0.21500000000000064,33.62320037218365,3.4682303736725775,25.39380400027247,3.892247406764773,20,40.79940358158155,33.27785663772792,0.625000000000001,0.615000000000001
0,success,1,0.22500000000000064,29.256211236138494,3.6903029979145217,23.945902458363456,3.8672062787964854,20,40.79940358158155,33.27785663772792,0.625000000000001,0.615000000000001
0,success,1,0.23500000000000065,27.410851408934782,3.570995599103387,23.20743929903213,4.292702777559463,20,40.79940358158155,33.27785663772792,0.625000000000001,0.615000000000001
0,success,1,0.24500000000000066,26.238630949221015,3.1690203786573052,23.204733302817274,4.726104135557664,20,40.79940358158155,33.27785663772792,0.625000000000001,0.615000000000001
0,success,1,0.25500000000000067,25.44960780025546,2.4315484133981866,23.73424952386952,4.920459313002959,20,40.79940358158155,33.27785663772792,0.625000000000001,0.615000000000001
0,success,1,0.2650000000000007,24.926705422656422,1.5352690313108002,24.513567424348896,4.85360252369718,20,40.79940358158155,33.27785663772792,0.625000000000001,0.615000000000001
0,success,1,0.2750000000000007,25.05173315453166,0.867661004740682,25.29258685691949,4.617809013801214,20,40.79940358158155,33.27785663772792,0.625000000000001,0.615000000000001
0,success,1,0.2850000000000007,25.606235565572906,1.2493973471678268,25.89515373361881,4.34328596591901,20,40.79940358158155,33.27785663772792,0.625000000000001,0.615000000000001
0,success,1,0.2950000000000007,26.761635051796695,1.838506013970603,26.240795233336,4.15320656179956,20,40.79940358158155,33.27785663772792,0.625000000000001,0.615000000000001
0,success,1,0.3050000000000007,27.666720916013844,2.1921177847305633,26.347485695905895,4.126891860821028,20,40.79940358158155,33.27785663772792,0.625000000000001,0.615000000000001
0,success,1,0.3150000000000007,25.451922460993824,0.852591885758466,26.28746080163163,4.264930416452527,20,40.79940358158155,33.27785663772792,0.625000000000001,0.615000000000001
0,success,1,0.32500000000000073,20.922063683561937,0.5918236507727498,26.0895381063093,4.509884112697323,20,40.79940358158155,33.27785663772792,0.625000000000001,0.615000000000001
0,success,1,0.33500000000000074,19.347157392132864,0.5313850704723371,25.67532430798612,4.785510987856593,20,40.79940358158155,33.27785663772792,0.625000000000001,0.615000000000001
0,success,1,0.34500000000000075,19.219696087721328,0.5265182056982834,24.9024572615281,4.998842842809927,20,40.79940358158155,33.27785663772792,0.625000000000001,0.615000000000001
0,success,1,0.35500000000000076,15.144018068621708,0.5146469766557471,23.67461456502295,5.067483563336981,20,40.79940358158155,33.27785663772792,0.625000000000001,0.615000000000001
0,success,1,0.36500000000000077,13.626717101620079,0.6683848731831203,22.028998753879954,4.951892523629343,20,40.79940358158155,33.27785663772792,0.625000000000001,0.615000000000001
0,success,1,0.3750000000000008,13.423156523491695,0.6001447146377084,20.177130348083345,4.648596356267879,20,40.79940358158155,33.27785663772792,0.625000000000001,0.615000000000001
0,success,1,0.3850000000000008,13.449145517967654,0.5952731598806472,18.492564132448887,4.203513939903562,20,40.79940358158155,33.27785663772792,0.625000000000001,0.615000000000001
0,success,1,0.3950000000000008,9.529417675328164,0.9416666724795234,17.4292362701221,3.751260956077029,20,40.79940358158155,33.27785663772792,0.625000000000001,0.615000000000001
0,success,1,0.4050000000000008,9.856375507558022,0.9115159392485901,17.336840663106305,3.4785373387293603,20,40.79940358158155,33.27785663772792,0.625000000000001,0.615000000000001
0,success,1,0.4150000000000008,14.37984964544361,0.561828142800782,18.249979149128315,3.5013389012381144,20,40.79940358158155,33.27785663772792,0.625000000000001,0.615000000000001
0,success,1,0.4250000000000008,17.19062285321963,0.31176418143326395,19.813671460984626,3.7760337438041054,20,40.79940358158155,33.27785663772792,0.625000000000001,0.615000000000001
0,success,1,0.43500000000000083,18.180406198881336,0.49320035998196615,21.42745740723269,4.126294507330871,20,40.79940358158155,33.27785663772792,0.625000000000001,0.615000000000001
0,success,1,0.44500000000000084,18.915739876872188,0.8878483339476625,22.529993172660923,4.358132205396591,20,40.79940358158155,33.27785663772792,0.625000000000001,0.615000000000001
0,success,1,0.45500000000000085,19.28318736702522,1.1152320488958463,22.846016409120615,4.38685539024999,20,40.79940358158155,33.27785663772792,0.625000000000001,0.615000000000001
0,success,1,0.46500000000000086,19.201861127990604,1.1050656309232094,22.47830744742344,4.283451471371292,20,40.79940358158155,33.27785663772792,0.625000000000001,0.615000000000001
0,success,1,0.47500000000000087,18.5110099722561,0.7221511985156872,21.833494506667037,4.190488645227368,20,40.79940358158155,33.27785663772792,0.625000000000001,0.615000000000001
0,success,1,0.4850000000000009,17.768513421734433,0.46217630709979557,21.424151647191263,4.194612581463828,20,40.79940358158155,33.27785663772792,0.625000000000001,0.615000000000001
0,success,1,0.4950000000000009,17.419437359211592,0.3134505458822388,21.600507150046667,4.290837741343381,20,40.79940358158155,33.27785663772792,0.625000000000001,0.615000000000001
0,success,1,0.5050000000000009,15.286776580643494,1.0241437601640542,22.332812533395543,4.421660604271776,20,40.79940358158155,33.27785663772792,0.625000000000001,0.615000000000001
0,success,1,0.5150000000000009,16.11031534271323,0.7186547558000773,23.21967045506177,4.495352429211812,20,40.79940358158155,33.27785663772792,0.625000000000001,0.615000000000001
0,success,1,0.5250000000000009,17.598288692622923,0.33899754238959773,23.778061213075198,4.401077410985468,20,40.79940358158155,33.27785663772792,0.625000000000001,0.615000000000001
0,success,1,0.5350000000000009,18.888013980937693,0.3570379675860751,23.83158403426615,4.066593089253633,20,40.79940358158155,33.27785663772792,0.625000000000001,0.615000000000001
0,success,1,0.5450000000000009,19.96395091981819,0.39753599831401876,23.68459013736967,3.54153964628885,20,40.79940358158155,33.27785663772792,0.625000000000001,0.615000000000001
0,success,1,0.5550000000000009,21.437560530570412,0.5200991005310338,23.91406653216912,3.04114278543337,20,40.79940358158155,33.27785663772792,0.625000000000001,0.615000000000001
0,success,1,0.565000000000001,23.996070824630195,0.6338189747874814,24.96222094592778,2.85737788448949,20,40.79940358158155,33.27785663772792,0.625000000000001,0.615000000000001
0,success,1,0.575000000000001,24.229184882259844,0.7143514989332171,26.839547451431468,3.0830598957156963,20,40.79940358158155,33.27785663772792,0.625000000000001,0.615000000000001
0,success,1,0.585000000000001,25.234502133575866,0.717419196646368,29.12692352219392,3.524342028876015,20,40.79940358158155,33.27785663772792,0.625000000000001,0.615000000000001
0,success,1,0.595000000000001,25.399815412463802,0.6745860146958652,31.230742822382894,3.941699152886566,20,40.79940358158155,33.27785663772792,0.625000000000001,0.615000000000001
0,success,1,0.605000000000001,29.379154440361212,0.9886281455682254,32.68103501062426,4.189826466037883,20,40.79940358158155,33.27785663772792,0.625000000000001,0.615000000000001
0,success,1,0.615000000000001,31.537972134809827,1.4316035079538558,33.27785663772792,4.252941531825222,20,40.79940358158155,33.27785663772792,0.625000000000001,0.615000000000001
0,success,1,0.625000000000001,40.79940358158155,2.8636669724569623,33.02844014823451,4.201017900046436,20,40.79940358158155,33.27785663772792,0.625000000000001,0.615000000000001
0,success,1,0.635000000000001,35.65959126998878,1.925323613428262,32.00058178204439,4.07077323022029,20,40.79940358158155,33.27785663772792,0.625000000000001,0.615000000000001
0,success,1,0.645000000000001,30.405239745539223,1.12353301466437,30.299995698906468,3.852315720268852,20,40.79940358158155,33.27785663772792,0.625000000000001,0.615000000000001
0,success,1,0.655000000000001,27.981913485722533,0.8243605178731466,28.179989733388442,3.6154265605302163,20,40.79940358158155,33.27785663772792,0.625000000000001,0.615000000000001
0,success,1,0.665000000000001,22.99746287035022,0.4396095468830868,26.120447028665847,3.4934389014875427,20,40.79940358158155,33.27785663772792,0.625000000000001,0.615000000000001
0,success,1,0.675000000000001,20.60148938224183,0.5038128582713883,24.69972151971542,3.5100007876735106,20,40.79940358158155,33.27785663772792,0.625000000000001,0.615000000000001
0,success,1,0.685000000000001,18.43803245399368,1.023099894098845,24.322081252537057,3.6223986174875686,20,40.79940358158155,33.27785663772792,0.625000000000001,0.615000000000001
0,success,1,0.6950000000000011,20.13535009412342,1.1030586777761842,25.001068611098948,3.888218964262811,20,40.79940358158155,33.27785663772792,0.625000000000001,0.615000000000001
0,success,1,0.7050000000000011,20.71175944060846,1.1099477290634705,26.359033179501687,4.378831340488996,20,40.79940358158155,33.27785663772792,0.625000000000001,0.615000000000001
0,success,1,0.7150000000000011,20.418007735848843,0.8244865870459247,27.84789203413434,5.026600593008631,20,40.79940358158155,33.27785663772792,0.625000000000001,0.615000000000001
0,success,1,0.7250000000000011,20.65999624084076,0.684847545628859,29.041916138209473,5.695108318083128,20,40.79940358158155,33.27785663772792,0.625000000000001,0.615000000000001
0,success,1,0.7350000000000011,24.331831589794813,0.616798361218244,29.803750646220454,6.303402904828066,20,40.79940358158155,33.27785663772792,0.625000000000001,0.615000000000001
0,success,1,0.7450000000000011,27.64472122363144,1.0589903297778474,30.246421686532482,6.824242052531951,20,40.79940358158155,33.27785663772792,0.625000000000001,0.615000000000001
0,success,1,0.7550000000000011,32.74416469603493,2.452758334652894,30.55920513149067,7.231629844312456,20,40.79940358158155,33.27785663772792,0.625000000000001,0.615000000000001
0,success,1,0.7650000000000011,29.5106530932,2.586769903953584,30.867450426405135,7.488271468502399,20,40.79940358158155,33.27785663772792,0.625000000000001,0.615000000000001
0,success,1,0.7750000000000011,27.259125517799077,3.0631650180622714,31.180950050463917,7.552174063031679,20,40.79940358158155,33.27785663772792,0.625000000000001,0.615000000000001
0,success,1,0.7850000000000011,27.29093124354203,3.435226644069112,31.3890405749283,7.386728737502786,20,40.79940358158155,33.27785663772792,0.625000000000001,0.615000000000001
0,success,1,0.7950000000000012,26.409175020171027,3.7189627051685483,31.265258235728595,6.988710284180322,20,40.79940358158155,33.27785663772792,0.625000000000001,0.615000000000001
0,success,1,0.8050000000000012,25.60238057483081,3.8062170766126835,30.525091579959593,6.4204285764390905,20,40.79940358158155,33.27785663772792,0.625000000000001,0.615000000000001
0,success,1,0.8150000000000012,25.476093978407715,3.5890301389171477,28.98734168735699,5.806010494080871,20,40.79940358158155,33.27785663772792,0.625000000000001,0.615000000000001
0,success,1,0.8250000000000012,27.74635539710032,4.058093628142452,26.77507915433113,5.282364812999973,20,40.79940358158155,33.27785663772792,0.625000000000001,0.615000000000001
0,success,1,0.8350000000000012,26.473099449878436,3.833231544585893,24.381358937077586,4.9642399852982555,20,40.79940358158155,33.27785663772792,0.625000000000001,0.615000000000001
0,success,1,0.8450000000000012,23.95812576979307,3.92136179398932,22.504905591833502,4.94401379745715,20,40.79940358158155,33.27785663772792,0.625000000000001,0.615000000000001
0,success,1,0.8550000000000012,19.812195974664032,4.487109090710145,21.725857026106052,5.256978271684907,20,40.79940358158155,33.27785663772792,0.625000000000001,0.615000000000001
0,success,1,0.8650000000000012,20.427186260305525,4.821338552955362,22.23541281840094,5.829058165342831,20,40.79940358158155,33.27785663772792,0.625000000000001,0.615000000000001
0,success,1,0.8750000000000012,22.0323649971845,5.248336904300778,23.764638881229228,6.501638116119382,20,40.79940358158155,33.27785663772792,0.625000000000001,0.615000000000001
0,success,1,0.8850000000000012,23.640062219394597,5.673934600084024,25.74479312829262,7.099949953142679,20,40.79940358158155,33.27785663772792,0.625000000000001,0.615000000000001
0,success,1,0.8950000000000012,26.64622962483407,6.2158124996579565,27.565984362059755,7.481531727821928,20,40.79940358158155,33.27785663772792,0.625000000000001,0.615000000000001
0,success,1,0.9050000000000012,27.28151670978582,6.215928695036264,28.78674867305814,7.568926973488259,20,40.79940358158155,33.27785663772792,0.625000000000001,0.615000000000001
0,success,1,0.9150000000000013,27.873327777842896,5.856186052389628,29.208746749087265,7.373917845683603,20,40.79940358158155,33.27785663772792,0.625000000000001,0.615000000000001
0,success,1,0.9250000000000013,27.641586847244163,5.360272158870643,28.834734553858958,6.992710286197556,20,40.79940358158155,33.27785663772792,0.625000000000001,0.615000000000001
0,success,1,0.9350000000000013,27.037189646631372,4.91716558293461,27.794263092013022,6.54634761802653,20,40.79940358158155,33.27785663772792,0.625000000000001,0.615000000000001
0,success,1,0.9450000000000013,26.21242028497981,4.631095552086718,26.282510714002587,6.10246463999442,20,40.79940358158155,33.27785663772792,0.625000000000001,0.615000000000001
0,success,1,0.9550000000000013,25.673013721095383,4.380227637572677,24.517279432752012,5.666235430091366,20,40.79940358158155,33.27785663772792,0.625000000000001,0.615000000000001
0,success,1,0.9650000000000013,25.579353374237453,4.0938326756696135,22.718559478923545,5.258068518038755,20,40.79940358158155,33.27785663772792,0.625000000000001,0.615000000000001
0,success,1,0.9750000000000013,25.515043339804475,3.8621413583906596,21.10431495547692,4.9647743069639185,20,40.79940358158155,33.27785663772792,0.625000000000001,0.615000000000001
0,success,1,0.9850000000000013,24.637052577946584,3.8739657479850886,19.881599357906964,4.85325460285354,20,40.79940358158155,33.27785663772792,0.625000000000001,0.615000000000001
0,success,1,0.9950000000000013,19.222220094124303,4.857581550749435,19.222220094124303,4.857581550749435,20,40.79940358158155,33.27785663772792,0.625000000000001,0.615000000000001
0,success,2,-0.495,0.5315564084363202,0.36718706777914906,0.5315564084363202,0.36718706777914906,20,25.149193800552972,24.044712147701553,0.3150000000000007,0.32500000000000073
0,success,2,-0.485,0.7816917569008475,0.5270013824152727,0.78496854634607,0.5267772662892325,20,25.149193800552972,24.044712147701553,0.3150000000000007,0.32500000000000073
0,success,2,-0.475,1.2559318316726462,0.8422746180296011,1.27027160904108,0.841346347937448,20,25.149193800552972,24.044712147701553,0.3150000000000007,0.32500000000000073
0,success,2,-0.46499999999999997,1.8914829781109659,1.2952672829823777,1.9347815965246042,1.2928409283318645,20,25.149193800552972,24.044712147701553,0.3150000000000007,0.32500000000000073
0,success,2,-0.45499999999999996,2.5835589772816325,1.8438074032206946,2.6900519599397534,1.8393488076185998,20,25.149193800552972,24.044712147701553,0.3150000000000007,0.32500000000000073
0,success,2,-0.44499999999999995,3.202139968703174,2.3981235553985654,3.422495375605225,2.3931614449160157,20,25.149193800552972,24.044712147701553,0.3150000000000007,0.32500000000000073
0,success,2,-0.43499999999999994,3.6282358197963007,2.8226304629842436,4.015125598625957,2.8231584445324263,20,25.149193800552972,24.044712147701553,0.3150000000000007,0.32500000000000073
0,success,2,-0.42499999999999993,3.795426813670936,2.99773756480722,4.373332097294972,3.0143142617251275,20,25.149193800552972,24.044712147701553,0.3150000000000007,0.32500000000000073
0,success,2,-0.4149999999999999,3.722894282913606,2.91141301017236,4.458228118434958,2.9526340707668894,20,25.149193800552972,24.044712147701553,0.3150000000000007,0.32500000000000073
0,success,2,-0.4049999999999999,3.5151777527537,2.686779401228706,4.3133488161600235,2.7466091933669623,20,25.149193800552972,24.044712147701553,0.3150000000000007,0.32500000000000073
0,success,2,-0.3949999999999999,3.308429798763325,2.496100743047008,4.051247255522884,2.5501615187621036,20,25.149193800552972,24.044712147701553,0.3150000000000007,0.32500000000000073
0,success,2,-0.3849999999999999,3.1839126201725696,2.4380831140099763,3.7899010908906243,2.4657747295942016,20,25.149193800552972,24.044712147701553,0.3150000000000007,0.32500000000000073
0,success,2,-0.3749999999999999,3.112415404848817,2.482381977590563,3.5865182660756423,2.486358308667686,20,25.149193800552972,24.044712147701553,0.3150000000000007,0.32500000000000073
0,success,2,-0.3649999999999999,2.986415474006132,2.486254918378351,3.4407664417021366,2.4789970145389173,20,25.149193800552972,24.044712147701553,0.3150000000000007,0.32500000000000073
0,success,2,-0.35499999999999987,2.7250759104733757,2.299045780378909,3.375063943442213,2.291862108540542,20,25.149193800552972,24.044712147701553,0.3150000000000007,0.32500000000000073
0,success,2,-0.34499999999999986,2.36056179322762,1.8984970160381194,3.4981860846524406,1.9309658281989597,20,25.149193800552972,24.044712147701553,0.3150000000000007,0.32500000000000073
0,success,2,-0.33499999999999985,2.0211089292950275,1.4446237966466626,3.950081463563373,1.6675302565031749,20,25.149193800552972,24.044712147701553,0.3150000000000007,0.32500000000000073
0,success,2,-0.32499999999999984,1.823703384361054,1.226559857627575,4.746014935912326,1.8572158568883739,20,25.149193800552972,24.044712147701553,0.3150000000000007,0.32500000000000073
0,success,2,-0.31499999999999984,1.7766643878864543,1.3390328230400628,5.673455725683472,2.3674759076221363,20,25.149193800552972,24.044712147701553,0.3150000000000007,0.32500000000000073
0,success,2,-0.3049999999999998,1.7822465654354183,1.503416319081601,6.382231777891072,2.814651989055536,20,25.149193800552972,24.044712147701553,0.3150000000000007,0.32500000000000073
0,success,2,-0.2949999999999998,1.7314177957759498,1.4989622857863085,6.634785072112642,2.976105248582434,20,25.149193800552972,24.044712147701553,0.3150000000000007,0.32500000000000073
0,success,2,-0.2849999999999998,1.6010915549289357,1.3015024510192363,6.517144137710792,2.833336542012452,20,25.149193800552972,24.044712147701553,0.3150000000000007,0.32500000000000073
0,success,2,-0.2749999999999998,1.4702783065945622,1.0463272988459171,6.4182608919141675,2.5677303768063853,20,25.149193800552972,24.044712147701553,0.3150000000000007,0.32500000000000073
0,success,2,-0.2649999999999998,1.453634716024493,0.9791867213483314,6.779073093715186,2.472581348904136,20,25.149193800552972,24.044712147701553,0.3150000000000007,0.32500000000000073
0,success,2,-0.2549999999999998,1.6241091865152568,1.205580786862778,7.8065784586148155,2.7069783725533534,20,25.149193800552972,24.044712147701553,0.3150000000000007,0.32500000000000073
0,success,2,-0.24499999999999977,1.9594216251824546,1.5581902465565993,9.361819327959232,3.176365419009388,20,25.149193800552972,24.044712147701553,0.3150000000000007,0.32500000000000073
0,success,2,-0.23499999999999976,2.3831228887162554,1.8735305731588845,11.063765736440214,3.7313037256217907,20,25.149193800552972,24.044712147701553,0.3150000000000007,0.32500000000000073
0,success,2,-0.22499999999999976,2.7946622426784997,2.0456959188112576,12.497473556095125,4.257400176591994,20,25.149193800552972,24.044712147701553,0.3150000000000007,0.32500000000000073
0,success,2,-0.21499999999999975,3.17425813762714,2.0007469729433858,13.384435417351204,4.639420114490319,20,25.149193800552972,24.044712147701553,0.3150000000000007,0.32500000000000073
0,success,2,-0.20499999999999974,3.5885278900046615,1.7215509526936195,13.65807232396852,4.794536646786666,20,25.149193800552972,24.044712147701553,0.3150000000000007,0.32500000000000073
0,success,2,-0.19499999999999973,2.6511784374229856,0.8422385952478624,13.459336835941311,4.748695299494408,20,25.149193800552972,24.044712147701553,0.3150000000000007,0.32500000000000073
0,success,2,-0.18499999999999972,2.0431530848256267,0.7728507963482532,13.075710949109128,4.638088855667297,20,25.149193800552972,24.044712147701553,0.3150000000000007,0.32500000000000073
0,success,2,-0.1749999999999997,1.741520883441145,0.794086955469305,12.81679721598943,4.602190194072703,20,25.149193800552972,24.044712147701553,0.3150000000000007,0.32500000000000073
0,success,2,-0.1649999999999997,1.7286092596373461,0.7815135427965544,12.869547076221403,4.6708613883993895,20,25.149193800552972,24.044712147701553,0.3150000000000007,0.32500000000000073
0,success,2,-0.1549999999999997,1.634760234012776,0.6901351864981475,13.204984581670505,4.77548265403732,20,25.149193800552972,24.044712147701553,0.3150000000000007,0.32500000000000073
0,success,2,-0.14499999999999968,1.4655801949819163,0.5254919301243733,13.604620076861405,4.8568891479896,20,25.149193800552972,24.044712147701553,0.3150000000000007,0.32500000000000073
0,success,2,-0.13499999999999968,1.2707525672018178,0.3361962908618135,13.789262498924028,4.914168213341015,20,25.149193800552972,24.044712147701553,0.3150000000000007,0.32500000000000073
0,success,2,-0.12499999999999967,1.0453443472032213,0.18210711267098403,13.561173901260656,4.941269994170778,20,25.149193800552972,24.044712147701553,0.3150000000000007,0.32500000000000073
0,success,2,-0.11499999999999966,0.9043199913763209,0.09358285658762858,12.877029087455886,4.867440046606743,20,25.149193800552972,24.044712147701553,0.3150000000000007,0.32500000000000073
0,success,2,-0.10499999999999965,0.9338025464239321,0.10816565298510458,11.832623083866348,4.613897265592355,20,25.149193800552972,24.044712147701553,0.3150000000000007,0.32500000000000073
0,success,2,-0.09499999999999964,1.1286647945852752,0.2540899473315529,10.603917619825737,4.1839046819265375,20,25.149193800552972,24.044712147701553,0.3150000000000007,0.32500000000000073
0,success,2,-0.08499999999999963,1.4201233358334908,0.5308411563511348,9.38887132634293,3.6536991965635193,20,25.149193800552972,24.044712147701553,0.3150000000000007,0.32500000000000073
0,success,2,-0.07499999999999962,1.8634091472645593,0.9490361182517705,8.366281662109383,3.092285971759738,20,25.149193800552972,24.044712147701553,0.3150000000000007,0.32500000000000073
0,success,2,-0.06499999999999961,2.4473325500677676,1.4842050786269079,7.654750056236283,2.5513445728324267,20,25.149193800552972,24.044712147701553,0.3150000000000007,0.32500000000000073
0,success,2,-0.05499999999999961,3.0327625270812524,2.0547096284616075,7.2811479627059255,2.1526708971359843,20,25.149193800552972,24.044712147701553,0.3150000000000007,0.32500000000000073
0,success,2,-0.0449999999999996,3.510608693433184,2.520407430312139,7.170126047386139,2.091840763157427,20,25.149193800552972,24.044712147701553,0.3150000000000007,0.32500000000000073
0,success,2,-0.034999999999999594,3.7291153069241467,2.7333644797146546,7.184512187364133,2.3555668988252307,20,25.149193800552972,24.044712147701553,0.3150000000000007,0.32500000000000073
0,success,2,-0.02499999999999958,3.662639894738144,2.604437201552532,7.210363748247289,2.651402653841665,20,25.149193800552972,24.044712147701553,0.3150000000000007,0.32500000000000073
0,success,2,-0.014999999999999573,1.0195706593076452,0.09498242315966662,7.233033899625562,2.7491251169027007,20,25.149193800552972,24.044712147701553,0.3150000000000007,0.32500000000000073
0,success,2,-0.004999999999999565,0.8753764711457495,0.05269702151962414,7.3264846830389825,2.6518328431576665,20,25.149193800552972,24.044712147701553,0.3150000000000007,0.32500000000000073
0,success,2,0.005000000000000444,0.7559966507494603,0.07396815147021879,7.540961555101191,2.5438231263425335,20,25.149193800552972,24.044712147701553,0.3150000000000007,0.32500000000000073
0,success,2,0.015000000000000454,0.729102385936738,0.07896771167077495,7.805525679862285,2.5602802352844107,20,25.149193800552972,24.044712147701553,0.3150000000000007,0.32500000000000073
0,success,2,0.025000000000000463,0.6851181010141416,0.09186850669284491,7.979767011753145,2.621794957105446,20,25.149193800552972,24.044712147701553,0.3150000000000007,0.32500000000000073
0,success,2,0.03500000000000047,0.6827974775495008,0.0922919233450712,8.031332498619443,2.6103886415437403,20,25.149193800552972,24.044712147701553,0.3150000000000007,0.32500000000000073
0,success,2,0.04500000000000048,0.7461574955770789,0.07254477295569708,8.12948078042096,2.577081811865052,20,25.149193800552972,24.044712147701553,0.3150000000000007,0.32500000000000073
0,success,2,0.055000000000000486,0.920166589080465,0.033375171037764634,8.533592231793435,2.699393352365445,20,25.149193800552972,24.044712147701553,0.3150000000000007,0.32500000000000073
0,success,2,0.0650000000000005,1.6739348847218658,0.12366560659063025,9.38475312955514,3.0364248874254147,20,25.149193800552972,24.044712147701553,0.3150000000000007,0.32500000000000073
0,success,2,0.07500000000000051,3.4711246112249974,0.21791191786145842,10.609617375499111,3.429756139155346,20,25.149193800552972,24.044712147701553,0.3150000000000007,0.32500000000000073
0,success,2,0.08500000000000052,4.815831070869281,0.15169402253622072,12.013977087128147,3.6881710557670724,20,25.149193800552972,24.044712147701553,0.3150000000000007,0.32500000000000073
0,success,2,0.09500000000000053,8.41873125209897,0.29251240731526124,13.434372713784521,3.741192245088797,20,25.149193800552972,24.044712147701553,0.3150000000000007,0.32500000000000073
0,success,2,0.10500000000000054,13.52770254094178,0.5859761602064674,14.80481980357946,3.675263590405145,20,25.149193800552972,24.044712147701553,0.3150000000000007,0.32500000000000073
0,success,2,0.11500000000000055,22.34637562433424,3.2268173001305476,16.09842119305889,3.682171626924839,20,25.149193800552972,24.044712147701553,0.3150000000000007,0.32500000000000073
0,success,2,0.12500000000000056,22.532293308420137,3.0940925311945846,17.226862263234327,3.8766057133731953,20,25.149193800552972,24.044712147701553,0.3150000000000007,0.32500000000000073
0,success,2,0.13500000000000056,21.5320298526589,3.122223829507677,17.994431040100686,4.146415661765165,20,25.149193800552972,24.044712147701553,0.3150000000000007,0.32500000000000073
0,success,2,0.14500000000000057,19.25292454424442,3.1909546760606338,18.167409192199056,4.296870675958254,20,25.149193800552972,24.044712147701553,0.3150000000000007,0.32500000000000073
0,success,2,0.15500000000000058,17.403850363734257,2.9416018185047648,17.61875859793835,4.243217754285038,20,25.149193800552972,24.044712147701553,0.3150000000000007,0.32500000000000073
0,success,2,0.1650000000000006,15.793979310797658,2.400227951739646,16.47126948312696,4.013356692832288,20,25.149193800552972,24.044712147701553,0.3150000000000007,0.32500000000000073
0,success,2,0.1750000000000006,14.151983803783642,1.7720539312164743,15.117144617356479,3.6849358041886284,20,25.149193800552972,24.044712147701553,0.3150000000000007,0.32500000000000073
0,success,2,0.1850000000000006,11.804529489127745,1.3382253829731439,14.063611041386881,3.392080750252178,20,25.149193800552972,24.044712147701553,0.3150000000000007,0.32500000000000073
0,success,2,0.19500000000000062,9.812728346839194,1.2654273625527375,13.67151849532488,3.307744882177513,20,25.149193800552972,24.044712147701553,0.3150000000000007,0.32500000000000073
0,success,2,0.20500000000000063,8.986111018069241,1.506191870024499,13.950993102486876,3.465950885422378,20,25.149193800552972,24.044712147701553,0.3150000000000007,0.32500000000000073
0,success,2,0.21500000000000064,10.540905654298097,1.5713858551310194,14.59186309737201,3.670518160243427,20,25.149193800552972,24.044712147701553,0.3150000000000007,0.32500000000000073
0,success,2,0.22500000000000064,13.708984288076778,1.818413279188327,15.203949606999927,3.711703241944188,20,25.149193800552972,24.044712147701553,0.3150000000000007,0.32500000000000073
0,success,2,0.23500000000000065,18.01856500965082,2.167931453771643,15.585451684538231,3.5731907447264777,20,25.149193800552972,24.044712147701553,0.3150000000000007,0.32500000000000073
0,success,2,0.24500000000000066,19.470936138659148,2.671629762464598,15.814191167434975,3.42453593490826,20,25.149193800552972,24.044712147701553,0.3150000000000007,0.32500000000000073
0,success,2,0.25500000000000067,18.906528241974257,2.9388631213792555,16.14209158647676,3.4500498569220612,20,25.149193800552972,24.044712147701553,0.3150000000000007,0.32500000000000073
0,success,2,0.2650000000000007,17.85668604197984,2.8221679874189007,16.820736748925437,3.6816853953772335,20,25.149193800552972,24.044712147701553,0.3150000000000007,0.32500000000000073
0,success,2,0.2750000000000007,18.486627271267754,2.4608264644116566,17.984653797048786,4.027790479953975,20,25.149193800552972,24.044712147701553,0.3150000000000007,0.32500000000000073
0,success,2,0.2850000000000007,20.179683941638793,2.281168844930637,19.601163031199356,4.426915925749495,20,25.149193800552972,24.044712147701553,0.3150000000000007,0.32500000000000073
0,success,2,0.2950000000000007,21.635357449502404,2.750786285467185,21.432486689195645,4.916470132315707,20,25.149193800552972,24.044712147701553,0.3150000000000007,0.32500000000000073
0,success,2,0.3050000000000007,24.594858336545563,3.29753611103007,23.051408864212174,5.520899634049982,20,25.149193800552972,24.044712147701553,0.3150000000000007,0.32500000000000073
0,success,2,0.3150000000000007,25.149193800552972,2.346241597317455,23.995778496087272,6.1057521834755475,20,25.149193800552972,24.044712147701553,0.3150000000000007,0.32500000000000073
0,success,2,0.32500000000000073,21.034551349723237,2.057535861023293,24.044712147701553,6.455930667439329,20,25.149193800552972,24.044712147701553,0.3150000000000007,0.32500000000000073
0,success,2,0.33500000000000074,18.35496529726635,1.4687362868858698,23.377073287965644,6.485692927764031,20,25.149193800552972,24.044712147701553,0.3150000000000007,0.32500000000000073
0,success,2,0.34500000000000075,14.314288342565288,1.0710625330084165,22.423407833991508,6.30532689525862,20,25.149193800552972,24.044712147701553,0.3150000000000007,0.32500000000000073
0,success,2,0.35500000000000076,12.515410293841855,0.5135429016083497,21.521207619974906,6.084714782697905,20,25.149193800552972,24.044712147701553,0.3150000000000007,0.32500000000000073
0,success,2,0.36500000000000077,13.284386669460824,0.5090313418321287,20.69847996537235,5.8982646889271955,20,25.149193800552972,24.044712147701553,0.3150000000000007,0.32500000000000073
0,success,2,0.3750000000000008,14.6537676580598,1.1057205602315217,19.740091779650605,5.718742102137494,20,25.149193800552972,24.044712147701553,0.3150000000000007,0.32500000000000073
0,success,2,0.3850000000000008,13.34488522022482,0.3765008054846335,18.41925077646135,5.488872349613877,20,25.149193800552972,24.044712147701553,0.3150000000000007,0.32500000000000073
0,success,2,0.3950000000000008,11.818372302375375,0.33063987719381227,16.67562843262624,5.1558866799584795,20,25.149193800552972,24.044712147701553,0.3150000000000007,0.32500000000000073
0,success,2,0.4050000000000008,7.9875216597973635,0.1971383886965339,14.664311696744198,4.689221376380137,20,25.149193800552972,24.044712147701553,0.3150000000000007,0.32500000000000073
0,success,2,0.4150000000000008,6.354638254574839,0.4764038842739544,12.717184969728256,4.114431099685313,20,25.149193800552972,24.044712147701553,0.3150000000000007,0.32500000000000073
0,success,2,0.4250000000000008,5.398901853253507,0.6978311397048454,11.23223841925114,3.524533157615764,20,25.149193800552972,24.044712147701553,0.3150000000000007,0.32500000000000073
0,success,2,0.43500000000000083,6.473590012833748,0.4550284847488979,10.525648922038123,3.02948325060204,20,25.149193800552972,24.044712147701553,0.3150000000000007,0.32500000000000073
0,success,2,0.44500000000000084,7.622458873751538,0.3068888010149059,10.695441295402784,2.694977606664812,20,25.149193800552972,24.044712147701553,0.3150000000000007,0.32500000000000073
0,success,2,0.45500000000000085,9.423945643904961,0.3916518294896654,11.582854909321894,2.585219531623324,20,25.149193800552972,24.044712147701553,0.3150000000000007,0.32500000000000073
0,success,2,0.46500000000000086,13.925930646880653,1.5793609903370787,12.856243582188906,2.821664627486188,20,25.149193800552972,24.044712147701553,0.3150000000000007,0.32500000000000073
0,success,2,0.47500000000000087,11.128799469521363,0.7829461579620101,14.153959916771276,3.4473415046023606,20,25.149193800552972,24.044712147701553,0.3150000000000007,0.32500000000000073
0,success,2,0.4850000000000009,8.94212355296936,0.40324221704255975,15.206906854659177,4.276967995692953,20,25.149193800552972,24.044712147701553,0.3150000000000007,0.32500000000000073
0,success,2,0.4950000000000009,7.641731398119828,0.357732643655643,15.893040484710886,4.996680973568698,20,25.149193800552972,24.044712147701553,0.3150000000000007,0.32500000000000073
0,success,2,0.5050000000000009,7.726634981318552,0.3096482133703157,16.224614997972473,5.352448722998349,20,25.149193800552972,24.044712147701553,0.3150000000000007,0.32500000000000073
0,success,2,0.5150000000000009,7.882106365322947,0.26948478345864824,16.284468373809904,5.280222787445566,20,25.149193800552972,24.044712147701553,0.3150000000000007,0.32500000000000073
0,success,2,0.5250000000000009,8.069577413901857,0.32504126138545164,16.139495192940775,4.917965916837167,20,25.149193800552972,24.044712147701553,0.3150000000000007,0.32500000000000073
0,success,2,0.5350000000000009,8.068353581151026,0.32437580172183855,15.787025539172731,4.498970192962921,20,25.149193800552972,24.044712147701553,0.3150000000000007,0.32500000000000073
0,success,2,0.5450000000000009,6.492497935316121,0.29509664181915657,15.190847022269333,4.208274994827944,20,25.149193800552972,24.044712147701553,0.3150000000000007,0.32500000000000073
0,success,2,0.5550000000000009,4.677360228227505,0.18869782163639517,14.36005068252258,4.092987385046036,20,25.149193800552972,24.044712147701553,0.3150000000000007,0.32500000000000073
0,success,2,0.565000000000001,2.9591362628829208,0.26011716008576663,13.366065927264767,4.055682216885729,20,25.149193800552972,24.044712147701553,0.3150000000000007,0.32500000000000073
0,success,2,0.575000000000001,2.6111723702889806,0.28544219225427436,12.283267912461842,3.9411908409133307,20,25.149193800552972,24.044712147701553,0.3150000000000007,0.32500000000000073
0,success,2,0.585000000000001,1.8841298529758306,0.36370641938713094,11.143487949522154,3.670930185302084,20,25.149193800552972,24.044712147701553,0.3150000000000007,0.32500000000000073
0,success,2,0.595000000000001,1.5157681473454054,0.4105025707490041,9.976402711528937,3.300756564781645,20,25.149193800552972,24.044712147701553,0.3150000000000007,0.32500000000000073
0,success,2,0.605000000000001,1.4685070729775864,0.41647553286055283,8.879317036824022,2.9600439746419482,20,25.149193800552972,24.044712147701553,0.3150000000000007,0.32500000000000073
0,success,2,0.615000000000001,1.3101593936129412,0.4381745885743492,8.009280869500852,2.7525982331879155,20,25.149193800552972,24.044712147701553,0.3150000000000007,0.32500000000000073
0,success,2,0.625000000000001,1.4255487749746387,0.4225571960397298,7.50685771867083,2.6894804282169935,20,25.149193800552972,24.044712147701553,0.3150000000000007,0.32500000000000073
0,success,2,0.635000000000001,1.715811232397553,0.3863329132128442,7.442960651014074,2.709570789678109,20,25.149193800552972,24.044712147701553,0.3150000000000007,0.32500000000000073
0,success,2,0.645000000000001,1.799925893253637,0.3762021696417019,7.834395142981988,2.7900754825312175,20,25.149193800552972,24.044712147701553,0.3150000000000007,0.32500000000000073
0,success,2,0.655000000000001,2.42104850462007,0.31889973914658587,8.666089955744969,2.9841724692589877,20,25.149193800552972,24.044712147701553,0.3150000000000007,0.32500000000000073
0,success,2,0.665000000000001,2.42104850462007,0.31889973914658587,9.855623733685253,3.303444407327326,20,25.149193800552972,24.044712147701553,0.3150000000000007,0.32500000000000073
0,success,2,0.675000000000001,2.658428005261833,0.3082484657940995,11.196552282980242,3.6283274916004418,20,25.149193800552972,24.044712147701553,0.3150000000000007,0.32500000000000073
0,success,2,0.685000000000001,2.658428005261833,0.3082484657940995,12.395666120640431,3.8057196862645517,20,25.149193800552972,24.044712147701553,0.3150000000000007,0.32500000000000073
0,success,2,0.6950000000000011,3.708777765487772,0.3177778181017647,13.224591716995562,3.806345986632403,20,25.149193800552972,24.044712147701553,0.3150000000000007,0.32500000000000073
0,success,2,0.7050000000000011,5.713736527179275,0.5071155257617669,13.685722972124825,3.7529804945441843,20,25.149193800552972,24.044712147701553,0.3150000000000007,0.32500000000000073
0,success,2,0.7150000000000011,6.366398847778781,0.5432568154828039,14.031435760490274,3.756416804924245,20,25.149193800552972,24.044712147701553,0.3150000000000007,0.32500000000000073
0,success,2,0.7250000000000011,7.984296858111532,0.7874967551834174,14.605477454502903,3.7863338662791373,20,25.149193800552972,24.044712147701553,0.3150000000000007,0.32500000000000073
0,success,2,0.7350000000000011,9.464995569969446,0.9410239679898765,15.614645399020622,3.810501663777403,20,25.149193800552972,24.044712147701553,0.3150000000000007,0.32500000000000073
0,success,2,0.7450000000000011,14.204189485170037,2.61092985895373,16.989789386517902,3.93058420799228,20,25.149193800552972,24.044712147701553,0.3150000000000007,0.32500000000000073
0,success,2,0.7550000000000011,13.911919661170767,2.7219743374422904,18.41112992912656,4.273180496007575,20,25.149193800552972,24.044712147701553,0.3150000000000007,0.32500000000000073
0,success,2,0.7650000000000011,13.540912715947735,2.3476003385919437,19.493443491850964,4.83019822028731,20,25.149193800552972,24.044712147701553,0.3150000000000007,0.32500000000000073
0,success,2,0.7750000000000011,11.223055633345039,2.303183247878327,20.01585882945119,5.4551878457158285,20,25.149193800552972,24.044712147701553,0.3150000000000007,0.32500000000000073
0,success,2,0.7850000000000011,8.655401470513798,2.2249600344068914,20.024628889945255,5.950721605354146,20,25.149193800552972,24.044712147701553,0.3150000000000007,0.32500000000000073
0,success,2,0.7950000000000012,7.048980454668973,2.015785425466692,19.7203652997756,6.175420325359032,20,25.149193800552972,24.044712147701553,0.3150000000000007,0.32500000000000073
0,success,2,0.8050000000000012,6.686554838358657,1.6762550061273196,19.227200998548316,6.0974898534726085,20,25.149193800552972,24.044712147701553,0.3150000000000007,0.32500000000000073
0,success,2,0.8150000000000012,5.650728956791609,1.4881317914842513,18.4761469223204,5.75106787766346,20,25.149193800552972,24.044712147701553,0.3150000000000007,0.32500000000000073
0,success,2,0.8250000000000012,5.210707869014586,1.45350642835698,17.314499416554277,5.199499544356217,20,25.149193800552972,24.044712147701553,0.3150000000000007,0.32500000000000073
0,success,2,0.8350000000000012,5.264492315180902,1.5078726635481656,15.72132932410714,4.567607863222307,20,25.149193800552972,24.044712147701553,0.3150000000000007,0.32500000000000073
0,success,2,0.8450000000000012,5.716581627142541,1.5296916321405565,13.913769869392501,4.005874432859274,20,25.149193800552972,24.044712147701553,0.3150000000000007,0.32500000000000073
0,success,2,0.8550000000000012,6.347706717190089,1.4474672458215374,12.270609781005307,3.548116675311347,20,25.149193800552972,24.044712147701553,0.3150000000000007,0.32500000000000073
0,success,2,0.8650000000000012,6.8251894725133635,1.283457054358967,11.15966260843328,3.109498657032189,20,25.149193800552972,24.044712147701553,0.3150000000000007,0.32500000000000073
0,success,2,0.8750000000000012,6.646024792668807,1.1268965217678044,10.790978917860578,2.6720600642118435,20,25.149193800552972,24.044712147701553,0.3150000000000007,0.32500000000000073
0,success,2,0.8850000000000012,8.71060330211798,1.1348558321575517,11.139153323061759,2.3628259480644287,20,25.149193800552972,24.044712147701553,0.3150000000000007,0.32500000000000073
0,success,2,0.8950000000000012,12.323917910626431,2.143781096366318,11.950932616726849,2.3040671961237003,20,25.149193800552972,24.044712147701553,0.3150000000000007,0.32500000000000073
0,success,2,0.9050000000000012,10.97135205499121,1.8599580895130117,12.845866673656555,2.433138390556051,20,25.149193800552972,24.044712147701553,0.3150000000000007,0.32500000000000073
0,success,2,0.9150000000000013,10.66334875086644,1.6725925271456614,13.472467584324713,2.600212039854774,20,25.149193800552972,24.044712147701553,0.3150000000000007,0.32500000000000073
0,success,2,0.9250000000000013,10.517439942256686,1.734321465486007,13.632159809970313,2.7405518842350243,20,25.149193800552972,24.044712147701553,0.3150000000000007,0.32500000000000073
0,success,2,0.9350000000000013,10.196945462732671,1.9869257152199296,13.299422497901498,2.86160237570034,20,25.149193800552972,24.044712147701553,0.3150000000000007,0.32500000000000073
0,success,2,0.9450000000000013,10.517530696659765,2.2821035621244405,12.564275076613285,2.9527297126533343,20,25.149193800552972,24.044712147701553,0.3150000000000007,0.32500000000000073
0,success,2,0.9550000000000013,9.61060712046025,2.582482524832271,11.567692080805895,2.974052569824998,20,25.149193800552972,24.044712147701553,0.3150000000000007,0.32500000000000073
0,success,2,0.9650000000000013,8.864539298543598,2.7809085440982124,10.481198374757268,2.9327072828421024,20,25.149193800552972,24.044712147701553,0.3150000000000007,0.32500000000000073
0,success,2,0.9750000000000013,8.540049369496021,2.881211277095541,9.487843879793711,2.910963056079885,20,25.149193800552972,24.044712147701553,0.3150000000000007,0.32500000000000073
0,success,2,0.9850000000000013,8.410220668627995,2.970971847085735,8.747403244133535,2.9686563124323104,20,25.149193800552972,24.044712147701553,0.3150000000000007,0.32500000000000073
0,success,2,0.9950000000000013,8.358141863551635,3.046764989762327,8.358141863551635,3.046764989762327,20,25.149193800552972,24.044712147701553,0.3150000000000007,0.32500000000000073
135,success,0,-0.495,0.10352149057550779,0.09654701087102821,0.10396760185925424,0.09650808630002014,13,19.39699059176154,12.639879713691785,0.22500000000000064,0.22500000000000064
135,success,0,-0.485,0.10352149057550779,0.09654701087102821,0.19790815477104792,0.17921427751523655,13,19.39699059176154,12.639879713691785,0.22500000000000064,0.22500000000000064
135,success,0,-0.475,0.10352149057550779,0.09654701087102821,0.4061171750496166,0.3538910134613257,13,19.39699059176154,12.639879713691785,0.22500000000000064,0.22500000000000064
135,success,0,-0.46499999999999997,0.10352149057550779,0.09654701087102821,0.7487838999086818,0.615730069541066,13,19.39699059176154,12.639879713691785,0.22500000000000064,0.22500000000000064
135,success,0,-0.45499999999999996,0.10352149057550779,0.09654701087102821,1.2211778613325406,0.9204426710408249,13,19.39699059176154,12.639879713691785,0.22500000000000064,0.22500000000000064
135,success,0,-0.44499999999999995,0.10352149057550779,0.09654701087102821,1.7813945372936135,1.1908700733706186,13,19.39699059176154,12.639879713691785,0.22500000000000064,0.22500000000000064
135,success,0,-0.43499999999999994,0.10352149057550779,0.09654701087102821,2.3632263768546453,1.3753273029757587,13,19.39699059176154,12.639879713691785,0.22500000000000064,0.22500000000000064
135,success,0,-0.42499999999999993,0.10352149057550779,0.09654701087102821,2.895370193829802,1.5106783089057687,13,19.39699059176154,12.639879713691785,0.22500000000000064,0.22500000000000064
135,success,0,-0.4149999999999999,0.10352149057550779,0.09654701087102821,3.3175045995148076,1.6765966180914371,13,19.39699059176154,12.639879713691785,0.22500000000000064,0.22500000000000064
135,success,0,-0.4049999999999999,0.10753649212922595,0.09618991597314554,3.597636249216061,1.854772004055345,13,19.39699059176154,12.639879713691785,0.22500000000000064,0.22500000000000064
135,success,0,-0.3949999999999999,0.1195839844701732,0.09514728991610731,3.768093225504309,1.9526198793793703,13,19.39699059176154,12.639879713691785,0.22500000000000064,0.22500000000000064
135,success,0,-0.3849999999999999,0.1727717292632457,0.09083456626682508,3.93899292935609,1.9712041397247255,13,19.39699059176154,12.639879713691785,0.22500000000000064,0.22500000000000064
135,success,0,-0.3749999999999999,0.3448001655766894,0.0791454625573125,4.255357545900712,2.0597723849422436,13,19.39699059176154,12.639879713691785,0.22500000000000064,0.22500000000000064
135,success,0,-0.3649999999999999,0.894744146138217,0.1325988409941249,4.815310045934392,2.3347848806555835,13,19.39699059176154,12.639879713691785,0.22500000000000064,0.22500000000000064
135,success,0,-0.35499999999999987,2.1265188550820997,0.23791827486510186,5.630353856351177,2.701040316600012,13,19.39699059176154,12.639879713691785,0.22500000000000064,0.22500000000000064
135,success,0,-0.34499999999999986,2.650007038886118,0.4484549181416569,6.641962921127391,2.996960013650979,13,19.39699059176154,12.639879713691785,0.22500000000000064,0.22500000000000064
135,success,0,-0.33499999999999985,2.9683662135434177,0.7522250415031358,7.739449434235843,3.163777169915467,13,19.39699059176154,12.639879713691785,0.22500000000000064,0.22500000000000064
135,success,0,-0.32499999999999984,3.258280093538685,1.0293861621984026,8.743657155797804,3.23808054621347,13,19.39699059176154,12.639879713691785,0.22500000000000064,0.22500000000000064
135,success,0,-0.31499999999999984,3.0509635583784447,0.831161192486237,9.423516692250411,3.2711508378045324,13,19.39699059176154,12.639879713691785,0.22500000000000064,0.22500000000000064
135,success,0,-0.3049999999999998,2.857960247301604,0.6467681540002467,9.61216914030088,3.2877586758987842,13,19.39699059176154,12.639879713691785,0.22500000000000064,0.22500000000000064
135,success,0,-0.2949999999999998,2.8243458299299373,0.6146775143950134,9.352667947555721,3.2947543704845588,13,19.39699059176154,12.639879713691785,0.22500000000000064,0.22500000000000064
135,success,0,-0.2849999999999998,4.0571311783546715,1.7937539383437369,8.9270458737443,3.2966130254255472,13,19.39699059176154,12.639879713691785,0.22500000000000064,0.22500000000000064
135,success,0,-0.2749999999999998,3.412315142856079,1.176724188810818,8.704135689770652,3.3328737893537634,13,19.39699059176154,12.639879713691785,0.22500000000000064,0.22500000000000064
135,success,0,-0.2649999999999998,2.8559205260502214,0.6448206321366768,8.920228228997978,3.49646880950412,13,19.39699059176154,12.639879713691785,0.22500000000000064,0.22500000000000064
135,success,0,-0.2549999999999998,2.4546009858913895,0.26319212269268544,9.550025515384286,3.8217319510813152,13,19.39699059176154,12.639879713691785,0.22500000000000064,0.22500000000000064
135,success,0,-0.24499999999999977,2.2106581167170476,0.054083006955197944,10.342576816566286,4.181070442145774,13,19.39699059176154,12.639879713691785,0.22500000000000064,0.22500000000000064
135,success,0,-0.23499999999999976,2.2106581167170476,0.054083006955197944,10.978787227585897,4.396205605960486,13,19.39699059176154,12.639879713691785,0.22500000000000064,0.22500000000000064
135,success,0,-0.22499999999999976,2.2106581167170476,0.054083006955197944,11.241434844493234,4.397116874417659,13,19.39699059176154,12.639879713691785,0.22500000000000064,0.22500000000000064
135,success,0,-0.21499999999999975,2.2106581167170476,0.054083006955197944,11.10132573674364,4.2714782011720684,13,19.39699059176154,12.639879713691785,0.22500000000000064,0.22500000000000064
135,success,0,-0.20499999999999974,2.2106581167170476,0.054083006955197944,10.66918281583928,4.185489048820103,13,19.39699059176154,12.639879713691785,0.22500000000000064,0.22500000000000064
135,success,0,-0.19499999999999973,2.085302253136588,0.10615034605171882,10.068468867403407,4.193594621167712,13,19.39699059176154,12.639879713691785,0.22500000000000064,0.22500000000000064
135,success,0,-0.18499999999999972,2.085302253136588,0.10615034605171882,9.344522656332748,4.1586715279303235,13,19.39699059176154,12.639879713691785,0.22500000000000064,0.22500000000000064
135,success,0,-0.1749999999999997,2.085302253136588,0.10615034605171882,8.495804656498002,3.9283207311285424,13,19.39699059176154,12.639879713691785,0.22500000000000064,0.22500000000000064
135,success,0,-0.1649999999999997,2.0306839797517164,0.15464047492779245,7.552880949768606,3.487209836632491,13,19.39699059176154,12.639879713691785,0.22500000000000064,0.22500000000000064
135,success,0,-0.1549999999999997,2.002704908301561,0.18030554847667246,6.608304860194404,2.9282397023876316,13,19.39699059176154,12.639879713691785,0.22500000000000064,0.22500000000000064
135,success,0,-0.14499999999999968,2.0042985182691972,0.17883489277981574,5.774891433737324,2.3636706800102534,13,19.39699059176154,12.639879713691785,0.22500000000000064,0.22500000000000064
135,success,0,-0.13499999999999968,2.010205945294982,0.1733915594781311,5.13863215595877,1.8913314310048568,13,19.39699059176154,12.639879713691785,0.22500000000000064,0.22500000000000064
135,success,0,-0.12499999999999967,2.0286442585003335,0.15649878452001284,4.73387209300344,1.5985358482811904,13,19.39699059176154,12.639879713691785,0.22500000000000064,0.22500000000000064
135,success,0,-0.11499999999999966,2.077355104859421,0.11299516398992425,4.539451749333787,1.5374505005929804,13,19.39699059176154,12.639879713691785,0.22500000000000064,0.22500000000000064
135,success,0,-0.10499999999999965,2.077355104859421,0.11299516398992425,4.4846591832186045,1.6397275527533395,13,19.39699059176154,12.639879713691785,0.22500000000000064,0.22500000000000064
135,success,0,-0.09499999999999964,2.077355104859421,0.11299516398992425,4.500082335317015,1.755919724624826,13,19.39699059176154,12.639879713691785,0.22500000000000064,0.22500000000000064
135,success,0,-0.08499999999999963,2.077355104859421,0.11299516398992425,4.600767672678685,1.8402071148667678,13,19.39699059176154,12.639879713691785,0.22500000000000064,0.22500000000000064
135,success,0,-0.07499999999999962,2.1842726552345284,0.04782533662490799,4.929556710354599,2.0012121442894393,13,19.39699059176154,12.639879713691785,0.22500000000000064,0.22500000000000064
135,success,0,-0.06499999999999961,2.1842726552345284,0.04782533662490799,5.690114809111474,2.3422148400782254,13,19.39699059176154,12.639879713691785,0.22500000000000064,0.22500000000000064
135,success,0,-0.05499999999999961,2.1842726552345284,0.04782533662490799,6.986699352665703,2.841803233665411,13,19.39699059176154,12.639879713691785,0.22500000000000064,0.22500000000000064
135,success,0,-0.0449999999999996,2.1842726552345284,0.04782533662490799,8.680437456541595,3.4128930144134846,13,19.39699059176154,12.639879713691785,0.22500000000000064,0.22500000000000064
135,success,0,-0.034999999999999594,2.1842726552345284,0.04782533662490799,10.37551960671533,3.932786747309315,13,19.39699059176154,12.639879713691785,0.22500000000000064,0.22500000000000064
135,success,0,-0.02499999999999958,2.966272378520505,0.2975889663601961,11.564736422533057,4.248411675607265,13,19.39699059176154,12.639879713691785,0.22500000000000064,0.22500000000000064
135,success,0,-0.014999999999999573,4.185986689298385,0.7980510762595717,11.863362681920806,4.235316608341264,13,19.39699059176154,12.639879713691785,0.22500000000000064,0.22500000000000064
135,success,0,-0.004999999999999565,5.874113202076251,1.5078836735607897,11.185547079486826,3.8711821013468515,13,19.39699059176154,12.639879713691785,0.22500000000000064,0.22500000000000064
135,success,0,0.005000000000000444,4.252689737579078,0.8257372133086126,9.777657999022205,3.2682739298828323,13,19.39699059176154,12.639879713691785,0.22500000000000064,0.22500000000000064
135,success,0,0.015000000000000454,2.990618118751641,0.3084951212111168,8.116558071983507,2.639970461577271,13,19.39699059176154,12.639879713691785,0.22500000000000064,0.22500000000000064
135,success,0,0.025000000000000463,2.4028676843266386,0.17006654134157828,6.736306897515308,2.207752654368761,13,19.39699059176154,12.639879713691785,0.22500000000000064,0.22500000000000064
135,success,0,0.03500000000000047,1.8723802765148803,0.16671824613128572,6.043394544733986,2.080406016449557,13,19.39699059176154,12.639879713691785,0.22500000000000064,0.22500000000000064
135,success,0,0.04500000000000048,1.7334934983146415,0.23416553864702713,6.1800120601204585,2.2156746104320786,13,19.39699059176154,12.639879713691785,0.22500000000000064,0.22500000000000064
135,success,0,0.055000000000000486,1.7020781876459756,0.2502272376112564,6.973647805141752,2.515461710262164,13,19.39699059176154,12.639879713691785,0.22500000000000064,0.22500000000000064
135,success,0,0.0650000000000005,1.6529358747309975,0.24632348374485283,8.022923735173737,2.885543306651191,13,19.39699059176154,12.639879713691785,0.22500000000000064,0.22500000000000064
135,success,0,0.07500000000000051,1.7977300799570204,0.18414185567929964,8.895341237106178,3.217012133129371,13,19.39699059176154,12.639879713691785,0.22500000000000064,0.22500000000000064
135,success,0,0.08500000000000052,2.223339658645054,0.03360924086173836,9.334426999546729,3.382566453090762,13,19.39699059176154,12.639879713691785,0.22500000000000064,0.22500000000000064
135,success,0,0.09500000000000053,4.623949186440604,0.09575607303706596,9.346976141154007,3.3007923001920574,13,19.39699059176154,12.639879713691785,0.22500000000000064,0.22500000000000064
135,success,0,0.10500000000000054,4.623949186440604,0.09575607303706596,9.135370751906555,3.0198585112715204,13,19.39699059176154,12.639879713691785,0.22500000000000064,0.22500000000000064
135,success,0,0.11500000000000055,5.179063759532622,0.34679082616560863,8.932532418141623,2.7090963972448034,13,19.39699059176154,12.639879713691785,0.22500000000000064,0.22500000000000064
135,success,0,0.12500000000000056,5.572073130747781,0.6195745077150407,8.87163723537706,2.5277707944357126,13,19.39699059176154,12.639879713691785,0.22500000000000064,0.22500000000000064
135,success,0,0.13500000000000056,5.661774593154356,0.8095458278500918,8.960069347428101,2.524189361774237,13,19.39699059176154,12.639879713691785,0.22500000000000064,0.22500000000000064
135,success,0,0.14500000000000057,5.179509870816369,0.3470684716043726,9.128097354158568,2.6854837658309676,13,19.39699059176154,12.639879713691785,0.22500000000000064,0.22500000000000064
135,success,0,0.15500000000000058,4.625988907691987,0.09544351318710846,9.297434546970472,2.961466172621643,13,19.39699059176154,12.639879713691785,0.22500000000000064,0.22500000000000064
135,success,0,0.1650000000000006,4.252801031855085,0.279574182312743,9.447465088823854,3.245237099554347,13,19.39699059176154,12.639879713691785,0.22500000000000064,0.22500000000000064
135,success,0,0.1750000000000006,4.625988907691987,0.09544351318710846,9.661016697410773,3.439710740930738,13,19.39699059176154,12.639879713691785,0.22500000000000064,0.22500000000000064
135,success,0,0.1850000000000006,8.243568033584529,0.232903184588806,10.088847335667241,3.5278420147103557,13,19.39699059176154,12.639879713691785,0.22500000000000064,0.22500000000000064
135,success,0,0.19500000000000062,8.243568033584529,0.232903184588806,10.80170540278393,3.55263711121837,13,19.39699059176154,12.639879713691785,0.22500000000000064,0.22500000000000064
135,success,0,0.20500000000000063,8.419699999466514,0.23137610120242594,11.661076435597733,3.5330739162153626,13,19.39699059176154,12.639879713691785,0.22500000000000064,0.22500000000000064
135,success,0,0.21500000000000064,11.830280034692535,0.3437026629074495,12.360163788758298,3.4201143926260436,13,19.39699059176154,12.639879713691785,0.22500000000000064,0.22500000000000064
135,success,0,0.22500000000000064,19.39699059176154,1.3384162061110116,12.639879713691785,3.1784593875444833,13,19.39699059176154,12.639879713691785,0.22500000000000064,0.22500000000000064
135,success,0,0.23500000000000065,14.580450317652259,0.6482182454702059,12.476610691608123,2.89946405333837,13,19.39699059176154,12.639879713691785,0.22500000000000064,0.22500000000000064
135,success,0,0.24500000000000066,11.963164468890945,0.36605885453660236,12.061865404197063,2.752773781520934,13,19.39699059176154,12.639879713691785,0.22500000000000064,0.22500000000000064
135,success,0,0.25500000000000067,10.67252931180739,0.3763430971661137,11.61332186858356,2.7962190929437885,13,19.39699059176154,12.639879713691785,0.22500000000000064,0.22500000000000064
135,success,0,0.2650000000000007,8.624457258243549,0.32305742417448513,11.207148446541387,2.99739336699603,13,19.39699059176154,12.639879713691785,0.22500000000000064,0.22500000000000064
135,success,0,0.2750000000000007,4.716781884340734,0.109033001322631,10.743957629800613,3.342968421708965,13,19.39699059176154,12.639879713691785,0.22500000000000064,0.22500000000000064
135,success,0,0.2850000000000007,2.2269985245551283,0.03608846343672805,10.043359365761296,3.6946055013169357,13,19.39699059176154,12.639879713691785,0.22500000000000064,0.22500000000000064
135,success,0,0.2950000000000007,2.416769231628345,0.17940274810790907,8.98469058640852,3.78598560210472,13,19.39699059176154,12.639879713691785,0.22500000000000064,0.22500000000000064
135,success,0,0.3050000000000007,2.2269985245551283,0.03608846343672805,7.617054058661316,3.4682560408360312,13,19.39699059176154,12.639879713691785,0.22500000000000064,0.22500000000000064
135,success,0,0.3150000000000007,1.3336757995817023,0.16628879354188555,6.1642426125287395,2.847543685778739,13,19.39699059176154,12.639879713691785,0.22500000000000064,0.22500000000000064
135,success,0,0.32500000000000073,0.9337033436760231,0.24766882249630218,4.913333736510507,2.199906388918456,13,19.39699059176154,12.639879713691785,0.22500000000000064,0.22500000000000064
135,success,0,0.33500000000000074,0.7837110054980797,0.27840530569495886,4.082783530107931,1.7545859608412804,13,19.39699059176154,12.639879713691785,0.22500000000000064,0.22500000000000064
135,success,0,0.34500000000000075,0.9191327362450727,0.2508434381174812,3.7599581981684884,1.5452945734935915,13,19.39699059176154,12.639879713691785,0.22500000000000064,0.22500000000000064
135,success,0,0.35500000000000076,1.2954561181507995,0.17511300179505276,3.9402417772879517,1.5141018563650068,13,19.39699059176154,12.639879713691785,0.22500000000000064,0.22500000000000064
135,success,0,0.36500000000000077,2.14106802520535,0.0325097557395872,4.589577015110543,1.6175949278010555,13,19.39699059176154,12.639879713691785,0.22500000000000064,0.22500000000000064
135,success,0,0.3750000000000008,3.718581091911151,0.3227802723920838,5.67293527896296,1.8053607428783123,13,19.39699059176154,12.639879713691785,0.22500000000000064,0.22500000000000064
135,success,0,0.3850000000000008,3.718581091911151,0.3227802723920838,7.117444809489473,2.0872239297304116,13,19.39699059176154,12.639879713691785,0.22500000000000064,0.22500000000000064
135,success,0,0.3950000000000008,9.538202645451086,1.5842081573452182,8.743730885573163,2.576511292914026,13,19.39699059176154,12.639879713691785,0.22500000000000064,0.22500000000000064
135,success,0,0.4050000000000008,6.3545544011548,0.8858411943065869,10.242065901554747,3.308870285812722,13,19.39699059176154,12.639879713691785,0.22500000000000064,0.22500000000000064
135,success,0,0.4150000000000008,3.815110562061833,0.3531580834669661,11.260033431604413,4.076647089581153,13,19.39699059176154,12.639879713691785,0.22500000000000064,0.22500000000000064
135,success,0,0.4250000000000008,3.339039677764717,0.3142273826974099,11.609231368471242,4.571829404661132,13,19.39699059176154,12.639879713691785,0.22500000000000064,0.22500000000000064
135,success,0,0.43500000000000083,3.339039677764717,0.3142273826974099,11.435967994040432,4.621455632289506,13,19.39699059176154,12.639879713691785,0.22500000000000064,0.22500000000000064
135,success,0,0.44500000000000084,2.1788368741835464,0.0478991748579594,11.173104803655166,4.328774599302807,13,19.39699059176154,12.639879713691785,0.22500000000000064,0.22500000000000064
135,success,0,0.45500000000000085,2.043182216506451,0.11845717533716467,11.23690215483078,4.054433469853928,13,19.39699059176154,12.639879713691785,0.22500000000000064,0.22500000000000064
135,success,0,0.46500000000000086,2.343986663265729,0.09048544596770892,11.680041910572,4.11036580294165,13,19.39699059176154,12.639879713691785,0.22500000000000064,0.22500000000000064
135,success,0,0.47500000000000087,5.79660830984285,2.7630658344605594,12.106231641895407,4.36171738554238,13,19.39699059176154,12.639879713691785,0.22500000000000064,0.22500000000000064
135,success,0,0.4850000000000009,4.826566452173282,2.3283632676486645,11.955266840012024,4.425314786392618,13,19.39699059176154,12.639879713691785,0.22500000000000064,0.22500000000000064
135,success,0,0.4950000000000009,3.8955214474773405,1.7427843442295496,10.933504810660459,4.093258163344197,13,19.39699059176154,12.639879713691785,0.22500000000000064,0.22500000000000064
135,success,0,0.5050000000000009,3.2018945485790495,1.1048807215322665,9.240519191436265,3.4174422201607113,13,19.39699059176154,12.639879713691785,0.22500000000000064,0.22500000000000064
135,success,0,0.5150000000000009,2.6286115831259327,0.5775514631932379,7.425185500773369,2.601956161667001,13,19.39699059176154,12.639879713691785,0.22500000000000064,0.22500000000000064
135,success,0,0.5250000000000009,2.24428933907659,0.2587203663001236,6.028002724297566,1.9252414659187627,13,19.39699059176154,12.639879713691785,0.22500000000000064,0.22500000000000064
135,success,0,0.5350000000000009,2.032303124410408,0.18592738652955393,5.288748601867872,1.6899779019395411,13,19.39699059176154,12.639879713691785,0.22500000000000064,0.22500000000000064
135,success,0,0.5450000000000009,0.9102372319966748,0.10752379222146931,5.08767025659366,1.890561355674775,13,19.39699059176154,12.639879713691785,0.22500000000000064,0.22500000000000064
135,success,0,0.5550000000000009,0.9102372319966748,0.10752379222146931,5.111625923738074,2.200502255812926,13,19.39699059176154,12.639879713691785,0.22500000000000064,0.22500000000000064
135,success,0,0.565000000000001,0.5182119243681627,0.08420946528246254,5.080489433724659,2.4184561855832505,13,19.39699059176154,12.639879713691785,0.22500000000000064,0.22500000000000064
135,success,0,0.575000000000001,0.43855124452097144,0.08686428642056675,4.881247426382223,2.4881055672530317,13,19.39699059176154,12.639879713691785,0.22500000000000064,0.22500000000000064
135,success,0,0.585000000000001,0.42398063709002104,0.08890569969922922,4.560498524241338,2.4268395581251845,13,19.39699059176154,12.639879713691785,0.22500000000000064,0.22500000000000064
135,success,0,0.595000000000001,0.42398063709002104,0.08890569969922922,4.240344372428704,2.2917824097833996,13,19.39699059176154,12.639879713691785,0.22500000000000064,0.22500000000000064
135,success,0,0.605000000000001,0.42398063709002104,0.08890569969922922,4.038844332428032,2.1309084434024355,13,19.39699059176154,12.639879713691785,0.22500000000000064,0.22500000000000064
135,success,0,0.615000000000001,0.3670720875063294,0.09824500160932076,4.0248341425780785,1.9830902951312028,13,19.39699059176154,12.639879713691785,0.22500000000000064,0.22500000000000064
135,success,0,0.625000000000001,0.31960093457169164,0.10779755453869468,4.193930630668549,1.928132946617833,13,19.39699059176154,12.639879713691785,0.22500000000000064,0.22500000000000064
135,success,0,0.635000000000001,0.3486919584168662,0.10145524631532006,4.4649040700148666,2.026742594877797,13,19.39699059176154,12.639879713691785,0.22500000000000064,0.22500000000000064
135,success,0,0.645000000000001,0.3486919584168662,0.10145524631532006,4.716409540643034,2.21234280666997,13,19.39699059176154,12.639879713691785,0.22500000000000064,0.22500000000000064
135,success,0,0.655000000000001,0.4529682993394461,0.08386383579599412,4.861590616751062,2.344742153011063,13,19.39699059176154,12.639879713691785,0.22500000000000064,0.22500000000000064
135,success,0,0.665000000000001,0.7837665191571591,0.08320967318786456,4.920785530544506,2.303018035004612,13,19.39699059176154,12.639879713691785,0.22500000000000064,0.22500000000000064
135,success,0,0.675000000000001,0.9939682886883555,0.17132679933419742,5.041862439017877,2.0544185479948185,13,19.39699059176154,12.639879713691785,0.22500000000000064,0.22500000000000064
135,success,0,0.685000000000001,1.3735097028347891,0.4038741506106964,5.425008890567881,1.769474877941071,13,19.39699059176154,12.639879713691785,0.22500000000000064,0.22500000000000064
135,success,0,0.6950000000000011,1.3550713896294375,0.40825706385237226,6.161796484549122,1.8751368230145926,13,19.39699059176154,12.639879713691785,0.22500000000000064,0.22500000000000064
135,success,0,0.7050000000000011,0.9696225484572195,0.18067815610089757,7.090007834453008,2.4985818339874246,13,19.39699059176154,12.639879713691785,0.22500000000000064,0.22500000000000064
135,success,0,0.7150000000000011,0.9680289384895833,0.18137793794027088,7.815976865617146,3.2360680734020386,13,19.39699059176154,12.639879713691785,0.22500000000000064,0.22500000000000064
135,success,0,0.7250000000000011,0.9675828272058368,0.1815756468903701,7.943315918614405,3.7035799403266414,13,19.39699059176154,12.639879713691785,0.22500000000000064,0.22500000000000064
135,success,0,0.7350000000000011,0.9675828272058368,0.1815756468903701,7.350108567277091,3.6867634455286447,13,19.39699059176154,12.639879713691785,0.22500000000000064,0.22500000000000064
135,success,0,0.7450000000000011,0.9675828272058368,0.1815756468903701,6.2855329844049885,3.186126339686438,13,19.39699059176154,12.639879713691785,0.22500000000000064,0.22500000000000064
135,success,0,0.7550000000000011,0.9675828272058368,0.1815756468903701,5.209384257874854,2.4383108885768796,13,19.39699059176154,12.639879713691785,0.22500000000000064,0.22500000000000064
135,success,0,0.7650000000000011,0.9675828272058368,0.1815756468903701,4.519186007317707,1.8439597656572984,13,19.39699059176154,12.639879713691785,0.22500000000000064,0.22500000000000064
135,success,0,0.7750000000000011,0.756934946390894,0.09800921973331671,4.371297352741176,1.7319489225295834,13,19.39699059176154,12.639879713691785,0.22500000000000064,0.22500000000000064
135,success,0,0.7850000000000011,0.756934946390894,0.09800921973331671,4.67806177828966,1.9981068305720575,13,19.39699059176154,12.639879713691785,0.22500000000000064,0.22500000000000064
135,success,0,0.7950000000000012,0.756934946390894,0.09800921973331671,5.211060329184773,2.3520021120170176,13,19.39699059176154,12.639879713691785,0.22500000000000064,0.22500000000000064
135,success,0,0.8050000000000012,0.756934946390894,0.09800921973331671,5.726642263308155,2.619962778692579,13,19.39699059176154,12.639879713691785,0.22500000000000064,0.22500000000000064
135,success,0,0.8150000000000012,0.756934946390894,0.09800921973331671,6.074721100772222,2.725662671760104,13,19.39699059176154,12.639879713691785,0.22500000000000064,0.22500000000000064
135,success,0,0.8250000000000012,0.756934946390894,0.09800921973331671,6.266196343765807,2.6988989451094807,13,19.39699059176154,12.639879713691785,0.22500000000000064,0.22500000000000064
135,success,0,0.8350000000000012,1.2840007597119971,0.23396568670962045,6.44057599633195,2.665351308578201,13,19.39699059176154,12.639879713691785,0.22500000000000064,0.22500000000000064
135,success,0,0.8450000000000012,1.2840007597119971,0.23396568670962045,6.7176871715942115,2.7276201560271844,13,19.39699059176154,12.639879713691785,0.22500000000000064,0.22500000000000064
135,success,0,0.8550000000000012,3.955530241151824,1.387658369954492,7.049843790790951,2.819472746191785,13,19.39699059176154,12.639879713691785,0.22500000000000064,0.22500000000000064
135,success,0,0.8650000000000012,3.7513698133348785,1.5450593815928984,7.218381535872923,2.7749673111816224,13,19.39699059176154,12.639879713691785,0.22500000000000064,0.22500000000000064
135,success,0,0.8750000000000012,3.4268948552679475,1.5712147424830922,6.998483393549922,2.524173529797371,13,19.39699059176154,12.639879713691785,0.22500000000000064,0.22500000000000064
135,success,0,0.8850000000000012,3.008845180719486,1.3861297643636565,6.336297095807979,2.1559902060245824,13,19.39699059176154,12.639879713691785,0.22500000000000064,0.22500000000000064
135,success,0,0.8950000000000012,2.4978713681845197,1.0949162908950067,5.398893248705327,1.8133706471730837,13,19.39699059176154,12.639879713691785,0.22500000000000064,0.22500000000000064
135,success,0,0.9050000000000012,2.1306419617165138,0.8589996097827916,4.479268582546279,1.552307048408665,13,19.39699059176154,12.639879713691785,0.22500000000000064,0.22500000000000064
135,success,0,0.9150000000000013,2.2162341556552647,0.8869734986618327,3.8585077399848458,1.3809524164294962,13,19.39699059176154,12.639879713691785,0.22500000000000064,0.22500000000000064
135,success,0,0.9250000000000013,2.577894440508514,1.2371764236421154,3.6996487942119756,1.4155564619730618,13,19.39699059176154,12.639879713691785,0.22500000000000064,0.22500000000000064
135,success,0,0.9350000000000013,3.2448276387873762,1.7321242484436614,4.0005067429990175,1.7303870791859401,13,19.39699059176154,12.639879713691785,0.22500000000000064,0.22500000000000064
135,success,0,0.9450000000000013,4.188189551623641,2.2125371481847953,4.611718630595457,2.174146621065869,13,19.39699059176154,12.639879713691785,0.22500000000000064,0.22500000000000064
135,success,0,0.9550000000000013,5.113217543553508,2.6333698142720467,5.312565755679716,2.6066288209347905,13,19.39699059176154,12.639879713691785,0.22500000000000064,0.22500000000000064
135,success,0,0.9650000000000013,5.8310938827916345,3.039140658374472,5.910313172524038,3.027291365624994,13,19.39699059176154,12.639879713691785,0.22500000000000064,0.22500000000000064
135,success,0,0.9750000000000013,6.28281768794897,3.483775958810202,6.308757038147744,3.4799670974493133,13,19.39699059176154,12.639879713691785,0.22500000000000064,0.22500000000000064
135,success,0,0.9850000000000013,6.508507799878472,3.915830553791353,6.514415226904256,3.9150191705196784,13,19.39699059176154,12.639879713691785,0.22500000000000064,0.22500000000000064
135,success,0,0.9950000000000013,6.590191126895455,4.190833684614592,6.590191126895455,4.190833684614592,13,19.39699059176154,12.639879713691785,0.22500000000000064,0.22500000000000064
135,success,1,-0.495,5.427019342738948,3.304650912138019,5.427019342738948,3.304650912138019,13,34.215211925104946,33.354112976204796,0.2750000000000007,0.2750000000000007
135,success,1,-0.485,5.517273076563561,3.415621598587994,5.740733190112209,3.4043422330323634,13,34.215211925104946,33.354112976204796,0.2750000000000007,0.2750000000000007
135,success,1,-0.475,5.606860643608382,3.58023724554881,6.306162563991219,3.5689182456310458,13,34.215211925104946,33.354112976204796,0.2750000000000007,0.2750000000000007
135,success,1,-0.46499999999999997,5.604378453968605,3.662335225009487,7.070978148088639,3.707695353862118,13,34.215211925104946,33.354112976204796,0.2750000000000007,0.2750000000000007
135,success,1,-0.45499999999999996,5.472527145053647,3.534495228042768,8.0528594742115,3.786383718790943,13,34.215211925104946,33.354112976204796,0.2750000000000007,0.2750000000000007
135,success,1,-0.44499999999999995,5.090446305023085,3.1584233404778,9.311755961231183,3.9493304614242115,13,34.215211925104946,33.354112976204796,0.2750000000000007,0.2750000000000007
135,success,1,-0.43499999999999994,4.707952751769863,2.6885080109417445,10.867292682072552,4.400174097748649,13,34.215211925104946,33.354112976204796,0.2750000000000007,0.2750000000000007
135,success,1,-0.42499999999999993,4.768692913174938,2.291293990206373,12.620386662956259,5.117434149915487,13,34.215211925104946,33.354112976204796,0.2750000000000007,0.2750000000000007
135,success,1,-0.4149999999999999,5.530460417060552,2.064386060384831,14.352803573187094,5.868417745845692,13,34.215211925104946,33.354112976204796,0.2750000000000007,0.2750000000000007
135,success,1,-0.4049999999999999,7.544151990988027,1.8065710230185579,15.792245629100796,6.422666726882353,13,34.215211925104946,33.354112976204796,0.2750000000000007,0.2750000000000007
135,success,1,-0.3949999999999999,11.147409846705363,1.3762741842065185,16.741861808338182,6.624411753538076,13,34.215211925104946,33.354112976204796,0.2750000000000007,0.2750000000000007
135,success,1,-0.3849999999999999,15.013436969428035,1.0197936965257386,17.222482428535894,6.40055219826665,13,34.215211925104946,33.354112976204796,0.2750000000000007,0.2750000000000007
135,success,1,-0.3749999999999999,15.797120154679213,0.8277738630040382,17.552615441891874,5.84227500538362,13,34.215211925104946,33.354112976204796,0.2750000000000007,0.2750000000000007
135,success,1,-0.3649999999999999,17.097286270338802,0.8470191926921135,18.2476942621149,5.2579517496797115,13,34.215211925104946,33.354112976204796,0.2750000000000007,0.2750000000000007
135,success,1,-0.35499999999999987,20.131376381053094,1.023036445165318,19.722736451604508,4.988770719346119,13,34.215211925104946,33.354112976204796,0.2750000000000007,0.2750000000000007
135,success,1,-0.34499999999999986,23.233872329535156,1.5926262658778387,21.973512888867603,5.093658918285221,13,34.215211925104946,33.354112976204796,0.2750000000000007,0.2750000000000007
135,success,1,-0.33499999999999985,25.295287480654654,2.423234401152742,24.506403351961026,5.425111457018261,13,34.215211925104946,33.354112976204796,0.2750000000000007,0.2750000000000007
135,success,1,-0.32499999999999984,27.384504581957298,3.408207071621665,26.616736593083544,5.9386069132419435,13,34.215211925104946,33.354112976204796,0.2750000000000007,0.2750000000000007
135,success,1,-0.31499999999999984,29.305525808378814,3.307036044503682,27.81076399730476,6.687329268444693,13,34.215211925104946,33.354112976204796,0.2750000000000007,0.2750000000000007
135,success,1,-0.3049999999999998,25.042445233866456,2.1812081142926782,28.035212756810537,7.651031180336538,13,34.215211925104946,33.354112976204796,0.2750000000000007,0.2750000000000007
135,success,1,-0.2949999999999998,20.009108584870756,1.1708106044055318,27.56341909274983,8.688400007314856,13,34.215211925104946,33.354112976204796,0.2750000000000007,0.2750000000000007
135,success,1,-0.2849999999999998,14.550242023427367,0.5190487439279544,26.69510804076917,9.599398922677024,13,34.215211925104946,33.354112976204796,0.2750000000000007,0.2750000000000007
135,success,1,-0.2749999999999998,9.562951787366055,0.5620564067844502,25.565401777022814,10.203626733636689,13,34.215211925104946,33.354112976204796,0.2750000000000007,0.2750000000000007
135,success,1,-0.2649999999999998,6.943555821424809,0.9760058736796443,24.192822717894398,10.383075731610035,13,34.215211925104946,33.354112976204796,0.2750000000000007,0.2750000000000007
135,success,1,-0.2549999999999998,6.52018801127264,1.0651041140976596,22.62871896115078,10.081068803348662,13,34.215211925104946,33.354112976204796,0.2750000000000007,0.2750000000000007
135,success,1,-0.24499999999999977,6.52018801127264,1.0651041140976596,21.008018223149932,9.323737368661607,13,34.215211925104946,33.354112976204796,0.2750000000000007,0.2750000000000007
135,success,1,-0.23499999999999976,5.563138844092837,1.2625198550238208,19.452042576245997,8.254167075138549,13,34.215211925104946,33.354112976204796,0.2750000000000007,0.2750000000000007
135,success,1,-0.22499999999999976,5.052044877338772,1.3825346812346513,17.987071662805395,7.096379466853947,13,34.215211925104946,33.354112976204796,0.2750000000000007,0.2750000000000007
135,success,1,-0.21499999999999975,5.812064590454571,1.2149438393974648,16.615906709540795,6.065861688915091,13,34.215211925104946,33.354112976204796,0.2750000000000007,0.2750000000000007
135,success,1,-0.20499999999999974,6.968234923531732,0.9622273104900483,15.466304572004042,5.321339729893156,13,34.215211925104946,33.354112976204796,0.2750000000000007,0.2750000000000007
135,success,1,-0.19499999999999973,9.451227125438818,0.5532744755974351,14.81015170611623,4.960299660629587,13,34.215211925104946,33.354112976204796,0.2750000000000007,0.2750000000000007
135,success,1,-0.18499999999999972,9.451227125438818,0.5532744755974351,14.876530036750877,4.964794099057648,13,34.215211925104946,33.354112976204796,0.2750000000000007,0.2750000000000007
135,success,1,-0.1749999999999997,9.451227125438818,0.5532744755974351,15.665246284800597,5.1476902683244115,13,34.215211925104946,33.354112976204796,0.2750000000000007,0.2750000000000007
135,success,1,-0.1649999999999997,9.451227125438818,0.5532744755974351,16.97046388079273,5.265138485829822,13,34.215211925104946,33.354112976204796,0.2750000000000007,0.2750000000000007
135,success,1,-0.1549999999999997,12.237301574248152,0.4085191437860715,18.57433466822054,5.212231823790713,13,34.215211925104946,33.354112976204796,0.2750000000000007,0.2750000000000007
135,success,1,-0.14499999999999968,14.035073575531243,0.41497243407640644,20.355994249384477,5.129592091476078,13,34.215211925104946,33.354112976204796,0.2750000000000007,0.2750000000000007
135,success,1,-0.13499999999999968,14.303631843230137,0.37628156576921085,22.187344253352595,5.335819353848901,13,34.215211925104946,33.354112976204796,0.2750000000000007,0.2750000000000007
135,success,1,-0.12499999999999967,14.755337358848465,0.5355034985381247,23.74686784567686,5.999808505517082,13,34.215211925104946,33.354112976204796,0.2750000000000007,0.2750000000000007
135,success,1,-0.11499999999999966,15.3580616004193,0.8403540752896431,24.517646111598015,6.907902529252606,13,34.215211925104946,33.354112976204796,0.2750000000000007,0.2750000000000007
135,success,1,-0.10499999999999965,14.950668749218167,0.5648534731044699,24.048250788122477,7.709502938970537,13,34.215211925104946,33.354112976204796,0.2750000000000007,0.2750000000000007
135,success,1,-0.09499999999999964,14.289967829898686,0.3749571913294639,22.302219762494293,8.175289453037454,13,34.215211925104946,33.354112976204796,0.2750000000000007,0.2750000000000007
135,success,1,-0.08499999999999963,13.586992806137976,0.5058137734099504,19.794094246449664,8.212352128260969,13,34.215211925104946,33.354112976204796,0.2750000000000007,0.2750000000000007
135,success,1,-0.07499999999999962,12.921728078667224,0.8649417614430785,17.398032854342116,7.804224179338654,13,34.215211925104946,33.354112976204796,0.2750000000000007,0.2750000000000007
135,success,1,-0.06499999999999961,13.220368896405333,0.681860869301191,15.952206557361313,7.013619323124033,13,34.215211925104946,33.354112976204796,0.2750000000000007,0.2750000000000007
135,success,1,-0.05499999999999961,13.520289757857283,0.5391220448047933,15.897906926870412,6.03883289890077,13,34.215211925104946,33.354112976204796,0.2750000000000007,0.2750000000000007
135,success,1,-0.0449999999999996,14.324109877686872,0.37904187354761554,17.099411602987495,5.22239312724307,13,34.215211925104946,33.354112976204796,0.2750000000000007,0.2750000000000007
135,success,1,-0.034999999999999594,16.429990899003165,0.9468841559985322,18.890191165317276,4.859327757644987,13,34.215211925104946,33.354112976204796,0.2750000000000007,0.2750000000000007
135,success,1,-0.02499999999999958,17.877258926724817,1.5143749960009623,20.350697413107433,4.882189872092346,13,34.215211925104946,33.354112976204796,0.2750000000000007,0.2750000000000007
135,success,1,-0.014999999999999573,17.89740538702776,1.4235448865780371,20.738446162281917,4.970379328016968,13,34.215211925104946,33.354112976204796,0.2750000000000007,0.2750000000000007
135,success,1,-0.004999999999999565,16.412940695051145,0.842486452762029,19.86614916806963,4.916776097596917,13,34.215211925104946,33.354112976204796,0.2750000000000007,0.2750000000000007
135,success,1,0.005000000000000444,14.075448821343633,0.39840916412499455,18.163153619226772,4.693093091581195,13,34.215211925104946,33.354112976204796,0.2750000000000007,0.2750000000000007
135,success,1,0.015000000000000454,13.236364456174663,0.4403359889884996,16.37900217552659,4.3641099888265895,13,34.215211925104946,33.354112976204796,0.2750000000000007,0.2750000000000007
135,success,1,0.025000000000000463,11.588412897465027,0.9060908917277029,15.14415842766717,4.0266605143363225,13,34.215211925104946,33.354112976204796,0.2750000000000007,0.2750000000000007
135,success,1,0.03500000000000047,12.306950906177113,0.615172127951726,14.684735591045095,3.7355807217708716,13,34.215211925104946,33.354112976204796,0.2750000000000007,0.2750000000000007
135,success,1,0.04500000000000048,13.312689781832935,0.5462933889261601,14.81045141124352,3.4829594748930286,13,34.215211925104946,33.354112976204796,0.2750000000000007,0.2750000000000007
135,success,1,0.055000000000000486,13.520898539560669,0.5592121917341462,15.109711748071584,3.324357783875357,13,34.215211925104946,33.354112976204796,0.2750000000000007,0.2750000000000007
135,success,1,0.0650000000000005,14.341624615631515,0.966908938589448,15.21265099409741,3.376749070902811,13,34.215211925104946,33.354112976204796,0.2750000000000007,0.2750000000000007
135,success,1,0.07500000000000051,13.122026589641388,0.854082797288567,14.972178931332033,3.613649014110826,13,34.215211925104946,33.354112976204796,0.2750000000000007,0.2750000000000007
135,success,1,0.08500000000000052,10.813760953036786,0.829564933214631,14.468751191342927,3.8738516513597436,13,34.215211925104946,33.354112976204796,0.2750000000000007,0.2750000000000007
135,success,1,0.09500000000000053,7.822472665804685,0.6729001421109119,13.855776740980266,4.025950064204449,13,34.215211925104946,33.354112976204796,0.2750000000000007,0.2750000000000007
135,success,1,0.10500000000000054,7.67503589234999,0.6593716280564097,13.203679609091687,3.9999233801706864,13,34.215211925104946,33.354112976204796,0.2750000000000007,0.2750000000000007
135,success,1,0.11500000000000055,8.124226891057642,0.6429683469506067,12.487788873331295,3.790963644419756,13,34.215211925104946,33.354112976204796,0.2750000000000007,0.2750000000000007
135,success,1,0.12500000000000056,8.619416311848402,0.6694081716035128,11.689498468647143,3.489138726724426,13,34.215211925104946,33.354112976204796,0.2750000000000007,0.2750000000000007
135,success,1,0.13500000000000056,8.168138229330513,0.8816782411458158,10.8853604661145,3.221383468957557,13,34.215211925104946,33.354112976204796,0.2750000000000007,0.2750000000000007
135,success,1,0.14500000000000057,7.133279082736954,1.029427377401107,10.23805746936693,3.016771792387141,13,34.215211925104946,33.354112976204796,0.2750000000000007,0.2750000000000007
135,success,1,0.15500000000000058,5.734376109773174,0.9834528908617559,9.921646465332037,2.860388824621061,13,34.215211925104946,33.354112976204796,0.2750000000000007,0.2750000000000007
135,success,1,0.1650000000000006,4.141776171273543,0.9136323445144069,10.060101437778789,2.899211567552879,13,34.215211925104946,33.354112976204796,0.2750000000000007,0.2750000000000007
135,success,1,0.1750000000000006,4.002332158548222,0.8366846454419642,10.711256238849792,3.3707121543208336,13,34.215211925104946,33.354112976204796,0.2750000000000007,0.2750000000000007
135,success,1,0.1850000000000006,5.710306094468515,0.6161419890842352,11.90503985550153,4.267114123782913,13,34.215211925104946,33.354112976204796,0.2750000000000007,0.2750000000000007
135,success,1,0.19500000000000062,8.979451781233873,0.3366198477553298,13.68560292498322,5.313432445652996,13,34.215211925104946,33.354112976204796,0.2750000000000007,0.2750000000000007
135,success,1,0.20500000000000063,8.979451781233873,0.3366198477553298,16.10837822163561,6.179393797925144,13,34.215211925104946,33.354112976204796,0.2750000000000007,0.2750000000000007
135,success,1,0.21500000000000064,12.375720806220434,0.5748515541446269,19.17433672943017,6.648232836236923,13,34.215211925104946,33.354112976204796,0.2750000000000007,0.2750000000000007
135,success,1,0.22500000000000064,15.387171965804358,0.395198163217343,22.735401649975433,6.7144819342369795,13,34.215211925104946,33.354112976204796,0.2750000000000007,0.2750000000000007
135,success,1,0.23500000000000065,16.65137630061077,0.5390036415707744,26.436042203817404,6.5241425752888285,13,34.215211925104946,33.354112976204796,0.2750000000000007,0.2750000000000007
135,success,1,0.24500000000000066,22.324313616729075,0.7902909079428692,29.750380698259463,6.2161280485283354,13,34.215211925104946,33.354112976204796,0.2750000000000007,0.2750000000000007
135,success,1,0.25500000000000067,27.8284988845349,1.0536127106157398,32.13820931444572,5.889111475089919,13,34.215211925104946,33.354112976204796,0.2750000000000007,0.2750000000000007
135,success,1,0.2650000000000007,34.0063307052336,2.3204234027959405,33.29586031302872,5.664788745676567,13,34.215211925104946,33.354112976204796,0.2750000000000007,0.2750000000000007
135,success,1,0.2750000000000007,34.215211925104946,2.3463213019689144,33.354112976204796,5.60265684800616,13,34.215211925104946,33.354112976204796,0.2750000000000007,0.2750000000000007
135,success,1,0.2850000000000007,29.79073384595721,1.4462361350975423,32.83397673266597,5.6175309433933585,13,34.215211925104946,33.354112976204796,0.2750000000000007,0.2750000000000007
135,success,1,0.2950000000000007,27.179684848018507,0.9671186684550687,32.29668604997352,5.646029902555044,13,34.215211925104946,33.354112976204796,0.2750000000000007,0.2750000000000007
135,success,1,0.3050000000000007,24.490122096666965,0.7973461861030552,31.947261221585833,5.790967525841273,13,34.215211925104946,33.354112976204796,0.2750000000000007,0.2750000000000007
135,success,1,0.3150000000000007,22.551273808172795,0.4542827892976519,31.569328137470475,6.159164015721989,13,34.215211925104946,33.354112976204796,0.2750000000000007,0.2750000000000007
135,success,1,0.32500000000000073,21.49548554202201,0.8691803222866914,30.865483200458232,6.6436308504793455,13,34.215211925104946,33.354112976204796,0.2750000000000007,0.2750000000000007
135,success,1,0.33500000000000074,20.871362776585944,1.3234740963770242,29.864482830774232,7.07121373224832,13,34.215211925104946,33.354112976204796,0.2750000000000007,0.2750000000000007
135,success,1,0.34500000000000075,21.739645718213026,0.9179172562691494,28.969328465934865,7.436045504240907,13,34.215211925104946,33.354112976204796,0.2750000000000007,0.2750000000000007
135,success,1,0.35500000000000076,22.33511606813259,0.47098811326826945,28.61264585336554,7.845911088893019,13,34.215211925104946,33.354112976204796,0.2750000000000007,0.2750000000000007
135,success,1,0.36500000000000077,24.21344978242169,0.8664681315059963,28.853829718864194,8.313112251162744,13,34.215211925104946,33.354112976204796,0.2750000000000007,0.2750000000000007
135,success,1,0.3750000000000008,22.983161824930374,0.4792714713937208,29.28356048728334,8.649599761758727,13,34.215211925104946,33.354112976204796,0.2750000000000007,0.2750000000000007
135,success,1,0.3850000000000008,22.30228702467451,0.44897446560190396,29.30863793197688,8.57610423771066,13,34.215211925104946,33.354112976204796,0.2750000000000007,0.2750000000000007
135,success,1,0.3950000000000008,21.184556841497052,0.5040437822451774,28.55912695924859,7.992462098960108,13,34.215211925104946,33.354112976204796,0.2750000000000007,0.2750000000000007
135,success,1,0.4050000000000008,18.126445788571505,0.6284897939708667,27.104159516234276,7.161591305340567,13,34.215211925104946,33.354112976204796,0.2750000000000007,0.2750000000000007
135,success,1,0.4150000000000008,17.540825003244453,0.5614981204410197,25.322327934479745,6.509050743175704,13,34.215211925104946,33.354112976204796,0.2750000000000007,0.2750000000000007
135,success,1,0.4250000000000008,17.540825003244453,0.5614981204410197,23.589553970400033,6.1138424490404075,13,34.215211925104946,33.354112976204796,0.2750000000000007,0.2750000000000007
135,success,1,0.43500000000000083,17.540825003244453,0.5614981204410197,22.083787398469983,5.674002236917859,13,34.215211925104946,33.354112976204796,0.2750000000000007,0.2750000000000007
135,success,1,0.44500000000000084,17.540825003244453,0.5614981204410197,20.82546346080215,5.089453703120942,13,34.215211925104946,33.354112976204796,0.2750000000000007,0.2750000000000007
135,success,1,0.45500000000000085,15.447593499778863,0.5195410502872454,19.80264168681276,4.7540523728702775,13,34.215211925104946,33.354112976204796,0.2750000000000007,0.2750000000000007
135,success,1,0.46500000000000086,14.49257792065982,0.5561778862816595,19.00036102383425,5.06291790791783,13,34.215211925104946,33.354112976204796,0.2750000000000007,0.2750000000000007
135,success,1,0.47500000000000087,13.537099669472525,0.7051451527543284,18.349022085726098,5.744279965736078,13,34.215211925104946,33.354112976204796,0.2750000000000007,0.2750000000000007
135,success,1,0.4850000000000009,10.22287208277499,1.0942497615080418,17.740818194663635,6.304632235355399,13,34.215211925104946,33.354112976204796,0.2750000000000007,0.2750000000000007
135,success,1,0.4950000000000009,7.683353790324941,1.4935225861706904,17.12417634604052,6.562731874160651,13,34.215211925104946,33.354112976204796,0.2750000000000007,0.2750000000000007
135,success,1,0.5050000000000009,6.6221213888417125,1.6925631856630372,16.555860991267963,6.575193726519266,13,34.215211925104946,33.354112976204796,0.2750000000000007,0.2750000000000007
135,success,1,0.5150000000000009,7.923465700533069,1.4563787273372175,16.13159311502316,6.401264322850253,13,34.215211925104946,33.354112976204796,0.2750000000000007,0.2750000000000007
135,success,1,0.5250000000000009,10.023183326482746,1.1757417909783003,15.907050647587546,5.990302542260005,13,34.215211925104946,33.354112976204796,0.2750000000000007,0.2750000000000007
135,success,1,0.5350000000000009,12.217421437047447,0.9584969040109765,15.916247996569831,5.284692605488419,13,34.215211925104946,33.354112976204796,0.2750000000000007,0.2750000000000007
135,success,1,0.5450000000000009,14.683049532567336,1.2456751429421529,16.22195640514199,4.4365694805090925,13,34.215211925104946,33.354112976204796,0.2750000000000007,0.2750000000000007
135,success,1,0.5550000000000009,16.423188938294786,1.446953436483612,16.873881315711145,3.8602079293246874,13,34.215211925104946,33.354112976204796,0.2750000000000007,0.2750000000000007
135,success,1,0.565000000000001,17.912373946659205,1.904533705444888,17.791958261132777,3.8038550197112855,13,34.215211925104946,33.354112976204796,0.2750000000000007,0.2750000000000007
135,success,1,0.575000000000001,18.96173398015729,2.405464821874931,18.75749122758457,4.015830973772585,13,34.215211925104946,33.354112976204796,0.2750000000000007,0.2750000000000007
135,success,1,0.585000000000001,19.801985339765295,2.7725828263634265,19.569515903616402,4.324959517949106,13,34.215211925104946,33.354112976204796,0.2750000000000007,0.2750000000000007
135,success,1,0.595000000000001,17.748831893407335,1.9277281015309389,20.220553374480172,4.9139198282004015,13,34.215211925104946,33.354112976204796,0.2750000000000007,0.2750000000000007
135,success,1,0.605000000000001,16.062185251764674,1.4733793865588858,20.891584869989458,5.844012157998623,13,34.215211925104946,33.354112976204796,0.2750000000000007,0.2750000000000007
135,success,1,0.615000000000001,14.985300189505837,1.4443864182038895,21.767985308017703,6.820910297743273,13,34.215211925104946,33.354112976204796,0.2750000000000007,0.2750000000000007
135,success,1,0.625000000000001,14.639892355995245,1.5375366040986131,22.86705064495294,7.516426245789688,13,34.215211925104946,33.354112976204796,0.2750000000000007,0.2750000000000007
135,success,1,0.635000000000001,13.598103079646464,1.6074213150623138,24.026365574864556,7.835235507103665,13,34.215211925104946,33.354112976204796,0.2750000000000007,0.2750000000000007
135,success,1,0.645000000000001,12.5253429177897,1.839603965599446,25.030123708253097,7.893428449630743,13,34.215211925104946,33.354112976204796,0.2750000000000007,0.2750000000000007
135,success,1,0.655000000000001,13.68292234364006,1.5815268642578804,25.745182348011856,7.7916154879256565,13,34.215211925104946,33.354112976204796,0.2750000000000007,0.2750000000000007
135,success,1,0.665000000000001,15.475562145656882,1.4270620054792773,26.147564613470752,7.4832518204331695,13,34.215211925104946,33.354112976204796,0.2750000000000007,0.2750000000000007
135,success,1,0.675000000000001,17.293859322043378,1.650596858912668,26.242228382381878,6.965340946695839,13,34.215211925104946,33.354112976204796,0.2750000000000007,0.2750000000000007
135,success,1,0.685000000000001,19.00377814566792,2.1057357205851743,25.975628000083024,6.474943065693455,13,34.215211925104946,33.354112976204796,0.2750000000000007,0.2750000000000007
135,success,1,0.6950000000000011,17.844543451857138,1.7381073507177927,25.253943250777272,6.2724078275701105,13,34.215211925104946,33.354112976204796,0.2750000000000007,0.2750000000000007
135,success,1,0.7050000000000011,17.452398297766162,1.665093608053059,24.066544063208852,6.270138400291968,13,34.215211925104946,33.354112976204796,0.2750000000000007,0.2750000000000007
135,success,1,0.7150000000000011,16.76067840834291,1.5838265596651586,22.60751193414107,6.175854372803596,13,34.215211925104946,33.354112976204796,0.2750000000000007,0.2750000000000007
135,success,1,0.7250000000000011,16.67956505874275,1.5820033036911187,21.30039859295214,5.851022025376636,13,34.215211925104946,33.354112976204796,0.2750000000000007,0.2750000000000007
135,success,1,0.7350000000000011,16.67956505874275,1.5820033036911187,20.68840290850894,5.382158620083008,13,34.215211925104946,33.354112976204796,0.2750000000000007,0.2750000000000007
135,success,1,0.7450000000000011,16.444103889105225,1.6210308108818134,21.20936483786452,5.021930658415243,13,34.215211925104946,33.354112976204796,0.2750000000000007,0.2750000000000007
135,success,1,0.7550000000000011,17.82463896445668,1.6809925742185325,22.90772199446373,5.068251980117236,13,34.215211925104946,33.354112976204796,0.2750000000000007,0.2750000000000007
135,success,1,0.7650000000000011,23.963197815627996,2.60000167592386,25.2382241691579,5.571856159338971,13,34.215211925104946,33.354112976204796,0.2750000000000007,0.2750000000000007
135,success,1,0.7750000000000011,23.676524813385583,2.412533649293347,27.183210256108705,6.233655851817868,13,34.215211925104946,33.354112976204796,0.2750000000000007,0.2750000000000007
135,success,1,0.7850000000000011,24.918551171907367,2.766550911548833,27.71308088592025,6.665082743991171,13,34.215211925104946,33.354112976204796,0.2750000000000007,0.2750000000000007
135,success,1,0.7950000000000012,28.823251570906532,3.317088301222666,26.33920382245105,6.611195534727612,13,34.215211925104946,33.354112976204796,0.2750000000000007,0.2750000000000007
135,success,1,0.8050000000000012,22.955704930787377,2.240256338749051,23.352782227289293,6.038335458183016,13,34.215211925104946,33.354112976204796,0.2750000000000007,0.2750000000000007
135,success,1,0.8150000000000012,18.893354154724268,1.7941505277261904,19.59363765665486,5.123011459303723,13,34.215211925104946,33.354112976204796,0.2750000000000007,0.2750000000000007
135,success,1,0.8250000000000012,16.45370834892577,1.5388612027911206,15.978244383447143,4.152884732745444,13,34.215211925104946,33.354112976204796,0.2750000000000007,0.2750000000000007
135,success,1,0.8350000000000012,14.434291791836516,1.4122294768914638,13.158547748135456,3.394489178095184,13,34.215211925104946,33.354112976204796,0.2750000000000007,0.2750000000000007
135,success,1,0.8450000000000012,11.50282330460267,1.485892214387204,11.46303954441269,2.9973119959723045,13,34.215211925104946,33.354112976204796,0.2750000000000007,0.2750000000000007
135,success,1,0.8550000000000012,11.387274793522053,1.6581015686693004,10.970127535845307,2.963557345389443,13,34.215211925104946,33.354112976204796,0.2750000000000007,0.2750000000000007
135,success,1,0.8650000000000012,10.274599102554411,2.170107204675709,11.537678820142709,3.1429320484677943,13,34.215211925104946,33.354112976204796,0.2750000000000007,0.2750000000000007
135,success,1,0.8750000000000012,11.835162351185746,2.249683782119316,12.800444393240324,3.298422755039205,13,34.215211925104946,33.354112976204796,0.2750000000000007,0.2750000000000007
135,success,1,0.8850000000000012,14.025915814928718,2.2564088656091763,14.26103605974358,3.2906808787355786,13,34.215211925104946,33.354112976204796,0.2750000000000007,0.2750000000000007
135,success,1,0.8950000000000012,15.754137820130579,2.338223143089581,15.483474638053272,3.2120524535334507,13,34.215211925104946,33.354112976204796,0.2750000000000007,0.2750000000000007
135,success,1,0.9050000000000012,18.418782261868586,2.773135328293969,16.26337947001907,3.2945565914547883,13,34.215211925104946,33.354112976204796,0.2750000000000007,0.2750000000000007
135,success,1,0.9150000000000013,17.85388774188704,2.5079818241667153,16.655593641730963,3.6360546219526864,13,34.215211925104946,33.354112976204796,0.2750000000000007,0.2750000000000007
135,success,1,0.9250000000000013,17.94039160189774,2.7373111547420894,16.86049359906737,4.12854290954703,13,34.215211925104946,33.354112976204796,0.2750000000000007,0.2750000000000007
135,success,1,0.9350000000000013,18.095728843627757,3.4456407875499355,17.078458905563977,4.66533146804465,13,34.215211925104946,33.354112976204796,0.2750000000000007,0.2750000000000007
135,success,1,0.9450000000000013,18.684760639518032,4.276855496688698,17.439639987309036,5.265301484260522,13,34.215211925104946,33.354112976204796,0.2750000000000007,0.2750000000000007
135,success,1,0.9550000000000013,19.33933187843621,5.198271398466283,18.015411120608857,5.9952533498742975,13,34.215211925104946,33.354112976204796,0.2750000000000007,0.2750000000000007
135,success,1,0.9650000000000013,20.777792498094264,6.127047179564922,18.825547925902754,6.849620669710455,13,34.215211925104946,33.354112976204796,0.2750000000000007,0.2750000000000007
135,success,1,0.9750000000000013,20.531638085283006,7.391886918826806,19.794257975441493,7.743619782028543,13,34.215211925104946,33.354112976204796,0.2750000000000007,0.2750000000000007
135,success,1,0.9850000000000013,21.120278929684744,8.380995003925817,20.70647521186741,8.529064234157426,13,34.215211925104946,33.354112976204796,0.2750000000000007,0.2750000000000007
135,success,1,0.9950000000000013,21.270391906136002,9.002891174125043,21.270391906136002,9.002891174125043,13,34.215211925104946,33.354112976204796,0.2750000000000007,0.2750000000000007
135,success,2,-0.495,3.309671516548811,2.9605351349689895,3.309671516548811,2.9605351349689895,13,26.52455707620857,24.572700100703656,0.615000000000001,0.1750000000000006
135,success,2,-0.485,3.123335785057099,2.778097751913745,3.294876483042606,2.7706420708088135,13,26.52455707620857,24.572700100703656,0.615000000000001,0.1750000000000006
135,success,2,-0.475,2.819935891029923,2.4879626047715853,3.366023700264588,2.4831464227727755,13,26.52455707620857,24.572700100703656,0.615000000000001,0.1750000000000006
135,success,2,-0.46499999999999997,2.5043761705832197,2.170754593567423,3.6137182726204213,2.230797397161151,13,26.52455707620857,24.572700100703656,0.615000000000001,0.1750000000000006
135,success,2,-0.45499999999999996,2.249817282838942,1.8699222275810397,4.023519069489765,2.1146206714127636,13,26.52455707620857,24.572700100703656,0.615000000000001,0.1750000000000006
135,success,2,-0.44499999999999995,2.1712924957857815,1.6142465764646055,4.522809593746293,2.1243904868528545,13,26.52455707620857,24.572700100703656,0.615000000000001,0.1750000000000006
135,success,2,-0.43499999999999994,2.5158142636056575,1.4679484733100274,5.134527963972718,2.1622530519293806,13,26.52455707620857,24.572700100703656,0.615000000000001,0.1750000000000006
135,success,2,-0.42499999999999993,3.8491999870307123,1.5189826957381847,6.084219767862162,2.2305360499132325,13,26.52455707620857,24.572700100703656,0.615000000000001,0.1750000000000006
135,success,2,-0.4149999999999999,6.573788111662914,1.8378263986710819,7.698146896833453,2.555528907836033,13,26.52455707620857,24.572700100703656,0.615000000000001,0.1750000000000006
135,success,2,-0.4049999999999999,9.978052974641917,2.4657251603489003,10.124433283255724,3.31655383019323,13,26.52455707620857,24.572700100703656,0.615000000000001,0.1750000000000006
135,success,2,-0.3949999999999999,11.048297541926395,3.486009668614284,13.108901630414195,4.332623166688118,13,26.52455707620857,24.572700100703656,0.615000000000001,0.1750000000000006
135,success,2,-0.3849999999999999,12.938431875744158,4.401390501634095,16.05839378536078,5.27497086782611,13,26.52455707620857,24.572700100703656,0.615000000000001,0.1750000000000006
135,success,2,-0.3749999999999999,16.532174269316076,4.85360610086029,18.37745077109382,5.924178943682565,13,26.52455707620857,24.572700100703656,0.615000000000001,0.1750000000000006
135,success,2,-0.3649999999999999,19.73518571705942,4.975584470191716,19.79635836000954,6.260601147843675,13,26.52455707620857,24.572700100703656,0.615000000000001,0.1750000000000006
135,success,2,-0.35499999999999987,16.019593457468087,1.149165355454494,20.419108739193735,6.432377837278992,13,26.52455707620857,24.572700100703656,0.615000000000001,0.1750000000000006
135,success,2,-0.34499999999999986,13.456144638607993,0.8447116350175884,20.50389432233332,6.619277973447004,13,26.52455707620857,24.572700100703656,0.615000000000001,0.1750000000000006
135,success,2,-0.33499999999999985,10.847714533163442,0.5796737394719433,20.224315794096302,6.866765439860193,13,26.52455707620857,24.572700100703656,0.615000000000001,0.1750000000000006
135,success,2,-0.32499999999999984,10.772458839870218,0.5906453391442043,19.613495640973714,7.046342283219011,13,26.52455707620857,24.572700100703656,0.615000000000001,0.1750000000000006
135,success,2,-0.31499999999999984,11.798257655804038,1.033270845935508,18.689122525937968,7.018909251311574,13,26.52455707620857,24.572700100703656,0.615000000000001,0.1750000000000006
135,success,2,-0.3049999999999998,9.311735308283136,1.682709602873844,17.58933041046761,6.800927445946856,13,26.52455707620857,24.572700100703656,0.615000000000001,0.1750000000000006
135,success,2,-0.2949999999999998,8.04931183662738,2.3019457332550974,16.599879054863777,6.542971203004126,13,26.52455707620857,24.572700100703656,0.615000000000001,0.1750000000000006
135,success,2,-0.2849999999999998,8.366077401317044,2.6013170775855987,16.040291081046544,6.374207696979736,13,26.52455707620857,24.572700100703656,0.615000000000001,0.1750000000000006
135,success,2,-0.2749999999999998,8.411449804527601,2.6442709296557854,16.11004240196374,6.331613212253765,13,26.52455707620857,24.572700100703656,0.615000000000001,0.1750000000000006
135,success,2,-0.2649999999999998,8.133892517981591,2.3817851454814045,16.78970058600822,6.439885973560558,13,26.52455707620857,24.572700100703656,0.615000000000001,0.1750000000000006
135,success,2,-0.2549999999999998,7.341908679608213,1.8982163714634972,17.84674459591714,6.760992024234293,13,26.52455707620857,24.572700100703656,0.615000000000001,0.1750000000000006
135,success,2,-0.24499999999999977,6.159340626548604,1.3808396802197833,18.917844368793364,7.294177488247574,13,26.52455707620857,24.572700100703656,0.615000000000001,0.1750000000000006
135,success,2,-0.23499999999999976,5.270371310526875,0.9676574675300207,19.626075217484864,7.909914676892312,13,26.52455707620857,24.572700100703656,0.615000000000001,0.1750000000000006
135,success,2,-0.22499999999999976,4.632809378314035,0.690716814435045,19.71330720802384,8.428108123306062,13,26.52455707620857,24.572700100703656,0.615000000000001,0.1750000000000006
135,success,2,-0.21499999999999975,5.635388964497498,0.4253070731695928,19.1264859314298,8.6828798207711,13,26.52455707620857,24.572700100703656,0.615000000000001,0.1750000000000006
135,success,2,-0.20499999999999974,7.027731039529947,0.34083182343668694,18.000566052906112,8.518957235061848,13,26.52455707620857,24.572700100703656,0.615000000000001,0.1750000000000006
135,success,2,-0.19499999999999973,7.027731039529947,0.34083182343668694,16.54646189825183,7.839765023159734,13,26.52455707620857,24.572700100703656,0.615000000000001,0.1750000000000006
135,success,2,-0.18499999999999972,7.027731039529947,0.34083182343668694,14.958511633048078,6.711090465645152,13,26.52455707620857,24.572700100703656,0.615000000000001,0.1750000000000006
135,success,2,-0.1749999999999997,7.3221330293136715,0.2727160238342058,13.406364118701584,5.383859299290664,13,26.52455707620857,24.572700100703656,0.615000000000001,0.1750000000000006
135,success,2,-0.1649999999999997,9.507166676956318,0.8220365172556614,12.06394520162092,4.196248979101687,13,26.52455707620857,24.572700100703656,0.615000000000001,0.1750000000000006
135,success,2,-0.1549999999999997,12.40989321576395,2.11031128155952,11.093713076365814,3.440120416672028,13,26.52455707620857,24.572700100703656,0.615000000000001,0.1750000000000006
135,success,2,-0.14499999999999968,10.350451147067314,1.4707888047582043,10.584002240005974,3.2064506381154647,13,26.52455707620857,24.572700100703656,0.615000000000001,0.1750000000000006
135,success,2,-0.13499999999999968,8.385045041483648,0.8205172222727628,10.49533915142322,3.2997738187692396,13,26.52455707620857,24.572700100703656,0.615000000000001,0.1750000000000006
135,success,2,-0.12499999999999967,7.48896796499502,0.3261425252826761,10.664965059395326,3.4496598088758,13,26.52455707620857,24.572700100703656,0.615000000000001,0.1750000000000006
135,success,2,-0.11499999999999966,7.48896796499502,0.3261425252826761,10.868472728956986,3.51272840299498,13,26.52455707620857,24.572700100703656,0.615000000000001,0.1750000000000006
135,success,2,-0.10499999999999965,7.48896796499502,0.3261425252826761,10.896247739965021,3.471900319522921,13,26.52455707620857,24.572700100703656,0.615000000000001,0.1750000000000006
135,success,2,-0.09499999999999964,7.48896796499502,0.3261425252826761,10.622813920499265,3.387722880186314,13,26.52455707620857,24.572700100703656,0.615000000000001,0.1750000000000006
135,success,2,-0.08499999999999963,7.114881208298328,0.32491817499562303,10.032643668736346,3.3414927327403134,13,26.52455707620857,24.572700100703656,0.615000000000001,0.1750000000000006
135,success,2,-0.07499999999999962,4.278294270770109,0.16355868548751293,9.206644052735678,3.3628680196793965,13,26.52455707620857,24.572700100703656,0.615000000000001,0.1750000000000006
135,success,2,-0.06499999999999961,3.667791706081607,0.27824564781355743,8.272655136596056,3.4163923933236258,13,26.52455707620857,24.572700100703656,0.615000000000001,0.1750000000000006
135,success,2,-0.05499999999999961,2.5291674636423056,0.19874089639105658,7.352081146163037,3.4527707152482936,13,26.52455707620857,24.572700100703656,0.615000000000001,0.1750000000000006
135,success,2,-0.0449999999999996,1.2645338907646353,0.28635678559181316,6.508393631320864,3.411660673974658,13,26.52455707620857,24.572700100703656,0.615000000000001,0.1750000000000006
135,success,2,-0.034999999999999594,1.0494033060389005,0.30958407243273894,5.734448105388083,3.2093976409748906,13,26.52455707620857,24.572700100703656,0.615000000000001,0.1750000000000006
135,success,2,-0.02499999999999958,1.0494033060389005,0.30958407243273894,5.0046592856743795,2.805765686477801,13,26.52455707620857,24.572700100703656,0.615000000000001,0.1750000000000006
135,success,2,-0.014999999999999573,0.6430820329926503,0.3407478783627531,4.362543197679947,2.275511109755512,13,26.52455707620857,24.572700100703656,0.615000000000001,0.1750000000000006
135,success,2,-0.004999999999999565,0.4935504508263093,0.35439767261980276,3.955161296404236,1.8095060538300805,13,26.52455707620857,24.572700100703656,0.615000000000001,0.1750000000000006
135,success,2,0.005000000000000444,0.4485651304268008,0.3587569826242974,3.967256917778324,1.6588925518868702,13,26.52455707620857,24.572700100703656,0.615000000000001,0.1750000000000006
135,success,2,0.015000000000000454,0.4365176380858535,0.35995420552457014,4.506693311167511,1.9517655332232928,13,26.52455707620857,24.572700100703656,0.615000000000001,0.1750000000000006
135,success,2,0.025000000000000463,0.4333948590996282,0.36026658972681264,5.513715986423613,2.615719293504775,13,26.52455707620857,24.572700100703656,0.615000000000001,0.1750000000000006
135,success,2,0.03500000000000047,0.4365176380858535,0.3599542055245702,6.749830681569574,3.532599150124507,13,26.52455707620857,24.572700100703656,0.615000000000001,0.1750000000000006
135,success,2,0.04500000000000048,0.44767290785930786,0.358849288051083,7.855702578519548,4.467674869314011,13,26.52455707620857,24.572700100703656,0.615000000000001,0.1750000000000006
135,success,2,0.055000000000000486,0.4890248970397972,0.3549055207577495,8.480473077481918,5.052252013758266,13,26.52455707620857,24.572700100703656,0.615000000000001,0.1750000000000006
135,success,2,0.0650000000000005,0.6260402377544264,0.34319297139409555,8.458185495699391,4.9843712009101075,13,26.52455707620857,24.572700100703656,0.615000000000001,0.1750000000000006
135,success,2,0.07500000000000051,1.0221449878857043,0.32106320617110057,7.948251421222804,4.249265607916025,13,26.52455707620857,24.572700100703656,0.615000000000001,0.1750000000000006
135,success,2,0.08500000000000052,1.941426428954718,0.32223760956899794,7.409767266276134,3.170041637280837,13,26.52455707620857,24.572700100703656,0.615000000000001,0.1750000000000006
135,success,2,0.09500000000000053,3.665696407871906,0.47230846835013507,7.408672530993845,2.352401346892388,13,26.52455707620857,24.572700100703656,0.615000000000001,0.1750000000000006
135,success,2,0.10500000000000054,3.6936754793220614,0.45531072779981163,8.376137302119547,2.5277947636623423,13,26.52455707620857,24.572700100703656,0.615000000000001,0.1750000000000006
135,success,2,0.11500000000000055,3.7737869916219586,0.4124308545447324,10.454407193253939,3.638382458900592,13,26.52455707620857,24.572700100703656,0.615000000000001,0.1750000000000006
135,success,2,0.12500000000000056,6.002081965481602,0.6934601930674464,13.463031943976354,5.136277265945768,13,26.52455707620857,24.572700100703656,0.615000000000001,0.1750000000000006
135,success,2,0.13500000000000056,6.002081965481602,0.6934601930674464,16.94769644533722,6.645874614018023,13,26.52455707620857,24.572700100703656,0.615000000000001,0.1750000000000006
135,success,2,0.14500000000000057,6.993198319609113,0.6628365204315159,20.291079190739907,7.882866735709971,13,26.52455707620857,24.572700100703656,0.615000000000001,0.1750000000000006
135,success,2,0.15500000000000058,6.993198319609113,0.6628365204315159,22.87964852786187,8.692496516456695,13,26.52455707620857,24.572700100703656,0.615000000000001,0.1750000000000006
135,success,2,0.1650000000000006,6.993198319609113,0.6628365204315159,24.311051702802615,9.093615461587174,13,26.52455707620857,24.572700100703656,0.615000000000001,0.1750000000000006
135,success,2,0.1750000000000006,9.591149275375138,1.1351969589659603,24.572700100703656,9.224699051570433,13,26.52455707620857,24.572700100703656,0.615000000000001,0.1750000000000006
135,success,2,0.1850000000000006,12.21804144657235,1.8976550914820538,24.065512710877993,9.256484677113377,13,26.52455707620857,24.572700100703656,0.615000000000001,0.1750000000000006
135,success,2,0.19500000000000062,11.588141238215988,2.7935508981954538,23.388112815638948,9.327693136255625,13,26.52455707620857,24.572700100703656,0.615000000000001,0.1750000000000006
135,success,2,0.20500000000000063,9.363620634355724,2.3635369599899687,22.967971507605498,9.43847495311777,13,26.52455707620857,24.572700100703656,0.615000000000001,0.1750000000000006
135,success,2,0.21500000000000064,8.753211871241845,1.8109943116774336,22.814533325649563,9.389753307093885,13,26.52455707620857,24.572700100703656,0.615000000000001,0.1750000000000006
135,success,2,0.22500000000000064,8.073921951250439,1.2312104237697812,22.644730034495225,8.973966566294996,13,26.52455707620857,24.572700100703656,0.615000000000001,0.1750000000000006
135,success,2,0.23500000000000065,7.444118991571191,0.7976958563044403,22.269377753433318,8.260401049643527,13,26.52455707620857,24.572700100703656,0.615000000000001,0.1750000000000006
135,success,2,0.24500000000000066,6.9676963509909084,0.6738511934295724,21.836748827143968,7.634662146546909,13,26.52455707620857,24.572700100703656,0.615000000000001,0.1750000000000006
135,success,2,0.25500000000000067,6.9676963509909084,0.6738511934295724,21.65377796828696,7.491512951763531,13,26.52455707620857,24.572700100703656,0.615000000000001,0.1750000000000006
135,success,2,0.2650000000000007,6.9676963509909084,0.6738511934295724,21.785919198237153,7.884203972663331,13,26.52455707620857,24.572700100703656,0.615000000000001,0.1750000000000006
135,success,2,0.2750000000000007,6.9676963509909084,0.6738511934295724,21.89334100037267,8.533230658548309,13,26.52455707620857,24.572700100703656,0.615000000000001,0.1750000000000006
135,success,2,0.2850000000000007,5.5678338730682215,0.7411574365123351,21.509915183035194,9.044528241203242,13,26.52455707620857,24.572700100703656,0.615000000000001,0.1750000000000006
135,success,2,0.2950000000000007,4.214516705992997,1.0364370174534219,20.470579457453614,9.109221841311312,13,26.52455707620857,24.572700100703656,0.615000000000001,0.1750000000000006
135,success,2,0.3050000000000007,4.548946206317578,0.9598626297708206,19.04215785037491,8.654504355194325,13,26.52455707620857,24.572700100703656,0.615000000000001,0.1750000000000006
135,success,2,0.3150000000000007,5.3029668581533995,0.847306543098722,17.672976629424564,7.849424571611065,13,26.52455707620857,24.572700100703656,0.615000000000001,0.1750000000000006
135,success,2,0.32500000000000073,5.3029668581533995,0.847306543098722,16.656506155973958,6.9413982149153,13,26.52455707620857,24.572700100703656,0.615000000000001,0.1750000000000006
135,success,2,0.33500000000000074,5.3029668581533995,0.847306543098722,16.022328869500637,6.09043645306337,13,26.52455707620857,24.572700100703656,0.615000000000001,0.1750000000000006
135,success,2,0.34500000000000075,5.3034129694371455,0.8470739488673847,15.664796385239443,5.391371424072639,13,26.52455707620857,24.572700100703656,0.615000000000001,0.1750000000000006
135,success,2,0.35500000000000076,6.840556042275463,0.8913338455382163,15.493277899780901,5.002837006524465,13,26.52455707620857,24.572700100703656,0.615000000000001,0.1750000000000006
135,success,2,0.36500000000000077,8.218624023615169,1.134805858145509,15.45564960195412,5.053051254523852,13,26.52455707620857,24.572700100703656,0.615000000000001,0.1750000000000006
135,success,2,0.3750000000000008,8.237062336820522,1.1238918006194851,15.46210881994575,5.3555981821558545,13,26.52455707620857,24.572700100703656,0.615000000000001,0.1750000000000006
135,success,2,0.3850000000000008,8.285773183179609,1.0959041627065622,15.35124495563805,5.491441728663394,13,26.52455707620857,24.572700100703656,0.615000000000001,0.1750000000000006
135,success,2,0.3950000000000008,8.392690733554717,1.0391793945878605,14.974089836364477,5.190824342315515,13,26.52455707620857,24.572700100703656,0.615000000000001,0.1750000000000006
135,success,2,0.4050000000000008,8.588368867653717,0.9552560769047427,14.325889123291235,4.537390062582386,13,26.52455707620857,24.572700100703656,0.615000000000001,0.1750000000000006
135,success,2,0.4150000000000008,8.884364467405078,0.8903539864619202,13.59024375941654,3.8630167372968547,13,26.52455707620857,24.572700100703656,0.615000000000001,0.1750000000000006
135,success,2,0.4250000000000008,9.096252202971016,0.9335850586312897,13.041644174953676,3.4250359138382254,13,26.52455707620857,24.572700100703656,0.615000000000001,0.1750000000000006
135,success,2,0.43500000000000083,11.384979209969762,1.3464008634538114,12.861308335084686,3.261580389522684,13,26.52455707620857,24.572700100703656,0.615000000000001,0.1750000000000006
135,success,2,0.44500000000000084,12.8971213951991,1.7709207840033385,13.020463839233834,3.403328044894974,13,26.52455707620857,24.572700100703656,0.615000000000001,0.1750000000000006
135,success,2,0.45500000000000085,11.154847639261172,1.3038525308093967,13.321523037007836,3.8475900921050434,13,26.52455707620857,24.572700100703656,0.615000000000001,0.1750000000000006
135,success,2,0.46500000000000086,8.758883598332678,0.8615536221840558,13.57165860539724,4.382947839413859,13,26.52455707620857,24.572700100703656,0.615000000000001,0.1750000000000006
135,success,2,0.47500000000000087,6.720659055890447,0.7607412623419598,13.716801466285125,4.7813899226636,13,26.52455707620857,24.572700100703656,0.615000000000001,0.1750000000000006
135,success,2,0.4850000000000009,4.745994500115459,0.9937999650053854,13.814593657556076,4.982807400099675,13,26.52455707620857,24.572700100703656,0.615000000000001,0.1750000000000006
135,success,2,0.4950000000000009,5.732887383651184,0.8113132105868291,13.876657272775319,5.024268090696112,13,26.52455707620857,24.572700100703656,0.615000000000001,0.1750000000000006
135,success,2,0.5050000000000009,7.612099734348001,0.7177606482602099,13.778071444475158,4.913829170651033,13,26.52455707620857,24.572700100703656,0.615000000000001,0.1750000000000006
135,success,2,0.5150000000000009,7.612099734348001,0.7177606482602099,13.345195357175543,4.635703452020391,13,26.52455707620857,24.572700100703656,0.615000000000001,0.1750000000000006
135,success,2,0.5250000000000009,7.612099734348001,0.7177606482602099,12.55049632523414,4.231663641045816,13,26.52455707620857,24.572700100703656,0.615000000000001,0.1750000000000006
135,success,2,0.5350000000000009,7.612099734348001,0.7177606482602099,11.610844976895512,3.7937055489314386,13,26.52455707620857,24.572700100703656,0.615000000000001,0.1750000000000006
135,success,2,0.5450000000000009,7.612099734348001,0.7177606482602099,10.92698228167408,3.380143841759208,13,26.52455707620857,24.572700100703656,0.615000000000001,0.1750000000000006
135,success,2,0.5550000000000009,7.612099734348001,0.7177606482602099,10.916247469123922,3.0405053043840207,13,26.52455707620857,24.572700100703656,0.615000000000001,0.1750000000000006
135,success,2,0.565000000000001,10.310317310398696,0.9772488608008131,11.849836818956248,2.941387717390682,13,26.52455707620857,24.572700100703656,0.615000000000001,0.1750000000000006
135,success,2,0.575000000000001,14.229837307190941,1.3244859169729402,13.731009257003448,3.26781253031601,13,26.52455707620857,24.572700100703656,0.615000000000001,0.1750000000000006
135,success,2,0.585000000000001,14.229837307190941,1.3244859169729402,16.269265858179413,3.9426600759652795,13,26.52455707620857,24.572700100703656,0.615000000000001,0.1750000000000006
135,success,2,0.595000000000001,18.8963655602918,1.8132928040150185,18.96864307732041,4.7175807072763325,13,26.52455707620857,24.572700100703656,0.615000000000001,0.1750000000000006
135,success,2,0.605000000000001,22.190424104905123,2.6838755602757307,21.29773998037614,5.425090956635991,13,26.52455707620857,24.572700100703656,0.615000000000001,0.1750000000000006
135,success,2,0.615000000000001,26.52455707620857,2.9473205724033598,22.84349523477285,6.011233827616836,13,26.52455707620857,24.572700100703656,0.615000000000001,0.1750000000000006
135,success,2,0.625000000000001,23.29514148376489,3.0227206386788295,23.405512990790864,6.393425106927073,13,26.52455707620857,24.572700100703656,0.615000000000001,0.1750000000000006
135,success,2,0.635000000000001,19.043507495991847,2.901079548297002,23.058664061703336,6.412309313673459,13,26.52455707620857,24.572700100703656,0.615000000000001,0.1750000000000006
135,success,2,0.645000000000001,16.57476398335636,2.3602436112206537,22.188485889918567,6.047131094420538,13,26.52455707620857,24.572700100703656,0.615000000000001,0.1750000000000006
135,success,2,0.655000000000001,15.590287974151822,1.7042352813907038,21.38094890638973,5.667280129919354,13,26.52455707620857,24.572700100703656,0.615000000000001,0.1750000000000006
135,success,2,0.665000000000001,15.507595001202853,1.4862277451426398,21.105189048802387,5.847370720968318,13,26.52455707620857,24.572700100703656,0.615000000000001,0.1750000000000006
135,success,2,0.675000000000001,12.208046866310463,1.1326807412971664,21.36013351736103,6.578724688784739,13,26.52455707620857,24.572700100703656,0.615000000000001,0.1750000000000006
135,success,2,0.685000000000001,10.029579836806318,0.9783450457543469,21.62921659993988,7.216878118505278,13,26.52455707620857,24.572700100703656,0.615000000000001,0.1750000000000006
135,success,2,0.6950000000000011,10.029579836806318,0.9783450457543469,21.248444490044108,7.2744167094839876,13,26.52455707620857,24.572700100703656,0.615000000000001,0.1750000000000006
135,success,2,0.7050000000000011,10.029579836806318,0.9783450457543469,19.920525846143832,6.756329914347415,13,26.52455707620857,24.572700100703656,0.615000000000001,0.1750000000000006
135,success,2,0.7150000000000011,10.029579836806318,0.9783450457543469,17.953715410346703,6.033136645563496,13,26.52455707620857,24.572700100703656,0.615000000000001,0.1750000000000006
135,success,2,0.7250000000000011,9.706926210987687,0.9497548592667509,16.05312060013084,5.545799684523491,13,26.52455707620857,24.572700100703656,0.615000000000001,0.1750000000000006
135,success,2,0.7350000000000011,5.6236480759582435,0.5885058945529107,14.841006512131308,5.521218651395015,13,26.52455707620857,24.572700100703656,0.615000000000001,0.1750000000000006
135,success,2,0.7450000000000011,3.1433561005369755,0.5723032235270421,14.48438458949465,5.8527439764558755,13,26.52455707620857,24.572700100703656,0.615000000000001,0.1750000000000006
135,success,2,0.7550000000000011,4.800868420442986,0.4808094541663238,14.665515710370242,6.214883222673213,13,26.52455707620857,24.572700100703656,0.615000000000001,0.1750000000000006
135,success,2,0.7650000000000011,8.012753176745663,0.8235219500282068,14.870250151456375,6.24431799396401,13,26.52455707620857,24.572700100703656,0.615000000000001,0.1750000000000006
135,success,2,0.7750000000000011,7.717658529264976,0.9097587702702963,14.749471012014803,5.723383360709066,13,26.52455707620857,24.572700100703656,0.615000000000001,0.1750000000000006
135,success,2,0.7850000000000011,8.837060441127617,1.1330329734922682,14.305901637924372,4.7419376270942974,13,26.52455707620857,24.572700100703656,0.615000000000001,0.1750000000000006
135,success,2,0.7950000000000012,9.710607240857364,1.2663410034689828,13.812231092780932,3.7031651849754184,13,26.52455707620857,24.572700100703656,0.615000000000001,0.1750000000000006
135,success,2,0.8050000000000012,11.249016226081473,1.5585175971333585,13.566108693085036,3.0910047587830394,13,26.52455707620857,24.572700100703656,0.615000000000001,0.1750000000000006
135,success,2,0.8150000000000012,15.342427056778384,2.3262656502328687,13.678369162874668,3.0107530909734415,13,26.52455707620857,24.572700100703656,0.615000000000001,0.1750000000000006
135,success,2,0.8250000000000012,17.986554760590312,3.441424416221739,14.034873495557717,3.203396597908333,13,26.52455707620857,24.572700100703656,0.615000000000001,0.1750000000000006
135,success,2,0.8350000000000012,13.709440283026963,2.778627676941151,14.425957569660357,3.59427154975376,13,26.52455707620857,24.572700100703656,0.615000000000001,0.1750000000000006
135,success,2,0.8450000000000012,9.752639654183477,2.155925726572813,14.700154831411448,4.192092889644016,13,26.52455707620857,24.572700100703656,0.615000000000001,0.1750000000000006
135,success,2,0.8550000000000012,8.03483371219976,1.4897071105471138,14.836726683549998,4.7962033809698355,13,26.52455707620857,24.572700100703656,0.615000000000001,0.1750000000000006
135,success,2,0.8650000000000012,7.403629513384423,1.072884164622051,14.920854171515346,5.183932322650701,13,26.52455707620857,24.572700100703656,0.615000000000001,0.1750000000000006
135,success,2,0.8750000000000012,5.1313603136463355,1.0413418776932948,15.06346631430335,5.326363161619107,13,26.52455707620857,24.572700100703656,0.615000000000001,0.1750000000000006
135,success,2,0.8850000000000012,5.91062572086063,0.9585773166470498,15.325766360973512,5.329843419216247,13,26.52455707620857,24.572700100703656,0.615000000000001,0.1750000000000006
135,success,2,0.8950000000000012,7.105947319408618,0.9576237262644524,15.676815981771988,5.288136556802364,13,26.52455707620857,24.572700100703656,0.615000000000001,0.1750000000000006
135,success,2,0.9050000000000012,8.285594265583686,1.1684252432274371,16.00396583668834,5.230570447845486,13,26.52455707620857,24.572700100703656,0.615000000000001,0.1750000000000006
135,success,2,0.9150000000000013,8.867678043279746,1.374275636824028,16.153723098705527,5.139379781594609,13,26.52455707620857,24.572700100703656,0.615000000000001,0.1750000000000006
135,success,2,0.9250000000000013,10.094340907639404,1.7189506323413375,15.982201988679677,4.965426328096807,13,26.52455707620857,24.572700100703656,0.615000000000001,0.1750000000000006
135,success,2,0.9350000000000013,11.224422409161415,2.162722415740932,15.410793658388412,4.6586084834619435,13,26.52455707620857,24.572700100703656,0.615000000000001,0.1750000000000006
135,success,2,0.9450000000000013,12.57369631959444,2.5862790888206835,14.487664840104458,4.22213284970598,13,26.52455707620857,24.572700100703656,0.615000000000001,0.1750000000000006
135,success,2,0.9550000000000013,12.904442388210496,2.542486472850784,13.41108265332029,3.7559326094229943,13,26.52455707620857,24.572700100703656,0.615000000000001,0.1750000000000006
135,success,2,0.9650000000000013,12.584059403600152,2.690791861560681,12.459520888391557,3.477498644559153,13,26.52455707620857,24.572700100703656,0.615000000000001,0.1750000000000006
135,success,2,0.9750000000000013,11.941162709653469,3.269100762700897,11.844079038169903,3.607317691709831,13,26.52455707620857,24.572700100703656,0.615000000000001,0.1750000000000006
135,success,2,0.9850000000000013,12.176088986497994,3.8587367752308315,11.58384577245493,4.051671224373091,13,26.52455707620857,24.572700100703656,0.615000000000001,0.1750000000000006
135,success,2,0.9950000000000013,11.529419765218535,4.424772524150487,11.529419765218535,4.424772524150487,13,26.52455707620857,24.572700100703656,0.615000000000001,0.1750000000000006
0,failure,0,-0.495,2.5709986408001875,2.2473159679982246,2.5709986408001875,2.2473159679982246,8,16.90316315074214,17.151045228441532,-0.12499999999999967,0.7850000000000011
0,failure,0,-0.485,2.5475649237988427,2.225438919471742,2.678562531527642,2.218979218409742,8,16.90316315074214,17.151045228441532,-0.12499999999999967,0.7850000000000011
0,failure,0,-0.475,2.4162731840987544,2.102885339971871,2.825456126850157,2.1084307812391243,8,16.90316315074214,17.151045228441532,-0.12499999999999967,0.7850000000000011
0,failure,0,-0.46499999999999997,2.1049229525778106,1.8123970725862544,2.9382508845866875,1.9248796563091173,8,16.90316315074214,17.151045228441532,-0.12499999999999967,0.7850000000000011
0,failure,0,-0.45499999999999996,1.6396236371471307,1.3788674780711943,2.9822594639272744,1.8237587755492453,8,16.90316315074214,17.151045228441532,-0.12499999999999967,0.7850000000000011
0,failure,0,-0.44499999999999995,1.1344274053531533,0.9100241241022142,2.9607539955669493,1.932723829225381,8,16.90316315074214,17.151045228441532,-0.12499999999999967,0.7850000000000011
0,failure,0,-0.43499999999999994,0.7092303349954641,0.5206687696156711,2.9046125112977133,2.140530698108542,8,16.90316315074214,17.151045228441532,-0.12499999999999967,0.7850000000000011
0,failure,0,-0.42499999999999993,0.42218385943418424,0.27189953382721543,2.9031822881268408,2.3206738983006003,8,16.90316315074214,17.151045228441532,-0.12499999999999967,0.7850000000000011
0,failure,0,-0.4149999999999999,0.2675437834510756,0.1629789964760343,3.1153189674244945,2.517933361797472,8,16.90316315074214,17.151045228441532,-0.12499999999999967,0.7850000000000011
0,failure,0,-0.4049999999999999,0.19514668083806408,0.14063179251471525,3.6982730590857305,2.8663279483366493,8,16.90316315074214,17.151045228441532,-0.12499999999999967,0.7850000000000011
0,failure,0,-0.3949999999999999,0.16748921103003644,0.14002382044832268,4.683888560336592,3.4358661743675323,8,16.90316315074214,17.151045228441532,-0.12499999999999967,0.7850000000000011
0,failure,0,-0.3849999999999999,0.15862807049136016,0.14083731428229446,5.913571721860072,4.154468178651489,8,16.90316315074214,17.151045228441532,-0.12499999999999967,0.7850000000000011
0,failure,0,-0.3749999999999999,0.15623765553990565,0.14113935774532316,7.11361268721793,4.855819427230883,8,16.90316315074214,17.151045228441532,-0.12499999999999967,0.7850000000000011
0,failure,0,-0.3649999999999999,0.15556848861428596,0.1412301377725275,8.060196960307321,5.392995764385,8,16.90316315074214,17.151045228441532,-0.12499999999999967,0.7850000000000011
0,failure,0,-0.35499999999999987,0.15556848861428596,0.1412301377725275,8.699219453163213,5.71899364924749,8,16.90316315074214,17.151045228441532,-0.12499999999999967,0.7850000000000011
0,failure,0,-0.34499999999999986,0.15623765553990565,0.14113935774532316,9.110447977240728,5.8723204586550395,8,16.90316315074214,17.151045228441532,-0.12499999999999967,0.7850000000000011
0,failure,0,-0.33499999999999985,0.15623765553990565,0.14113935774532316,9.349985869148659,5.885645286353745,8,16.90316315074214,17.151045228441532,-0.12499999999999967,0.7850000000000011
0,failure,0,-0.32499999999999984,0.1729705602000871,0.138903329305182,9.33079170298452,5.7228770113112475,8,16.90316315074214,17.151045228441532,-0.12499999999999967,0.7850000000000011
0,failure,0,-0.31499999999999984,0.23633687782206064,0.13043810104683948,8.873163851746696,5.317302740836666,8,16.90316315074214,17.151045228441532,-0.12499999999999967,0.7850000000000011
0,failure,0,-0.3049999999999998,0.23633687782206064,0.13043810104683948,7.89011864718091,4.645407512980811,8,16.90316315074214,17.151045228441532,-0.12499999999999967,0.7850000000000011
0,failure,0,-0.2949999999999998,0.23633687782206064,0.13043810104683948,6.536332895052748,3.7628709891239653,8,16.90316315074214,17.151045228441532,-0.12499999999999967,0.7850000000000011
0,failure,0,-0.2849999999999998,0.23633687782206064,0.13043810104683948,5.180574488204246,2.8188864442869503,8,16.90316315074214,17.151045228441532,-0.12499999999999967,0.7850000000000011
0,failure,0,-0.2749999999999998,0.23633687782206064,0.13043810104683948,4.228282248342833,2.1285519825051713,8,16.90316315074214,17.151045228441532,-0.12499999999999967,0.7850000000000011
0,failure,0,-0.2649999999999998,0.23633687782206064,0.13043810104683948,3.918359132876434,2.1287750170189583,8,16.90316315074214,17.151045228441532,-0.12499999999999967,0.7850000000000011
0,failure,0,-0.2549999999999998,0.23633687782206064,0.13043810104683948,4.223932429694615,2.682309083094961,8,16.90316315074214,17.151045228441532,-0.12499999999999967,0.7850000000000011
0,failure,0,-0.24499999999999977,0.434719996381163,0.10398990860932211,4.895314868163687,3.2415340101409647,8,16.90316315074214,17.151045228441532,-0.12499999999999967,0.7850000000000011
0,failure,0,-0.23499999999999976,0.9612294965264556,0.036289049354301266,5.610480421007738,3.4847634523676123,8,16.90316315074214,17.151045228441532,-0.12499999999999967,0.7850000000000011
0,failure,0,-0.22499999999999976,2.260614663004123,0.0452351919825758,6.158934645550864,3.302351308897605,8,16.90316315074214,17.151045228441532,-0.12499999999999967,0.7850000000000011
0,failure,0,-0.21499999999999975,4.7027700491375555,0.1292569614571827,6.548305516568834,2.753839820862687,8,16.90316315074214,17.151045228441532,-0.12499999999999967,0.7850000000000011
0,failure,0,-0.20499999999999974,7.996217378147579,0.5532992622890092,6.9566213260469185,2.1088584148587244,8,16.90316315074214,17.151045228441532,-0.12499999999999967,0.7850000000000011
0,failure,0,-0.19499999999999973,7.996217378147579,0.5532992622890092,7.551231829795759,1.8785934303090004,8,16.90316315074214,17.151045228441532,-0.12499999999999967,0.7850000000000011
0,failure,0,-0.18499999999999972,7.996217378147579,0.5532992622890092,8.334667887114726,2.1918573782871946,8,16.90316315074214,17.151045228441532,-0.12499999999999967,0.7850000000000011
0,failure,0,-0.1749999999999997,8.50313485796739,0.7179539937570111,9.17125046041652,2.53830912128225,8,16.90316315074214,17.151045228441532,-0.12499999999999967,0.7850000000000011
0,failure,0,-0.1649999999999997,11.035304148983641,1.0580115716635234,9.954572533466115,2.7036503516504657,8,16.90316315074214,17.151045228441532,-0.12499999999999967,0.7850000000000011
0,failure,0,-0.1549999999999997,11.376702265264067,1.2735241277466407,10.718671954973313,2.8517296527041514,8,16.90316315074214,17.151045228441532,-0.12499999999999967,0.7850000000000011
0,failure,0,-0.14499999999999968,11.589921415041463,1.4279902693806057,11.562321005937871,3.119563480018169,8,16.90316315074214,17.151045228441532,-0.12499999999999967,0.7850000000000011
0,failure,0,-0.13499999999999968,15.223558719488052,1.6107147275335398,12.477210982517764,3.4350637432575075,8,16.90316315074214,17.151045228441532,-0.12499999999999967,0.7850000000000011
0,failure,0,-0.12499999999999967,16.90316315074214,1.8492081160405653,13.254269391576585,3.747133615667984,8,16.90316315074214,17.151045228441532,-0.12499999999999967,0.7850000000000011
0,failure,0,-0.11499999999999966,13.462154522279924,1.2361763681577103,13.555239958668754,4.090639740172696,8,16.90316315074214,17.151045228441532,-0.12499999999999967,0.7850000000000011
0,failure,0,-0.10499999999999965,11.220893528237568,0.9368939221975658,13.11301968587427,4.413266584778771,8,16.90316315074214,17.151045228441532,-0.12499999999999967,0.7850000000000011
0,failure,0,-0.09499999999999964,7.384707760445034,0.4110557639496453,11.931802773071384,4.566607850198407,8,16.90316315074214,17.151045228441532,-0.12499999999999967,0.7850000000000011
0,failure,0,-0.08499999999999963,4.334465330424587,0.16212942012137457,10.317501229696823,4.465523649634443,8,16.90316315074214,17.151045228441532,-0.12499999999999967,0.7850000000000011
0,failure,0,-0.07499999999999962,2.6060113894704497,0.2813255967058369,8.696010979367765,4.150908632445968,8,16.90316315074214,17.151045228441532,-0.12499999999999967,0.7850000000000011
0,failure,0,-0.06499999999999961,2.3660980687819353,0.31065677476320064,7.375647128330934,3.724037328097074,8,16.90316315074214,17.151045228441532,-0.12499999999999967,0.7850000000000011
0,failure,0,-0.05499999999999961,2.2269084874400797,0.33764651329304546,6.463744702626289,3.2709529204512577,8,16.90316315074214,17.151045228441532,-0.12499999999999967,0.7850000000000011
0,failure,0,-0.0449999999999996,1.649836601308345,0.43667092551416936,5.935545047798348,2.868892204216095,8,16.90316315074214,17.151045228441532,-0.12499999999999967,0.7850000000000011
0,failure,0,-0.034999999999999594,1.4617354550558497,0.48945720370199114,5.7119514843008705,2.62089636113028,8,16.90316315074214,17.151045228441532,-0.12499999999999967,0.7850000000000011
0,failure,0,-0.02499999999999958,1.7556544303544037,0.450838514074126,5.670033578779693,2.533886452212426,8,16.90316315074214,17.151045228441532,-0.12499999999999967,0.7850000000000011
0,failure,0,-0.014999999999999573,2.4835511711127487,0.4784325227231822,5.666561724918759,2.4205194691171017,8,16.90316315074214,17.151045228441532,-0.12499999999999967,0.7850000000000011
0,failure,0,-0.004999999999999565,2.760015258109517,0.5284287524040788,5.619872997991403,2.1475230383035533,8,16.90316315074214,17.151045228441532,-0.12499999999999967,0.7850000000000011
0,failure,0,0.005000000000000444,3.5920179508219237,0.9410253484924549,5.550867689776008,1.8965914918152913,8,16.90316315074214,17.151045228441532,-0.12499999999999967,0.7850000000000011
0,failure,0,0.015000000000000454,2.7688763986481932,0.5194880299239154,5.519162747025766,1.9854792148874738,8,16.90316315074214,17.151045228441532,-0.12499999999999967,0.7850000000000011
0,failure,0,0.025000000000000463,2.229612162188025,0.37285792686708685,5.541206435650123,2.301857950837901,8,16.90316315074214,17.151045228441532,-0.12499999999999967,0.7850000000000011
0,failure,0,0.03500000000000047,2.310870405339713,0.3262458005493975,5.608471146527152,2.540939253718304,8,16.90316315074214,17.151045228441532,-0.12499999999999967,0.7850000000000011
0,failure,0,0.04500000000000048,2.152884494728506,0.366397372277739,5.756334090929753,2.6535372086075455,8,16.90316315074214,17.151045228441532,-0.12499999999999967,0.7850000000000011
0,failure,0,0.055000000000000486,2.4965137857589474,0.27448744319164725,6.053869716175244,2.761911768446562,8,16.90316315074214,17.151045228441532,-0.12499999999999967,0.7850000000000011
0,failure,0,0.0650000000000005,2.4965137857589474,0.27448744319164725,6.509320000002109,2.927020832475055,8,16.90316315074214,17.151045228441532,-0.12499999999999967,0.7850000000000011
0,failure,0,0.07500000000000051,2.4965137857589474,0.27448744319164725,7.044500299288455,3.085225594972526,8,16.90316315074214,17.151045228441532,-0.12499999999999967,0.7850000000000011
0,failure,0,0.08500000000000052,2.4965137857589474,0.27448744319164725,7.596192481412801,3.1815294855245386,8,16.90316315074214,17.151045228441532,-0.12499999999999967,0.7850000000000011
0,failure,0,0.09500000000000053,3.065825906978598,0.38593710500266587,8.20641211308243,3.267900542130371,8,16.90316315074214,17.151045228441532,-0.12499999999999967,0.7850000000000011
0,failure,0,0.10500000000000054,3.8984977666166243,0.8332901652570395,8.943650990000888,3.4765367227729596,8,16.90316315074214,17.151045228441532,-0.12499999999999967,0.7850000000000011
0,failure,0,0.11500000000000055,3.8984977666166243,0.8332901652570395,9.70776548434117,3.8464189284906976,8,16.90316315074214,17.151045228441532,-0.12499999999999967,0.7850000000000011
0,failure,0,0.12500000000000056,3.065825906978598,0.38593710500266587,10.161591624796337,4.193279997585921,8,16.90316315074214,17.151045228441532,-0.12499999999999967,0.7850000000000011
0,failure,0,0.13500000000000056,2.4971829526845672,0.2743854959492063,9.915683776279536,4.276545368708342,8,16.90316315074214,17.151045228441532,-0.12499999999999967,0.7850000000000011
0,failure,0,0.14500000000000057,1.7103129815056057,0.4334877337308629,8.824842514179085,3.994725352136678,8,16.90316315074214,17.151045228441532,-0.12499999999999967,0.7850000000000011
0,failure,0,0.15500000000000058,1.5655187762795828,0.4746132431409666,7.132939748214038,3.3926797503996524,8,16.90316315074214,17.151045228441532,-0.12499999999999967,0.7850000000000011
0,failure,0,0.1650000000000006,2.1812111314621534,0.3733447685404119,5.360416309961879,2.587559210099535,8,16.90316315074214,17.151045228441532,-0.12499999999999967,0.7850000000000011
0,failure,0,0.1750000000000006,2.4971829526845672,0.2743854959492063,4.0505213053610944,1.757527864946861,8,16.90316315074214,17.151045228441532,-0.12499999999999967,0.7850000000000011
0,failure,0,0.1850000000000006,2.4971829526845672,0.2743854959492063,3.546007335047506,1.2416644133422603,8,16.90316315074214,17.151045228441532,-0.12499999999999967,0.7850000000000011
0,failure,0,0.19500000000000062,2.4971829526845672,0.2743854959492063,3.875093601002872,1.4235829482646893,8,16.90316315074214,17.151045228441532,-0.12499999999999967,0.7850000000000011
0,failure,0,0.20500000000000063,2.4971829526845672,0.2743854959492063,4.758363543325287,1.9388735288933783,8,16.90316315074214,17.151045228441532,-0.12499999999999967,0.7850000000000011
0,failure,0,0.21500000000000064,2.4971829526845672,0.2743854959492063,5.739179503104716,2.3365156858878398,8,16.90316315074214,17.151045228441532,-0.12499999999999967,0.7850000000000011
0,failure,0,0.22500000000000064,2.4971829526845672,0.2743854959492063,6.403095806090624,2.441986065720086,8,16.90316315074214,17.151045228441532,-0.12499999999999967,0.7850000000000011
0,failure,0,0.23500000000000065,4.560834145715116,0.10373905913550181,6.5790654368746475,2.2533965645203313,8,16.90316315074214,17.151045228441532,-0.12499999999999967,0.7850000000000011
0,failure,0,0.24500000000000066,4.97717007553413,0.38669737153925854,6.383381340782857,1.941397841635435,8,16.90316315074214,17.151045228441532,-0.12499999999999967,0.7850000000000011
0,failure,0,0.25500000000000067,4.980229657411204,0.38945789866056785,6.075080044898246,1.783145993587802,8,16.90316315074214,17.151045228441532,-0.12499999999999967,0.7850000000000011
0,failure,0,0.2650000000000007,4.572754868130867,0.1025519407561222,5.85681901994873,1.8722641633980865,8,16.90316315074214,17.151045228441532,-0.12499999999999967,0.7850000000000011
0,failure,0,0.2750000000000007,4.572754868130867,0.1025519407561222,5.782765316715936,2.0221981258585227,8,16.90316315074214,17.151045228441532,-0.12499999999999967,0.7850000000000011
0,failure,0,0.2850000000000007,4.315756277329069,0.26628575200117277,5.813957225625668,2.074115493878157,8,16.90316315074214,17.151045228441532,-0.12499999999999967,0.7850000000000011
0,failure,0,0.2950000000000007,4.572754868130867,0.1025519407561222,5.93865645037645,1.9883625920726837,8,16.90316315074214,17.151045228441532,-0.12499999999999967,0.7850000000000011
0,failure,0,0.3050000000000007,4.572754868130867,0.1025519407561222,6.223691046883186,1.8194421335227595,8,16.90316315074214,17.151045228441532,-0.12499999999999967,0.7850000000000011
0,failure,0,0.3150000000000007,7.0625784734318895,0.440522915874135,6.752554341663161,1.7728116650951664,8,16.90316315074214,17.151045228441532,-0.12499999999999967,0.7850000000000011
0,failure,0,0.32500000000000073,7.0625784734318895,0.440522915874135,7.51348697542721,2.046634591676886,8,16.90316315074214,17.151045228441532,-0.12499999999999967,0.7850000000000011
0,failure,0,0.33500000000000074,7.0625784734318895,0.440522915874135,8.356613384084485,2.462774280869954,8,16.90316315074214,17.151045228441532,-0.12499999999999967,0.7850000000000011
0,failure,0,0.34500000000000075,7.0625784734318895,0.440522915874135,9.07309648084066,2.728779155444518,8,16.90316315074214,17.151045228441532,-0.12499999999999967,0.7850000000000011
0,failure,0,0.35500000000000076,10.502802052703426,0.8208265519912008,9.517928373952115,2.8098461467946594,8,16.90316315074214,17.151045228441532,-0.12499999999999967,0.7850000000000011
0,failure,0,0.36500000000000077,11.300846318720286,1.0376706748320899,9.66919330476536,2.9165210168737437,8,16.90316315074214,17.151045228441532,-0.12499999999999967,0.7850000000000011
0,failure,0,0.3750000000000008,7.645761454400786,0.4844759086790081,9.61616574978756,3.194540092373425,8,16.90316315074214,17.151045228441532,-0.12499999999999967,0.7850000000000011
0,failure,0,0.3850000000000008,4.566953309469265,0.10288974170294699,9.532125855058991,3.5510942502392795,8,16.90316315074214,17.151045228441532,-0.12499999999999967,0.7850000000000011
0,failure,0,0.3950000000000008,3.479542532538496,0.45836037066993396,9.61137177701523,3.870305810779344,8,16.90316315074214,17.151045228441532,-0.12499999999999967,0.7850000000000011
0,failure,0,0.4050000000000008,3.6098709733416756,0.3887018975549886,9.931134736121484,4.126057337619526,8,16.90316315074214,17.151045228441532,-0.12499999999999967,0.7850000000000011
0,failure,0,0.4150000000000008,4.454978014632475,0.01096111394022315,10.310894595647355,4.271575738367957,8,16.90316315074214,17.151045228441532,-0.12499999999999967,0.7850000000000011
0,failure,0,0.4250000000000008,4.454978014632475,0.01096111394022315,10.366803170244623,4.190686762364262,8,16.90316315074214,17.151045228441532,-0.12499999999999967,0.7850000000000011
0,failure,0,0.43500000000000083,8.312249146623294,1.7579196328444717,9.781401233770147,3.8048380216987434,8,16.90316315074214,17.151045228441532,-0.12499999999999967,0.7850000000000011
0,failure,0,0.44500000000000084,7.13354250817029,1.2199294901878859,8.578132652196071,3.176721569630312,8,16.90316315074214,17.151045228441532,-0.12499999999999967,0.7850000000000011
0,failure,0,0.45500000000000085,5.700926222212441,0.5660830737588659,7.1429119062999895,2.5431636922282848,8,16.90316315074214,17.151045228441532,-0.12499999999999967,0.7850000000000011
0,failure,0,0.46500000000000086,4.452587599681021,0.011013591824338026,5.974403070331408,2.3111346497594285,8,16.90316315074214,17.151045228441532,-0.12499999999999967,0.7850000000000011
0,failure,0,0.47500000000000087,2.4599951754122436,0.2769380264600797,5.388070672653579,2.6541794795037736,8,16.90316315074214,17.151045228441532,-0.12499999999999967,0.7850000000000011
0,failure,0,0.4850000000000009,1.3629549416724704,0.4236636069816717,5.398191034288226,3.171183839248082,8,16.90316315074214,17.151045228441532,-0.12499999999999967,0.7850000000000011
0,failure,0,0.4950000000000009,1.3182153088674864,0.43058179658525797,5.803195617837288,3.501940509734002,8,16.90316315074214,17.151045228441532,-0.12499999999999967,0.7850000000000011
0,failure,0,0.5050000000000009,0.8862231081408718,0.48857675669839196,6.350602238459681,3.62652649903628,8,16.90316315074214,17.151045228441532,-0.12499999999999967,0.7850000000000011
0,failure,0,0.5150000000000009,0.7172187074156317,0.5138750045316753,6.849522054367424,3.7146030544933146,8,16.90316315074214,17.151045228441532,-0.12499999999999967,0.7850000000000011
0,failure,0,0.5250000000000009,0.8466449159170936,0.49569525603493814,7.2170181012391215,3.804675095514086,8,16.90316315074214,17.151045228441532,-0.12499999999999967,0.7850000000000011
0,failure,0,0.5350000000000009,1.2509796468356806,0.45115340767411893,7.503983929932502,3.7439407120204855,8,16.90316315074214,17.151045228441532,-0.12499999999999967,0.7850000000000011
0,failure,0,0.5450000000000009,2.1913723038154864,0.40090157295925183,7.890027681480101,3.4901571616263625,8,16.90316315074214,17.151045228441532,-0.12499999999999967,0.7850000000000011
0,failure,0,0.5550000000000009,3.9040894973773472,0.5218045499843336,8.5969978418062,3.2888272066346476,8,16.90316315074214,17.151045228441532,-0.12499999999999967,0.7850000000000011
0,failure,0,0.565000000000001,6.872012730608876,0.9189546009787566,9.711024575286215,3.42722174918474,8,16.90316315074214,17.151045228441532,-0.12499999999999967,0.7850000000000011
0,failure,0,0.575000000000001,9.820217711948658,1.3798675183847244,11.038572891907455,3.7881434447736377,8,16.90316315074214,17.151045228441532,-0.12499999999999967,0.7850000000000011
0,failure,0,0.585000000000001,11.549529381926241,1.6058720580640387,12.15625304516918,4.013595524889711,8,16.90316315074214,17.151045228441532,-0.12499999999999967,0.7850000000000011
0,failure,0,0.595000000000001,14.845352388345093,2.1724370550324017,12.651451049209943,3.973478289473314,8,16.90316315074214,17.151045228441532,-0.12499999999999967,0.7850000000000011
0,failure,0,0.605000000000001,12.145185201996732,1.6849385114963473,12.374988634118665,3.842526307932106,8,16.90316315074214,17.151045228441532,-0.12499999999999967,0.7850000000000011
0,failure,0,0.615000000000001,9.46748671465115,1.3222773917737325,11.494791368228093,3.7872088246905324,8,16.90316315074214,17.151045228441532,-0.12499999999999967,0.7850000000000011
0,failure,0,0.625000000000001,8.052681949344935,1.3012780989271777,10.381907846043063,3.697536956670814,8,16.90316315074214,17.151045228441532,-0.12499999999999967,0.7850000000000011
0,failure,0,0.635000000000001,6.83507036593706,1.4929095673175805,9.466881519416539,3.376447230617698,8,16.90316315074214,17.151045228441532,-0.12499999999999967,0.7850000000000011
0,failure,0,0.645000000000001,7.355160769565907,1.3537758245512175,9.145604056784492,2.8890231388136307,8,16.90316315074214,17.151045228441532,-0.12499999999999967,0.7850000000000011
0,failure,0,0.655000000000001,8.566575900484242,1.1224614797042052,9.64695364627218,2.7485819939281244,8,16.90316315074214,17.151045228441532,-0.12499999999999967,0.7850000000000011
0,failure,0,0.665000000000001,10.23064924785831,1.0199662776962495,10.857089217324571,3.3810600957101618,8,16.90316315074214,17.151045228441532,-0.12499999999999967,0.7850000000000011
0,failure,0,0.675000000000001,11.208597222171578,0.9375093143968706,12.283782616240323,4.3280256244347965,8,16.90316315074214,17.151045228441532,-0.12499999999999967,0.7850000000000011
0,failure,0,0.685000000000001,11.67726419737811,1.3016860272291264,13.313090960366306,4.970398379989665,8,16.90316315074214,17.151045228441532,-0.12499999999999967,0.7850000000000011
0,failure,0,0.6950000000000011,12.865374452881776,1.6970689172405258,13.604486844225505,5.024178559869636,8,16.90316315074214,17.151045228441532,-0.12499999999999967,0.7850000000000011
0,failure,0,0.7050000000000011,13.708171052432133,2.4020037276265844,13.283482667166119,4.609643098143928,8,16.90316315074214,17.151045228441532,-0.12499999999999967,0.7850000000000011
0,failure,0,0.7150000000000011,12.073026239087126,1.6433133473172674,12.775844983981193,4.255234187165674,8,16.90316315074214,17.151045228441532,-0.12499999999999967,0.7850000000000011
0,failure,0,0.7250000000000011,11.090291245307197,0.8602019929553539,12.512864611598664,4.638791123948062,8,16.90316315074214,17.151045228441532,-0.12499999999999967,0.7850000000000011
0,failure,0,0.7350000000000011,8.148042335531386,0.320486339365197,12.75489952906655,5.900916096945796,8,16.90316315074214,17.151045228441532,-0.12499999999999967,0.7850000000000011
0,failure,0,0.7450000000000011,6.133856286621011,0.629070169216629,13.563833665335709,7.582938970247297,8,16.90316315074214,17.151045228441532,-0.12499999999999967,0.7850000000000011
0,failure,0,0.7550000000000011,5.206152668327284,0.9439656441286247,14.791935333868597,9.107911947297447,8,16.90316315074214,17.151045228441532,-0.12499999999999967,0.7850000000000011
0,failure,0,0.7650000000000011,6.268718410232686,0.5926530088852073,16.077356129965196,9.976450246082722,8,16.90316315074214,17.151045228441532,-0.12499999999999967,0.7850000000000011
0,failure,0,0.7750000000000011,7.47776739678765,0.44218135454758956,16.963395381605157,9.912660326524527,8,16.90316315074214,17.151045228441532,-0.12499999999999967,0.7850000000000011
0,failure,0,0.7850000000000011,10.13982654756352,0.4958836152835791,17.151045228441532,8.989192187084155,8,16.90316315074214,17.151045228441532,-0.12499999999999967,0.7850000000000011
0,failure,0,0.7950000000000012,10.902021370159295,0.8448255020151559,16.705581493085653,7.624556604561154,8,16.90316315074214,17.151045228441532,-0.12499999999999967,0.7850000000000011
0,failure,0,0.8050000000000012,10.251801842400308,0.5009218634932749,16.018394054338486,6.3849267630219035,8,16.90316315074214,17.151045228441532,-0.12499999999999967,0.7850000000000011
0,failure,0,0.8150000000000012,9.763737976893903,0.624214400277692,15.516197415901772,5.6315231434107735,8,16.90316315074214,17.151045228441532,-0.12499999999999967,0.7850000000000011
0,failure,0,0.8250000000000012,9.996820941245137,0.5209533722545977,15.36856218162939,5.358986557351652,8,16.90316315074214,17.151045228441532,-0.12499999999999967,0.7850000000000011
0,failure,0,0.8350000000000012,12.148762986764488,0.5524422923445789,15.41483398576104,5.417883371221853,8,16.90316315074214,17.151045228441532,-0.12499999999999967,0.7850000000000011
0,failure,0,0.8450000000000012,14.836656455352982,1.2700295269523483,15.33174083175043,5.6060644885207935,8,16.90316315074214,17.151045228441532,-0.12499999999999967,0.7850000000000011
0,failure,0,0.8550000000000012,11.84330620322478,0.6162680267466416,14.846018859624676,5.636770637908142,8,16.90316315074214,17.151045228441532,-0.12499999999999967,0.7850000000000011
0,failure,0,0.8650000000000012,11.448013575455658,0.47823161334790537,13.834493069294155,5.305864045128754,8,16.90316315074214,17.151045228441532,-0.12499999999999967,0.7850000000000011
0,failure,0,0.8750000000000012,10.628869116171103,0.6140063627806566,12.330092973146789,4.612097518373089,8,16.90316315074214,17.151045228441532,-0.12499999999999967,0.7850000000000011
0,failure,0,0.8850000000000012,8.316550351262837,0.6438260768630624,10.529845643245528,3.671316820504491,8,16.90316315074214,17.151045228441532,-0.12499999999999967,0.7850000000000011
0,failure,0,0.8950000000000012,7.613167945882546,0.9401915565392626,8.801459113216291,2.6132018976677767,8,16.90316315074214,17.151045228441532,-0.12499999999999967,0.7850000000000011
0,failure,0,0.9050000000000012,7.773853807620767,1.0351893408595434,7.583805212655945,1.682370304870374,8,16.90316315074214,17.151045228441532,-0.12499999999999967,0.7850000000000011
0,failure,0,0.9150000000000013,7.702125871933375,1.0947996448501995,7.163019152581338,1.4750856685921485,8,16.90316315074214,17.151045228441532,-0.12499999999999967,0.7850000000000011
0,failure,0,0.9250000000000013,5.944269246899177,1.177979164299673,7.513098297222203,1.9462852864931173,8,16.90316315074214,17.151045228441532,-0.12499999999999967,0.7850000000000011
0,failure,0,0.9350000000000013,6.246383302927114,1.0748045752026476,8.371767143570768,2.279837511900542,8,16.90316315074214,17.151045228441532,-0.12499999999999967,0.7850000000000011
0,failure,0,0.9450000000000013,7.926699257579005,1.1022489823585568,9.493469506425676,2.205364171433551,8,16.90316315074214,17.151045228441532,-0.12499999999999967,0.7850000000000011
0,failure,0,0.9550000000000013,10.751522761536227,1.4382894627719485,10.800428862103836,1.951655994231511,8,16.90316315074214,17.151045228441532,-0.12499999999999967,0.7850000000000011
0,failure,0,0.9650000000000013,11.5698564222665,1.7867138032287,12.29158217856967,2.098040724568105,8,16.90316315074214,17.151045228441532,-0.12499999999999967,0.7850000000000011
0,failure,0,0.9750000000000013,13.17193508279253,2.582174992136901,13.84592336613469,2.8140104961633305,8,16.90316315074214,17.151045228441532,-0.12499999999999967,0.7850000000000011
0,failure,0,0.9850000000000013,12.92354439479016,2.929989410253605,15.172630024814172,3.648426654538514,8,16.90316315074214,17.151045228441532,-0.12499999999999967,0.7850000000000011
0,failure,0,0.9950000000000013,15.939858701242278,4.183217821429664,15.939858701242278,4.183217821429664,8,16.90316315074214,17.151045228441532,-0.12499999999999967,0.7850000000000011
0,failure,1,-0.495,12.464090744821524,4.562085799164307,18.287787736892625,6.738199925774601,8,37.97409023199288,38.653104959904276,0.35500000000000076,0.22500000000000064
0,failure,1,-0.485,9.960845620288962,4.010673634819058,17.864903054817873,6.606256137115049,8,37.97409023199288,38.653104959904276,0.35500000000000076,0.22500000000000064
0,failure,1,-0.475,7.919307523728435,3.90735829469961,17.056923220384498,6.381575704267503,8,37.97409023199288,38.653104959904276,0.35500000000000076,0.22500000000000064
0,failure,1,-0.46499999999999997,7.731449695647558,4.113688334500041,15.992636311704858,6.109988464876579,8,37.97409023199288,38.653104959904276,0.35500000000000076,0.22500000000000064
0,failure,1,-0.45499999999999996,7.906996503542312,4.270492665132818,14.891083735967975,5.766773879747344,8,37.97409023199288,38.653104959904276,0.35500000000000076,0.22500000000000064
0,failure,1,-0.44499999999999995,7.8049120222302095,4.179238157871161,13.970519707051269,5.296885344186977,8,37.97409023199288,38.653104959904276,0.35500000000000076,0.22500000000000064
0,failure,1,-0.43499999999999994,7.371513230412117,3.7941406144624263,13.329439139384714,4.842543797684187,8,37.97409023199288,38.653104959904276,0.35500000000000076,0.22500000000000064
0,failure,1,-0.42499999999999993,6.775914916849735,3.2729328220756133,12.877227836856335,4.716874470781247,8,37.97409023199288,38.653104959904276,0.35500000000000076,0.22500000000000064
0,failure,1,-0.4149999999999999,5.267107391994823,2.8438270128938736,12.369674417304621,4.8606901927502495,8,37.97409023199288,38.653104959904276,0.35500000000000076,0.22500000000000064
0,failure,1,-0.4049999999999999,4.199283841499884,2.8056035955851866,11.543569806012862,4.842537513328373,8,37.97409023199288,38.653104959904276,0.35500000000000076,0.22500000000000064
0,failure,1,-0.3949999999999999,4.014610884982108,3.0746417926803593,10.288178284033792,4.5022544679571785,8,37.97409023199288,38.653104959904276,0.35500000000000076,0.22500000000000064
0,failure,1,-0.3849999999999999,4.24825485465847,3.415207822638169,8.717183136663065,4.06595777428962,8,37.97409023199288,38.653104959904276,0.35500000000000076,0.22500000000000064
0,failure,1,-0.3749999999999999,4.553190835553316,3.579933637165223,7.1129514078207325,3.742717552232861,8,37.97409023199288,38.653104959904276,0.35500000000000076,0.22500000000000064
0,failure,1,-0.3649999999999999,4.86979141583528,3.466949061108001,5.824399280525867,3.487372601634887,8,37.97409023199288,38.653104959904276,0.35500000000000076,0.22500000000000064
0,failure,1,-0.35499999999999987,5.303341823097344,3.1911825534249116,5.217739416611734,3.2524995376586254,8,37.97409023199288,38.653104959904276,0.35500000000000076,0.22500000000000064
0,failure,1,-0.34499999999999986,5.199845148450888,3.094433529240601,5.636713371675813,3.2072267534696137,8,37.97409023199288,38.653104959904276,0.35500000000000076,0.22500000000000064
0,failure,1,-0.33499999999999985,5.360903735493938,3.24499324687059,7.275859823900461,3.629177709373039,8,37.97409023199288,38.653104959904276,0.35500000000000076,0.22500000000000064
0,failure,1,-0.32499999999999984,5.847873074657798,3.584930515941719,10.019779719193043,4.608354563067717,8,37.97409023199288,38.653104959904276,0.35500000000000076,0.22500000000000064
0,failure,1,-0.31499999999999984,8.472469266635457,3.6451553009192996,13.415867096642565,5.9409133537485115,8,37.97409023199288,38.653104959904276,0.35500000000000076,0.22500000000000064
0,failure,1,-0.3049999999999998,12.647725373635886,3.314934231510834,16.886488592543326,7.341828943182738,8,37.97409023199288,38.653104959904276,0.35500000000000076,0.22500000000000064
0,failure,1,-0.2949999999999998,12.666919539800023,3.3327989843294077,20.015394880493727,8.613847452230036,8,37.97409023199288,38.653104959904276,0.35500000000000076,0.22500000000000064
0,failure,1,-0.2849999999999998,12.687280580369526,3.351750840606117,22.64365693720091,9.636472671399948,8,37.97409023199288,38.653104959904276,0.35500000000000076,0.22500000000000064
0,failure,1,-0.2749999999999998,12.880829366223848,3.5319547259733723,24.70068158504867,10.268123520723874,8,37.97409023199288,38.653104959904276,0.35500000000000076,0.22500000000000064
0,failure,1,-0.2649999999999998,14.191015053020287,3.7359738057865797,26.01738065724411,10.377448220144462,8,37.97409023199288,38.653104959904276,0.35500000000000076,0.22500000000000064
0,failure,1,-0.2549999999999998,18.04675883689248,3.6504740810134813,26.389691457238925,10.012881977936544,8,37.97409023199288,38.653104959904276,0.35500000000000076,0.22500000000000064
0,failure,1,-0.24499999999999977,18.223159037908776,3.656698546971047,25.850251725714504,9.494842540081297,8,37.97409023199288,38.653104959904276,0.35500000000000076,0.22500000000000064
0,failure,1,-0.23499999999999976,27.76460130525756,8.218624978889759,24.803364539785647,9.261106791970512,8,37.97409023199288,38.653104959904276,0.35500000000000076,0.22500000000000064
0,failure,1,-0.22499999999999976,26.219284046919054,8.10032241233132,23.798752389552572,9.477705894779717,8,37.97409023199288,38.653104959904276,0.35500000000000076,0.22500000000000064
0,failure,1,-0.21499999999999975,24.219530629828753,8.009937701950959,23.12193816764117,9.768126791918489,8,37.97409023199288,38.653104959904276,0.35500000000000076,0.22500000000000064
0,failure,1,-0.20499999999999974,23.587276040666435,8.058430893443216,22.616327309813276,9.545454482293353,8,37.97409023199288,38.653104959904276,0.35500000000000076,0.22500000000000064
0,failure,1,-0.19499999999999973,24.58040525170669,8.269094794459575,21.941580215616465,8.603478686016267,8,37.97409023199288,38.653104959904276,0.35500000000000076,0.22500000000000064
0,failure,1,-0.18499999999999972,25.88181952687581,8.763739378145788,21.006072866992277,7.306557504947683,8,37.97409023199288,38.653104959904276,0.35500000000000076,0.22500000000000064
0,failure,1,-0.1749999999999997,19.488761618986363,3.1562280252036,20.130796505386357,6.272124463514839,8,37.97409023199288,38.653104959904276,0.35500000000000076,0.22500000000000064
0,failure,1,-0.1649999999999997,15.953930769652054,1.7429691808655519,19.79502627247702,5.932552547399481,8,37.97409023199288,38.653104959904276,0.35500000000000076,0.22500000000000064
0,failure,1,-0.1549999999999997,13.814707717620951,0.7673167114376811,20.192375205673617,6.293440384139133,8,37.97409023199288,38.653104959904276,0.35500000000000076,0.22500000000000064
0,failure,1,-0.14499999999999968,13.814707717620951,0.7673167114376811,20.990465569995937,6.953714822276228,8,37.97409023199288,38.653104959904276,0.35500000000000076,0.22500000000000064
0,failure,1,-0.13499999999999968,13.814707717620951,0.7673167114376811,21.507103691788117,7.4275178031938625,8,37.97409023199288,38.653104959904276,0.35500000000000076,0.22500000000000064
0,failure,1,-0.12499999999999967,13.814707717620951,0.7673167114376811,21.172113237403465,7.415929030162129,8,37.97409023199288,38.653104959904276,0.35500000000000076,0.22500000000000064
0,failure,1,-0.11499999999999966,13.814707717620951,0.7673167114376811,19.924855899426255,6.896612933093583,8,37.97409023199288,38.653104959904276,0.35500000000000076,0.22500000000000064
0,failure,1,-0.10499999999999965,12.982035857982925,0.9150341724347059,18.27791911418625,6.1790865924126,8,37.97409023199288,38.653104959904276,0.35500000000000076,0.22500000000000064
0,failure,1,-0.09499999999999964,12.856344411085487,0.9900511174450445,17.01545296943322,5.843810089317173,8,37.97409023199288,38.653104959904276,0.35500000000000076,0.22500000000000064
0,failure,1,-0.08499999999999963,13.363931057830918,0.7567558255266265,16.73198347019989,6.232842596596827,8,37.97409023199288,38.653104959904276,0.35500000000000076,0.22500000000000064
0,failure,1,-0.07499999999999962,13.363931057830918,0.7567558255266265,17.490012201152414,6.981813023091577,8,37.97409023199288,38.653104959904276,0.35500000000000076,0.22500000000000064
0,failure,1,-0.06499999999999961,13.363931057830918,0.7567558255266265,18.80353144960211,7.478363621459334,8,37.97409023199288,38.653104959904276,0.35500000000000076,0.22500000000000064
0,failure,1,-0.05499999999999961,15.631133203957923,0.998586888949586,19.955967145681498,7.385334638214467,8,37.97409023199288,38.653104959904276,0.35500000000000076,0.22500000000000064
0,failure,1,-0.0449999999999996,18.645988596085203,2.657133686401961,20.418189497468568,6.804808276458029,8,37.97409023199288,38.653104959904276,0.35500000000000076,0.22500000000000064
0,failure,1,-0.034999999999999594,16.80966395637271,1.7431072037661093,20.098780752504194,6.226640058540008,8,37.97409023199288,38.653104959904276,0.35500000000000076,0.22500000000000064
0,failure,1,-0.02499999999999958,16.151103403668998,1.2641796791594697,19.30804474362085,6.130686215583039,8,37.97409023199288,38.653104959904276,0.35500000000000076,0.22500000000000064
0,failure,1,-0.014999999999999573,15.028665893625618,0.9235747310776977,18.512197845545256,6.502141857652254,8,37.97409023199288,38.653104959904276,0.35500000000000076,0.22500000000000064
0,failure,1,-0.004999999999999565,9.943362820839596,0.5701835665222421,18.053693110397315,7.046035976693998,8,37.97409023199288,38.653104959904276,0.35500000000000076,0.22500000000000064
0,failure,1,0.005000000000000444,6.925811964579102,0.7218501818404,18.011544764576488,7.590897318143161,8,37.97409023199288,38.653104959904276,0.35500000000000076,0.22500000000000064
0,failure,1,0.015000000000000454,5.4023726116251245,0.9131941798151891,18.255589756357125,8.063658938266737,8,37.97409023199288,38.653104959904276,0.35500000000000076,0.22500000000000064
0,failure,1,0.025000000000000463,7.695631862921617,0.7270647450599432,18.604323870962258,8.384973372502825,8,37.97409023199288,38.653104959904276,0.35500000000000076,0.22500000000000064
0,failure,1,0.03500000000000047,8.070407307221807,0.4099933412172163,18.917955470152986,8.452228901615793,8,37.97409023199288,38.653104959904276,0.35500000000000076,0.22500000000000064
0,failure,1,0.04500000000000048,8.807579440719044,0.35876382584522354,19.049918964473296,8.131349749671495,8,37.97409023199288,38.653104959904276,0.35500000000000076,0.22500000000000064
0,failure,1,0.055000000000000486,11.74467157401752,0.38869894375293906,18.824009220838896,7.305097847445814,8,37.97409023199288,38.653104959904276,0.35500000000000076,0.22500000000000064
0,failure,1,0.0650000000000005,15.80468917701264,0.5429191191094984,18.160877753411206,6.0433091830909635,8,37.97409023199288,38.653104959904276,0.35500000000000076,0.22500000000000064
0,failure,1,0.07500000000000051,16.80035035371194,0.6998098687962139,17.247186169454217,4.767348174950243,8,37.97409023199288,38.653104959904276,0.35500000000000076,0.22500000000000064
0,failure,1,0.08500000000000052,16.280890253897724,0.5177841260223455,16.4888606507895,4.159989525151391,8,37.97409023199288,38.653104959904276,0.35500000000000076,0.22500000000000064
0,failure,1,0.09500000000000053,15.365201595307566,0.5821923208189125,16.218193677219546,4.412421225406285,8,37.97409023199288,38.653104959904276,0.35500000000000076,0.22500000000000064
0,failure,1,0.10500000000000054,14.474145193040291,0.8465671704517427,16.43180538309838,4.8854804600463595,8,37.97409023199288,38.653104959904276,0.35500000000000076,0.22500000000000064
0,failure,1,0.11500000000000055,15.200879632464611,0.6403852307810138,16.84726112555096,5.04582162836419,8,37.97409023199288,38.653104959904276,0.35500000000000076,0.22500000000000064
0,failure,1,0.12500000000000056,15.747904966518169,0.576328899441456,17.20520000402798,4.805844419522582,8,37.97409023199288,38.653104959904276,0.35500000000000076,0.22500000000000064
0,failure,1,0.13500000000000056,15.747904966518169,0.576328899441456,17.510077472562163,4.360748063238303,8,37.97409023199288,38.653104959904276,0.35500000000000076,0.22500000000000064
0,failure,1,0.14500000000000057,15.80612024780986,0.5956363442166788,18.004574435038485,3.9583198039075125,8,37.97409023199288,38.653104959904276,0.35500000000000076,0.22500000000000064
0,failure,1,0.15500000000000058,15.84772950934517,0.6164186830784161,18.967599437680185,3.8016269980063977,8,37.97409023199288,38.653104959904276,0.35500000000000076,0.22500000000000064
0,failure,1,0.1650000000000006,19.213441453667166,0.3522307364007673,20.58241053243747,4.09549580368554,8,37.97409023199288,38.653104959904276,0.35500000000000076,0.22500000000000064
0,failure,1,0.1750000000000006,25.55630290755172,0.8610082005312932,22.944935944115016,4.901078315104516,8,37.97409023199288,38.653104959904276,0.35500000000000076,0.22500000000000064
0,failure,1,0.1850000000000006,25.880477348627934,0.8276042899214954,26.103191273073865,6.165222967912769,8,37.97409023199288,38.653104959904276,0.35500000000000076,0.22500000000000064
0,failure,1,0.19500000000000062,27.158402820097578,1.021600400688165,29.958417244214353,7.963373392229426,8,37.97409023199288,38.653104959904276,0.35500000000000076,0.22500000000000064
0,failure,1,0.20500000000000063,33.369467713619734,2.438786325812284,34.016819949969545,10.225066506537523,8,37.97409023199288,38.653104959904276,0.35500000000000076,0.22500000000000064
0,failure,1,0.21500000000000064,31.912559580232042,2.0412497282046336,37.294269123162444,12.425864883005922,8,37.97409023199288,38.653104959904276,0.35500000000000076,0.22500000000000064
0,failure,1,0.22500000000000064,25.18475899932731,1.0514569754924374,38.653104959904276,13.855395928087203,8,37.97409023199288,38.653104959904276,0.35500000000000076,0.22500000000000064
0,failure,1,0.23500000000000065,24.15086163893341,1.7795346872049096,37.484705469810564,14.097589759051948,8,37.97409023199288,38.653104959904276,0.35500000000000076,0.22500000000000064
0,failure,1,0.24500000000000066,23.215627674827832,1.995294126292323,34.19217627044843,13.269654615827264,8,37.97409023199288,38.653104959904276,0.35500000000000076,0.22500000000000064
0,failure,1,0.25500000000000067,24.52875050592757,0.582198697430894,30.0452408071168,11.901453452937194,8,37.97409023199288,38.653104959904276,0.35500000000000076,0.22500000000000064
0,failure,1,0.2650000000000007,19.25200282786861,1.2300958988525057,26.484122991865544,10.570940001301926,8,37.97409023199288,38.653104959904276,0.35500000000000076,0.22500000000000064
0,failure,1,0.2750000000000007,14.863412409293261,2.2415481757366558,24.40974200379788,9.610307868527398,8,37.97409023199288,38.653104959904276,0.35500000000000076,0.22500000000000064
0,failure,1,0.2850000000000007,17.27659028680211,1.5980213927133455,23.899650857970958,9.107257912458735,8,37.97409023199288,38.653104959904276,0.35500000000000076,0.22500000000000064
0,failure,1,0.2950000000000007,20.686046639674778,0.7802980139557989,24.421214454143197,8.96150194779146,8,37.97409023199288,38.653104959904276,0.35500000000000076,0.22500000000000064
0,failure,1,0.3050000000000007,20.789030052530492,0.773775944086596,25.31882584897945,8.851187406891485,8,37.97409023199288,38.653104959904276,0.35500000000000076,0.22500000000000064
0,failure,1,0.3150000000000007,25.099052142007594,0.7470750975153491,26.27720095218126,8.471252462664483,8,37.97409023199288,38.653104959904276,0.35500000000000076,0.22500000000000064
0,failure,1,0.32500000000000073,28.740243927619087,0.6071883062453591,27.46686230203005,7.950017974111629,8,37.97409023199288,38.653104959904276,0.35500000000000076,0.22500000000000064
0,failure,1,0.33500000000000074,32.09537352684817,1.1590506836064896,29.233178371932137,7.891422145841816,8,37.97409023199288,38.653104959904276,0.35500000000000076,0.22500000000000064
0,failure,1,0.34500000000000075,34.7154640339788,2.505456079747678,31.54995795660926,8.68528575655871,8,37.97409023199288,38.653104959904276,0.35500000000000076,0.22500000000000064
0,failure,1,0.35500000000000076,37.97409023199288,3.52658937177898,33.74763701416519,9.917914754266516,8,37.97409023199288,38.653104959904276,0.35500000000000076,0.22500000000000064
0,failure,1,0.36500000000000077,34.24115386307898,2.596822746341463,34.83289569939205,10.860078422306932,8,37.97409023199288,38.653104959904276,0.35500000000000076,0.22500000000000064
0,failure,1,0.3750000000000008,30.85708626244105,1.2132029611261712,34.15748339729734,11.013617419843026,8,37.97409023199288,38.653104959904276,0.35500000000000076,0.22500000000000064
0,failure,1,0.3850000000000008,26.17303832188795,0.735959965003878,31.88320791987727,10.2858152576997,8,37.97409023199288,38.653104959904276,0.35500000000000076,0.22500000000000064
0,failure,1,0.3950000000000008,26.17303832188795,0.735959965003878,28.875904472387244,9.068288473121736,8,37.97409023199288,38.653104959904276,0.35500000000000076,0.22500000000000064
0,failure,1,0.4050000000000008,23.784609022110427,0.3547515754292488,26.155955566937813,8.166824361343593,8,37.97409023199288,38.653104959904276,0.35500000000000076,0.22500000000000064
0,failure,1,0.4150000000000008,16.692589687896483,0.6719443396088366,24.353255277305987,8.234605678572388,8,37.97409023199288,38.653104959904276,0.35500000000000076,0.22500000000000064
0,failure,1,0.4250000000000008,14.065380949907096,0.623642123671446,23.511421985911056,9.058125339254886,8,37.97409023199288,38.653104959904276,0.35500000000000076,0.22500000000000064
0,failure,1,0.43500000000000083,10.289941330044245,0.600121147743544,23.280173094942374,9.99873597651365,8,37.97409023199288,38.653104959904276,0.35500000000000076,0.22500000000000064
0,failure,1,0.44500000000000084,8.956789701717655,0.768089482464104,23.209394276596665,10.66552523516304,8,37.97409023199288,38.653104959904276,0.35500000000000076,0.22500000000000064
0,failure,1,0.45500000000000085,8.298146929142346,1.0746288213025554,22.92824650931363,10.917012250807254,8,37.97409023199288,38.653104959904276,0.35500000000000076,0.22500000000000064
0,failure,1,0.46500000000000086,8.003960561068226,1.2386940404575235,22.199700201141745,10.700708512781985,8,37.97409023199288,38.653104959904276,0.35500000000000076,0.22500000000000064
0,failure,1,0.47500000000000087,8.055843193502376,1.2535653447187467,20.956028563645845,10.007097259553142,8,37.97409023199288,38.653104959904276,0.35500000000000076,0.22500000000000064
0,failure,1,0.4850000000000009,8.953730119840582,0.7685169631960607,19.32117027433673,8.928532534680377,8,37.97409023199288,38.653104959904276,0.35500000000000076,0.22500000000000064
0,failure,1,0.4950000000000009,9.892344444450528,0.5574641359494238,17.542925135901445,7.700092777119072,8,37.97409023199288,38.653104959904276,0.35500000000000076,0.22500000000000064
0,failure,1,0.5050000000000009,10.908850607449603,0.8402219025118934,15.812547998240856,6.6045735480292205,8,37.97409023199288,38.653104959904276,0.35500000000000076,0.22500000000000064
0,failure,1,0.5150000000000009,9.880423722034777,0.5527686932457583,14.135314188195178,5.778878952851505,8,37.97409023199288,38.653104959904276,0.35500000000000076,0.22500000000000064
0,failure,1,0.5250000000000009,5.630653564713886,0.45878355286571776,12.395721376837878,5.147605402390948,8,37.97409023199288,38.653104959904276,0.35500000000000076,0.22500000000000064
0,failure,1,0.5350000000000009,3.801250102221756,0.5922020793360657,10.563740272002544,4.604395101498285,8,37.97409023199288,38.653104959904276,0.35500000000000076,0.22500000000000064
0,failure,1,0.5450000000000009,2.254653988370767,0.7234945665482659,8.827271642327895,4.158627998760091,8,37.97409023199288,38.653104959904276,0.35500000000000076,0.22500000000000064
0,failure,1,0.5550000000000009,1.5554425589806835,0.817267530062257,7.518921773645405,3.8385079958977704,8,37.97409023199288,38.653104959904276,0.35500000000000076,0.22500000000000064
0,failure,1,0.565000000000001,1.9375627351663318,0.7531117788060359,6.942177362302179,3.608594846845726,8,37.97409023199288,38.653104959904276,0.35500000000000076,0.22500000000000064
0,failure,1,0.575000000000001,3.0711506280980325,0.6042162187539366,7.262863872194986,3.4920926983315654,8,37.97409023199288,38.653104959904276,0.35500000000000076,0.22500000000000064
0,failure,1,0.585000000000001,4.911291307641638,0.4254835948360536,8.54805504233812,3.5984342012769126,8,37.97409023199288,38.653104959904276,0.35500000000000076,0.22500000000000064
0,failure,1,0.595000000000001,8.391103398523795,0.41230231497507397,10.853320774826189,3.980180376462533,8,37.97409023199288,38.653104959904276,0.35500000000000076,0.22500000000000064
0,failure,1,0.605000000000001,14.406711104880188,0.5622434673121802,14.187924908034487,4.701463272087049,8,37.97409023199288,38.653104959904276,0.35500000000000076,0.22500000000000064
0,failure,1,0.615000000000001,16.347984049601287,0.8736248515909589,18.331990439357458,5.831311003722138,8,37.97409023199288,38.653104959904276,0.35500000000000076,0.22500000000000064
0,failure,1,0.625000000000001,19.067284322902484,1.7755257865480334,22.6716944982655,7.15503544031499,8,37.97409023199288,38.653104959904276,0.35500000000000076,0.22500000000000064
0,failure,1,0.635000000000001,21.651703348356552,2.5830089395732223,26.28318757362158,8.248460360810885,8,37.97409023199288,38.653104959904276,0.35500000000000076,0.22500000000000064
0,failure,1,0.645000000000001,19.29343359588158,1.7808890439602878,28.297601443959586,8.837989856166889,8,37.97409023199288,38.653104959904276,0.35500000000000076,0.22500000000000064
0,failure,1,0.655000000000001,16.17656635414063,0.8499751885183734,28.303619944776003,8.911648069384295,8,37.97409023199288,38.653104959904276,0.35500000000000076,0.22500000000000064
0,failure,1,0.665000000000001,15.528004365856482,0.9157128758394822,26.50395782980669,8.553390962160366,8,37.97409023199288,38.653104959904276,0.35500000000000076,0.22500000000000064
0,failure,1,0.675000000000001,13.458570162332919,0.8963583727059348,23.58958353436134,7.831711128562403,8,37.97409023199288,38.653104959904276,0.35500000000000076,0.22500000000000064
0,failure,1,0.685000000000001,10.787441435192354,1.2202402307530382,20.494372340335264,6.884496224409761,8,37.97409023199288,38.653104959904276,0.35500000000000076,0.22500000000000064
0,failure,1,0.6950000000000011,9.219034460011226,1.5940431136168136,18.126255647595293,5.989883534281092,8,37.97409023199288,38.653104959904276,0.35500000000000076,0.22500000000000064
0,failure,1,0.7050000000000011,10.171109687150109,1.7212314928871815,17.08656801872638,5.465344416617809,8,37.97409023199288,38.653104959904276,0.35500000000000076,0.22500000000000064
0,failure,1,0.7150000000000011,10.30567497531474,1.919103959221815,17.449714264771256,5.465603895402116,8,37.97409023199288,38.653104959904276,0.35500000000000076,0.22500000000000064
0,failure,1,0.7250000000000011,11.149319725130944,2.13230220307785,18.7417274321105,5.875822555966979,8,37.97409023199288,38.653104959904276,0.35500000000000076,0.22500000000000064
0,failure,1,0.7350000000000011,11.380080880425819,2.121184885837494,20.17653436932879,6.447889426002362,8,37.97409023199288,38.653104959904276,0.35500000000000076,0.22500000000000064
0,failure,1,0.7450000000000011,11.640139053104692,1.9950126758186537,21.028918805124146,6.983436335002289,8,37.97409023199288,38.653104959904276,0.35500000000000076,0.22500000000000064
0,failure,1,0.7550000000000011,11.749746341104231,1.768080128390547,20.941340898953573,7.351123862594293,8,37.97409023199288,38.653104959904276,0.35500000000000076,0.22500000000000064
0,failure,1,0.7650000000000011,11.474939705924474,1.6155791155614465,20.047191353647936,7.448992513652675,8,37.97409023199288,38.653104959904276,0.35500000000000076,0.22500000000000064
0,failure,1,0.7750000000000011,10.998070110864143,1.6720059296942755,18.86723562877097,7.283639061356238,8,37.97409023199288,38.653104959904276,0.35500000000000076,0.22500000000000064
0,failure,1,0.7850000000000011,11.477999287801547,1.615608399224561,18.01278071598402,7.054177526408377,8,37.97409023199288,38.653104959904276,0.35500000000000076,0.22500000000000064
0,failure,1,0.7950000000000012,11.87976264115789,1.6628073024741163,17.82799149863196,6.993983464534786,8,37.97409023199288,38.653104959904276,0.35500000000000076,0.22500000000000064
0,failure,1,0.8050000000000012,12.844630979621755,1.9844872933827715,18.213629061838947,7.106952311393813,8,37.97409023199288,38.653104959904276,0.35500000000000076,0.22500000000000064
0,failure,1,0.8150000000000012,12.422784515996103,2.145410770471466,18.784758358585904,7.166712295149354,8,37.97409023199288,38.653104959904276,0.35500000000000076,0.22500000000000064
0,failure,1,0.8250000000000012,12.073787953132396,2.26490362323972,19.19515239468873,6.913943615579752,8,37.97409023199288,38.653104959904276,0.35500000000000076,0.22500000000000064
0,failure,1,0.8350000000000012,11.957101482770799,2.3296145913973976,19.32525171823401,6.250524522524247,8,37.97409023199288,38.653104959904276,0.35500000000000076,0.22500000000000064
0,failure,1,0.8450000000000012,12.00248123365618,2.3040498452564915,19.202722280057905,5.413784160077346,8,37.97409023199288,38.653104959904276,0.35500000000000076,0.22500000000000064
0,failure,1,0.8550000000000012,13.256369242117007,2.3984298729808677,18.83811518575634,4.930451883950306,8,37.97409023199288,38.653104959904276,0.35500000000000076,0.22500000000000064
0,failure,1,0.8650000000000012,13.408553987892862,2.151510197953308,18.206785217120647,5.022746859528884,8,37.97409023199288,38.653104959904276,0.35500000000000076,0.22500000000000064
0,failure,1,0.8750000000000012,14.02751603268402,2.152170931664648,17.38964596946594,5.2755424889634375,8,37.97409023199288,38.653104959904276,0.35500000000000076,0.22500000000000064
0,failure,1,0.8850000000000012,13.832701975550549,2.215001735459701,16.666459119128294,5.311758033416299,8,37.97409023199288,38.653104959904276,0.35500000000000076,0.22500000000000064
0,failure,1,0.8950000000000012,13.988297471210302,2.163732673140344,16.434504001925117,5.143749809134637,8,37.97409023199288,38.653104959904276,0.35500000000000076,0.22500000000000064
0,failure,1,0.9050000000000012,14.530634384102314,2.0568067706884894,17.01566852044947,4.942040259598528,8,37.97409023199288,38.653104959904276,0.35500000000000076,0.22500000000000064
0,failure,1,0.9150000000000013,16.620263503526278,2.290881211230431,18.47268182230557,4.834946810129087,8,37.97409023199288,38.653104959904276,0.35500000000000076,0.22500000000000064
0,failure,1,0.9250000000000013,20.26087983896592,2.987542975226283,20.509512499842494,4.8982158571056145,8,37.97409023199288,38.653104959904276,0.35500000000000076,0.22500000000000064
0,failure,1,0.9350000000000013,23.62744962124181,3.9987632196047587,22.525796684415873,5.02194639719668,8,37.97409023199288,38.653104959904276,0.35500000000000076,0.22500000000000064
0,failure,1,0.9450000000000013,26.209564782697534,5.3000245070002165,23.881272468194666,4.868507440747437,8,37.97409023199288,38.653104959904276,0.35500000000000076,0.22500000000000064
0,failure,1,0.9550000000000013,24.406870127167156,3.7158408698399374,24.259332988657516,4.283007390603794,8,37.97409023199288,38.653104959904276,0.35500000000000076,0.22500000000000064
0,failure,1,0.9650000000000013,23.59019441661733,3.6222577977909083,23.846167271688387,3.8351179602673575,8,37.97409023199288,38.653104959904276,0.35500000000000076,0.22500000000000064
0,failure,1,0.9750000000000013,23.9232269157848,4.424446186750719,23.13925582800469,4.5125774439835515,8,37.97409023199288,38.653104959904276,0.35500000000000076,0.22500000000000064
0,failure,1,0.9850000000000013,23.2521011617998,5.783899741754637,22.569826248504473,5.918913691651502,8,37.97409023199288,38.653104959904276,0.35500000000000076,0.22500000000000064
0,failure,1,0.9950000000000013,22.294405542679392,6.931494841581275,22.294405542679392,6.931494841581275,8,37.97409023199288,38.653104959904276,0.35500000000000076,0.22500000000000064
0,failure,2,-0.495,3.035192407846398,2.8391625232746653,3.035192407846398,2.8391625232746653,8,45.46712660475037,37.749917298345785,0.7650000000000011,0.7750000000000011
0,failure,2,-0.485,3.959340968033501,3.703624344949809,3.959340968033501,3.703624344949809,8,45.46712660475037,37.749917298345785,0.7650000000000011,0.7750000000000011
0,failure,2,-0.475,5.540336396691803,5.182510150973601,5.540336396691803,5.182510150973601,8,45.46712660475037,37.749917298345785,0.7650000000000011,0.7750000000000011
0,failure,2,-0.46499999999999997,7.286845757983254,6.8162200641601,7.286845757983254,6.8162200641601,8,45.46712660475037,37.749917298345785,0.7650000000000011,0.7750000000000011
0,failure,2,-0.45499999999999996,8.608889272990629,8.052878535051082,8.608889272990629,8.052878535051082,8,45.46712660475037,37.749917298345785,0.7650000000000011,0.7750000000000011
0,failure,2,-0.44499999999999995,9.037640929229381,8.453938985465404,9.038310096155001,8.453849586974226,8,45.46712660475037,37.749917298345785,0.7650000000000011,0.7750000000000011
0,failure,2,-0.43499999999999994,8.454077876226169,7.908065733485949,8.457806625028862,7.907567953095605,8,45.46712660475037,37.749917298345785,0.7650000000000011,0.7750000000000011
0,failure,2,-0.42499999999999993,7.195024916983041,6.7253219454225786,7.205990219722147,6.723865340055519,8,45.46712660475037,37.749917298345785,0.7650000000000011,0.7750000000000011
0,failure,2,-0.4149999999999999,5.903714723378167,5.517411864293039,5.953589051415432,5.510864411455987,8,45.46712660475037,37.749917298345785,0.7650000000000011,0.7750000000000011
0,failure,2,-0.4049999999999999,5.250695331601894,4.887964598762226,5.393421634864312,4.869987364566983,8,45.46712660475037,37.749917298345785,0.7650000000000011,0.7750000000000011
0,failure,2,-0.3949999999999999,5.562938646011434,5.1104606662983985,5.903398696561199,5.071297795943493,8,45.46712660475037,37.749917298345785,0.7650000000000011,0.7750000000000011
0,failure,2,-0.3849999999999999,6.704755552514441,5.959543863468776,7.373792280754898,5.8946827053277655,8,45.46712660475037,37.749917298345785,0.7650000000000011,0.7750000000000011
0,failure,2,-0.3749999999999999,8.241881356277979,6.814522438306287,9.282964677636967,6.748780443263655,8,45.46712660475037,37.749917298345785,0.7650000000000011,0.7750000000000011
0,failure,2,-0.3649999999999999,8.762430570092409,7.133883642185212,10.980104493971133,7.025030966236841,8,45.46712660475037,37.749917298345785,0.7650000000000011,0.7750000000000011
0,failure,2,-0.35499999999999987,8.433584434943024,6.532991495522748,12.005869634403671,6.487896046000138,8,45.46712660475037,37.749917298345785,0.7650000000000011,0.7750000000000011
0,failure,2,-0.34499999999999986,6.996095063457573,5.191568148781208,12.262221419197886,5.464423134024306,8,45.46712660475037,37.749917298345785,0.7650000000000011,0.7750000000000011
0,failure,2,-0.33499999999999985,5.6426653298394776,3.553227401883891,11.950803256392142,4.689551011935164,8,45.46712660475037,37.749917298345785,0.7650000000000011,0.7750000000000011
0,failure,2,-0.32499999999999984,2.9028263521045656,1.1975194157007476,11.368945830146663,4.67629143188709,8,45.46712660475037,37.749917298345785,0.7650000000000011,0.7750000000000011
0,failure,2,-0.31499999999999984,1.813465437840302,0.5196673317402751,10.718350873607095,5.129161901167897,8,45.46712660475037,37.749917298345785,0.7650000000000011,0.7750000000000011
0,failure,2,-0.3049999999999998,1.198371791585219,0.15336828379994252,10.040410561315337,5.473629366307948,8,45.46712660475037,37.749917298345785,0.7650000000000011,0.7750000000000011
0,failure,2,-0.2949999999999998,0.9038126982062686,0.061421885959343246,9.28146710358429,5.397797879757433,8,45.46712660475037,37.749917298345785,0.7650000000000011,0.7750000000000011
0,failure,2,-0.2849999999999998,0.7836454297564225,0.11865205885777988,8.406490872968483,4.9230373665988685,8,45.46712660475037,37.749917298345785,0.7650000000000011,0.7750000000000011
0,failure,2,-0.2749999999999998,0.7361615166706119,0.14578056603512274,7.474177505246053,4.351103255786163,8,45.46712660475037,37.749917298345785,0.7650000000000011,0.7750000000000011
0,failure,2,-0.2649999999999998,0.7532459831638669,0.1356428446538726,6.626285092902987,4.038270642788995,8,45.46712660475037,37.749917298345785,0.7650000000000011,0.7750000000000011
0,failure,2,-0.2549999999999998,0.7809034529718946,0.12049678219237908,6.001251488686451,4.0500361881426015,8,45.46712660475037,37.749917298345785,0.7650000000000011,0.7750000000000011
0,failure,2,-0.24499999999999977,0.7809034529718946,0.12049678219237908,5.680590860154463,4.143710678071693,8,45.46712660475037,37.749917298345785,0.7650000000000011,0.7750000000000011
0,failure,2,-0.23499999999999976,0.8969370913526677,0.06673385982483085,5.718778789897816,4.0887517523730414,8,45.46712660475037,37.749917298345785,0.7650000000000011,0.7750000000000011
0,failure,2,-0.22499999999999976,1.035224440392806,0.0816239116254683,6.251510528001613,3.828367597722365,8,45.46712660475037,37.749917298345785,0.7650000000000011,0.7750000000000011
0,failure,2,-0.21499999999999975,2.2496899657978977,0.13597120528244094,7.550179888750346,3.4970051154254898,8,45.46712660475037,37.749917298345785,0.7650000000000011,0.7750000000000011
0,failure,2,-0.20499999999999974,6.12554003681439,0.5091430147192899,9.911350111529039,3.488282312395316,8,45.46712660475037,37.749917298345785,0.7650000000000011,0.7750000000000011
0,failure,2,-0.19499999999999973,10.588799675271352,0.5208660305792698,13.377701636548613,4.351196660205036,8,45.46712660475037,37.749917298345785,0.7650000000000011,0.7750000000000011
0,failure,2,-0.18499999999999972,13.073194388498687,0.6589170358544982,17.473787669499885,6.013618193958053,8,45.46712660475037,37.749917298345785,0.7650000000000011,0.7750000000000011
0,failure,2,-0.1749999999999997,17.457197164473726,1.1947388399800645,21.218860270693238,7.703268812975054,8,45.46712660475037,37.749917298345785,0.7650000000000011,0.7750000000000011
0,failure,2,-0.1649999999999997,19.78572302615496,2.747146158371031,23.575796414938914,8.617384276859063,8,45.46712660475037,37.749917298345785,0.7650000000000011,0.7750000000000011
0,failure,2,-0.1549999999999997,23.05047664895217,4.844355203749494,24.077861929388938,8.430805233192197,8,45.46712660475037,37.749917298345785,0.7650000000000011,0.7750000000000011
0,failure,2,-0.14499999999999968,32.46838896334023,5.6791403831034675,23.12376572718843,7.549987162049834,8,45.46712660475037,37.749917298345785,0.7650000000000011,0.7750000000000011
0,failure,2,-0.13499999999999968,25.06846196543389,3.364891704821317,21.630401554240073,6.941000591028354,8,45.46712660475037,37.749917298345785,0.7650000000000011,0.7750000000000011
0,failure,2,-0.12499999999999967,17.89319646917758,1.4520914077063944,20.349868338579842,7.317977106786302,8,45.46712660475037,37.749917298345785,0.7650000000000011,0.7750000000000011
0,failure,2,-0.11499999999999966,12.754786802883425,0.6236397984005615,19.458382994243195,8.353503546264058,8,45.46712660475037,37.749917298345785,0.7650000000000011,0.7750000000000011
0,failure,2,-0.10499999999999965,11.556870200235755,0.5119683940432855,18.693523738028713,9.265864097735594,8,45.46712660475037,37.749917298345785,0.7650000000000011,0.7750000000000011
0,failure,2,-0.09499999999999964,9.17411473731705,0.5665214701903476,17.74785573214684,9.521529728789623,8,45.46712660475037,37.749917298345785,0.7650000000000011,0.7750000000000011
0,failure,2,-0.08499999999999963,8.915764718109244,0.6421309866026174,16.507466049747435,8.942358424345063,8,45.46712660475037,37.749917298345785,0.7650000000000011,0.7750000000000011
0,failure,2,-0.07499999999999962,8.916433885034863,0.6418291231562387,15.015471250440454,7.658897331005249,8,45.46712660475037,37.749917298345785,0.7650000000000011,0.7750000000000011
0,failure,2,-0.06499999999999961,9.177174319194124,0.5661838438787559,13.358868674122983,6.014978313295198,8,45.46712660475037,37.749917298345785,0.7650000000000011,0.7750000000000011
0,failure,2,-0.05499999999999961,9.177174319194124,0.5661838438787559,11.66940273685891,4.426279354426824,8,45.46712660475037,37.749917298345785,0.7650000000000011,0.7750000000000011
0,failure,2,-0.0449999999999996,9.591177119105739,0.6479953033800853,10.213672028627908,3.243854493361781,8,45.46712660475037,37.749917298345785,0.7650000000000011,0.7750000000000011
0,failure,2,-0.034999999999999594,9.55159892688196,0.6304245007027702,9.357216289406681,2.723118602565602,8,45.46712660475037,37.749917298345785,0.7650000000000011,0.7750000000000011
0,failure,2,-0.02499999999999958,8.333560440241527,0.5054120566941485,9.344639749781807,2.981014804259317,8,45.46712660475037,37.749917298345785,0.7650000000000011,0.7750000000000011
0,failure,2,-0.014999999999999573,5.673407180602894,0.6409690418948262,10.039272632227256,3.741225705319526,8,45.46712660475037,37.749917298345785,0.7650000000000011,0.7750000000000011
0,failure,2,-0.004999999999999565,3.9453423680560054,0.8589078463598584,10.916995513528663,4.4836636441299005,8,45.46712660475037,37.749917298345785,0.7650000000000011,0.7750000000000011
0,failure,2,0.005000000000000444,3.975616236438145,0.8512464447384656,11.380836929699017,4.782034449888911,8,45.46712660475037,37.749917298345785,0.7650000000000011,0.7750000000000011
0,failure,2,0.015000000000000454,4.527875243506063,0.7753591397629016,11.16454909918518,4.492657225279885,8,45.46712660475037,37.749917298345785,0.7650000000000011,0.7750000000000011
0,failure,2,0.025000000000000463,4.582225660260018,0.9487563100907307,10.47403216601079,3.8656459378480834,8,45.46712660475037,37.749917298345785,0.7650000000000011,0.7750000000000011
0,failure,2,0.03500000000000047,4.218716738576868,1.0727771733429583,9.781990570549498,3.4956275432717234,8,45.46712660475037,37.749917298345785,0.7650000000000011,0.7750000000000011
0,failure,2,0.04500000000000048,3.6648961404970346,1.020207240411884,9.497955722873217,3.8320030451591305,8,45.46712660475037,37.749917298345785,0.7650000000000011,0.7750000000000011
0,failure,2,0.055000000000000486,3.0392729223934243,1.0385831442975306,9.796614717355993,4.657144619574754,8,45.46712660475037,37.749917298345785,0.7650000000000011,0.7750000000000011
0,failure,2,0.0650000000000005,2.525372722602527,1.0819232268329877,10.677407185616953,5.597880222049553,8,45.46712660475037,37.749917298345785,0.7650000000000011,0.7750000000000011
0,failure,2,0.07500000000000051,3.0788274453365037,0.9778101719742317,12.106358666191223,6.489501513621135,8,45.46712660475037,37.749917298345785,0.7650000000000011,0.7750000000000011
0,failure,2,0.08500000000000052,4.1531628047916245,0.8306500794196561,14.066310126012507,7.3056696655621725,8,45.46712660475037,37.749917298345785,0.7650000000000011,0.7750000000000011
0,failure,2,0.09500000000000053,6.035078960986916,0.670778800411286,16.489722665709827,8.08295776240488,8,45.46712660475037,37.749917298345785,0.7650000000000011,0.7750000000000011
0,failure,2,0.10500000000000054,8.788794903987611,0.46853168326573313,19.19020357532566,8.867760599080764,8,45.46712660475037,37.749917298345785,0.7650000000000011,0.7750000000000011
0,failure,2,0.11500000000000055,12.54099251989198,0.802008057215054,21.90233720095077,9.67870154751593,8,45.46712660475037,37.749917298345785,0.7650000000000011,0.7750000000000011
0,failure,2,0.12500000000000056,15.977375474742974,0.6758832114756195,24.420597432274892,10.500764522629712,8,45.46712660475037,37.749917298345785,0.7650000000000011,0.7750000000000011
0,failure,2,0.13500000000000056,15.624939476659591,0.9148617617717163,26.713805397012298,11.27192935730086,8,45.46712660475037,37.749917298345785,0.7650000000000011,0.7750000000000011
0,failure,2,0.14500000000000057,18.09458768598196,0.6582594050137907,28.929751007816332,11.835795802936854,8,45.46712660475037,37.749917298345785,0.7650000000000011,0.7750000000000011
0,failure,2,0.15500000000000058,21.842020490048345,0.7703878241693936,31.260973776694616,11.932418173178236,8,45.46712660475037,37.749917298345785,0.7650000000000011,0.7750000000000011
0,failure,2,0.1650000000000006,21.431804117809733,0.6472106745418212,33.70923452399863,11.32234872353868,8,45.46712660475037,37.749917298345785,0.7650000000000011,0.7750000000000011
0,failure,2,0.1750000000000006,26.65067021783598,1.5056347129526908,35.857115009793915,10.04677231978368,8,45.46712660475037,37.749917298345785,0.7650000000000011,0.7750000000000011
0,failure,2,0.1850000000000006,31.873987760296647,3.010035481462216,36.8424078265688,8.624337399897426,8,45.46712660475037,37.749917298345785,0.7650000000000011,0.7750000000000011
0,failure,2,0.19500000000000062,29.851534317951142,2.22246046578178,35.71810438809245,7.739946974758545,8,45.46712660475037,37.749917298345785,0.7650000000000011,0.7750000000000011
0,failure,2,0.20500000000000063,26.463256767090098,1.3784084922895254,32.10687488019976,7.332434376145795,8,45.46712660475037,37.749917298345785,0.7650000000000011,0.7750000000000011
0,failure,2,0.21500000000000064,21.84916860942078,0.9868813204258295,26.67327828996782,6.639384630281087,8,45.46712660475037,37.749917298345785,0.7650000000000011,0.7750000000000011
0,failure,2,0.22500000000000064,18.01715307098543,0.46750296235453725,20.95338514988846,5.2698430221358645,8,45.46712660475037,37.749917298345785,0.7650000000000011,0.7750000000000011
0,failure,2,0.23500000000000065,17.46384954661062,0.5044598521919441,16.58813819882888,3.534552577009915,8,45.46712660475037,37.749917298345785,0.7650000000000011,0.7750000000000011
0,failure,2,0.24500000000000066,17.489501825291292,0.4973293497834492,14.509302721982866,2.284372943549735,8,45.46712660475037,37.749917298345785,0.7650000000000011,0.7750000000000011
0,failure,2,0.25500000000000067,15.892755166398949,0.9837983259454538,14.615517263819358,2.40507175828975,8,45.46712660475037,37.749917298345785,0.7650000000000011,0.7750000000000011
0,failure,2,0.2650000000000007,14.37201421839977,1.5897225513119728,16.04765366377769,3.139394055743017,8,45.46712660475037,37.749917298345785,0.7650000000000011,0.7750000000000011
0,failure,2,0.2750000000000007,16.267398344561535,0.8346964267004262,17.7607201277243,3.7229017885593882,8,45.46712660475037,37.749917298345785,0.7650000000000011,0.7750000000000011
0,failure,2,0.2850000000000007,18.307411387798357,0.5536231016368613,19.036542999354758,4.147600922916759,8,45.46712660475037,37.749917298345785,0.7650000000000011,0.7750000000000011
0,failure,2,0.2950000000000007,18.307411387798357,0.5536231016368613,19.719682812274485,4.697163542390318,8,45.46712660475037,37.749917298345785,0.7650000000000011,0.7750000000000011
0,failure,2,0.3050000000000007,18.307411387798357,0.5536231016368613,20.143123312129283,5.588588156676754,8,45.46712660475037,37.749917298345785,0.7650000000000011,0.7750000000000011
0,failure,2,0.3150000000000007,18.307411387798357,0.5536231016368613,20.786211202691796,6.712651116109515,8,45.46712660475037,37.749917298345785,0.7650000000000011,0.7750000000000011
0,failure,2,0.32500000000000073,18.307411387798357,0.5536231016368613,21.85870830663872,7.809017480458816,8,45.46712660475037,37.749917298345785,0.7650000000000011,0.7750000000000011
0,failure,2,0.33500000000000074,18.066024360004675,0.6633215032148957,23.092020459383313,8.716070876018215,8,45.46712660475037,37.749917298345785,0.7650000000000011,0.7750000000000011
0,failure,2,0.34500000000000075,18.436336122123524,0.7506494460005714,23.970966598151,9.382865344254734,8,45.46712660475037,37.749917298345785,0.7650000000000011,0.7750000000000011
0,failure,2,0.35500000000000076,18.739119345077082,0.5918579032350468,24.255661193266803,9.802672308076511,8,45.46712660475037,37.749917298345785,0.7650000000000011,0.7750000000000011
0,failure,2,0.36500000000000077,18.739119345077082,0.5918579032350468,24.327412019999244,10.01664138876839,8,45.46712660475037,37.749917298345785,0.7650000000000011,0.7750000000000011
0,failure,2,0.3750000000000008,18.739119345077082,0.5918579032350468,24.955374390394283,10.099615030870133,8,45.46712660475037,37.749917298345785,0.7650000000000011,0.7750000000000011
0,failure,2,0.3850000000000008,21.707427928132493,0.6792676872856893,26.63849319582281,10.082783221785322,8,45.46712660475037,37.749917298345785,0.7650000000000011,0.7750000000000011
0,failure,2,0.3950000000000008,27.38792872689332,1.053090116868027,29.10427403117778,9.940036946027812,8,45.46712660475037,37.749917298345785,0.7650000000000011,0.7750000000000011
0,failure,2,0.4050000000000008,32.22968791205169,2.312360324850045,31.3826853167254,9.624821716974402,8,45.46712660475037,37.749917298345785,0.7650000000000011,0.7750000000000011
0,failure,2,0.4150000000000008,35.46815034191705,3.5653330336837046,32.3553452170372,9.072241459543221,8,45.46712660475037,37.749917298345785,0.7650000000000011,0.7750000000000011
0,failure,2,0.4250000000000008,37.59294345832189,4.187436415902057,31.349274280417653,8.237737240376584,8,45.46712660475037,37.749917298345785,0.7650000000000011,0.7750000000000011
0,failure,2,0.43500000000000083,31.639345138956738,2.5184663991922074,28.410451476415343,7.153736473850231,8,45.46712660475037,37.749917298345785,0.7650000000000011,0.7750000000000011
0,failure,2,0.44500000000000084,24.767894815765008,1.2480217089584253,24.213796918110283,5.875658653804179,8,45.46712660475037,37.749917298345785,0.7650000000000011,0.7750000000000011
0,failure,2,0.45500000000000085,18.886139016061616,0.8189845016755094,19.73692956550293,4.455933622237749,8,45.46712660475037,37.749917298345785,0.7650000000000011,0.7750000000000011
0,failure,2,0.46500000000000086,15.068747732154659,0.6688093653534877,15.882039052307727,3.1605195177683374,8,45.46712660475037,37.749917298345785,0.7650000000000011,0.7750000000000011
0,failure,2,0.47500000000000087,13.137065373499064,0.6886082405914571,13.16223407743117,2.6720051271357157,8,45.46712660475037,37.749917298345785,0.7650000000000011,0.7750000000000011
0,failure,2,0.4850000000000009,8.593455916947773,0.48025863905273736,11.597523540482417,3.1416439709675186,8,45.46712660475037,37.749917298345785,0.7650000000000011,0.7750000000000011
0,failure,2,0.4950000000000009,5.981872396808967,0.4092545865244044,10.871323297814559,3.725200077908949,8,45.46712660475037,37.749917298345785,0.7650000000000011,0.7750000000000011
0,failure,2,0.5050000000000009,5.1437505403424115,0.2259381468324458,10.624189187783365,4.049254653763353,8,45.46712660475037,37.749917298345785,0.7650000000000011,0.7750000000000011
0,failure,2,0.5150000000000009,2.931072042282932,0.29922380473085963,10.639513876263969,4.35309482394086,8,45.46712660475037,37.749917298345785,0.7650000000000011,0.7750000000000011
0,failure,2,0.5250000000000009,2.7089100515169933,0.3675548411833854,10.808271583533323,4.969251025499605,8,45.46712660475037,37.749917298345785,0.7650000000000011,0.7750000000000011
0,failure,2,0.5350000000000009,2.7089100515169933,0.3675548411833854,10.996486840666194,5.739185294545449,8,45.46712660475037,37.749917298345785,0.7650000000000011,0.7750000000000011
0,failure,2,0.5450000000000009,2.7089100515169933,0.3675548411833854,11.037492826969071,6.198482735988192,8,45.46712660475037,37.749917298345785,0.7650000000000011,0.7750000000000011
0,failure,2,0.5550000000000009,2.0335048409900542,0.5219893586756987,10.871978818500075,6.146003377736908,8,45.46712660475037,37.749917298345785,0.7650000000000011,0.7750000000000011
0,failure,2,0.565000000000001,1.6507665138157928,0.623339722827462,10.643505411159333,5.817171612456466,8,45.46712660475037,37.749917298345785,0.7650000000000011,0.7750000000000011
0,failure,2,0.575000000000001,1.613261131450923,0.6345355272812796,10.60526428533289,5.637453747450089,8,45.46712660475037,37.749917298345785,0.7650000000000011,0.7750000000000011
0,failure,2,0.585000000000001,1.9222859892527167,0.5626559861113474,10.925110024036469,5.831708896721297,8,45.46712660475037,37.749917298345785,0.7650000000000011,0.7750000000000011
0,failure,2,0.595000000000001,2.649284472346457,0.463818017112619,11.6208494363041,6.274427215702443,8,45.46712660475037,37.749917298345785,0.7650000000000011,0.7750000000000011
0,failure,2,0.605000000000001,4.41581115225143,0.6422254345976915,12.699861920738632,6.706419267806983,8,45.46712660475037,37.749917298345785,0.7650000000000011,0.7750000000000011
0,failure,2,0.615000000000001,5.181452353552071,0.7843103912594925,14.327089377786383,7.051259307838764,8,45.46712660475037,37.749917298345785,0.7650000000000011,0.7750000000000011
0,failure,2,0.625000000000001,7.048866865742038,1.0022472919847079,16.752913271901736,7.516739381107123,8,45.46712660475037,37.749917298345785,0.7650000000000011,0.7750000000000011
0,failure,2,0.635000000000001,9.825024613361215,1.4066845456689592,19.972550570978377,8.298271924638145,8,45.46712660475037,37.749917298345785,0.7650000000000011,0.7750000000000011
0,failure,2,0.645000000000001,10.526475662984161,1.4038654716673016,23.425970525967834,9.203695463473085,8,45.46712660475037,37.749917298345785,0.7650000000000011,0.7750000000000011
0,failure,2,0.655000000000001,12.73640654880157,1.4690974330283764,26.114654625834923,9.77958851543029,8,45.46712660475037,37.749917298345785,0.7650000000000011,0.7750000000000011
0,failure,2,0.665000000000001,19.006658521725576,2.016035326030059,27.142121950012818,9.71734083222857,8,45.46712660475037,37.749917298345785,0.7650000000000011,0.7750000000000011
0,failure,2,0.675000000000001,23.84462297331754,2.462103309155636,26.284984468558157,8.996486080856672,8,45.46712660475037,37.749917298345785,0.7650000000000011,0.7750000000000011
0,failure,2,0.685000000000001,22.82164998152485,1.541895058237499,24.176888721020326,7.750057086889511,8,45.46712660475037,37.749917298345785,0.7650000000000011,0.7750000000000011
0,failure,2,0.6950000000000011,21.367418814176478,0.6175427205758737,21.99829696587338,6.232861285951409,8,45.46712660475037,37.749917298345785,0.7650000000000011,0.7750000000000011
0,failure,2,0.7050000000000011,21.367418814176478,0.6175427205758737,20.915505905283986,5.137890748655376,8,45.46712660475037,37.749917298345785,0.7650000000000011,0.7750000000000011
0,failure,2,0.7150000000000011,19.84264103947583,0.7481921877205252,21.601774230923255,5.435351874260696,8,45.46712660475037,37.749917298345785,0.7650000000000011,0.7750000000000011
0,failure,2,0.7250000000000011,18.81708647846168,1.425250841708795,24.053813190266688,6.794238025521608,8,45.46712660475037,37.749917298345785,0.7650000000000011,0.7750000000000011
0,failure,2,0.7350000000000011,18.585167906504104,1.2006095265648056,27.710178183361887,8.207906464848344,8,45.46712660475037,37.749917298345785,0.7650000000000011,0.7750000000000011
0,failure,2,0.7450000000000011,23.124586789127772,0.7106514746562952,31.71673963098869,9.30163373545902,8,45.46712660475037,37.749917298345785,0.7650000000000011,0.7750000000000011
0,failure,2,0.7550000000000011,28.805903923122496,1.566360238090019,35.17422570323671,10.065979549314552,8,45.46712660475037,37.749917298345785,0.7650000000000011,0.7750000000000011
0,failure,2,0.7650000000000011,45.46712660475037,6.787976203260263,37.331836732161946,10.49098226242075,8,45.46712660475037,37.749917298345785,0.7650000000000011,0.7750000000000011
0,failure,2,0.7750000000000011,41.030629261824416,5.6091937054404735,37.749917298345785,10.58253331415896,8,45.46712660475037,37.749917298345785,0.7650000000000011,0.7750000000000011
0,failure,2,0.7850000000000011,37.291391771796725,4.630914261926769,36.404301002443844,10.436312678836265,8,45.46712660475037,37.749917298345785,0.7650000000000011,0.7750000000000011
0,failure,2,0.7950000000000012,34.29761367399376,3.949515327064797,33.66380682891838,10.143740899009929,8,45.46712660475037,37.749917298345785,0.7650000000000011,0.7750000000000011
0,failure,2,0.8050000000000012,30.733485468322872,3.773379354137223,30.12502379881516,9.696855948156944,8,45.46712660475037,37.749917298345785,0.7650000000000011,0.7750000000000011
0,failure,2,0.8150000000000012,26.3076282290696,3.7383085487465992,26.37590444234239,9.012268636357227,8,45.46712660475037,37.749917298345785,0.7650000000000011,0.7750000000000011
0,failure,2,0.8250000000000012,21.680627522625453,3.9779528249867004,22.819137824154016,8.043329375085964,8,45.46712660475037,37.749917298345785,0.7650000000000011,0.7750000000000011
0,failure,2,0.8350000000000012,19.18444765705472,4.14738722582841,19.657479224417877,6.906394902038066,8,45.46712660475037,37.749917298345785,0.7650000000000011,0.7750000000000011
0,failure,2,0.8450000000000012,19.155250461941023,4.1205522363716085,17.030405775057993,5.9027976156733235,8,45.46712660475037,37.749917298345785,0.7650000000000011,0.7750000000000011
0,failure,2,0.8550000000000012,16.361522769928712,4.6249660757865705,15.14605375913996,5.360193766062186,8,45.46712660475037,37.749917298345785,0.7650000000000011,0.7750000000000011
0,failure,2,0.8650000000000012,16.48476422498542,4.737008638157926,14.260603191607203,5.378332478732001,8,45.46712660475037,37.749917298345785,0.7650000000000011,0.7750000000000011
0,failure,2,0.8750000000000012,13.367009803328763,5.467228810381354,14.550121191257281,5.81616289414453,8,45.46712660475037,37.749917298345785,0.7650000000000011,0.7750000000000011
0,failure,2,0.8850000000000012,15.014127666455183,5.3892450097746964,15.981127372310638,6.437526967715325,8,45.46712660475037,37.749917298345785,0.7650000000000011,0.7750000000000011
0,failure,2,0.8950000000000012,15.746400558059307,5.453687165089579,18.278941484765248,6.96727185933573,8,45.46712660475037,37.749917298345785,0.7650000000000011,0.7750000000000011
0,failure,2,0.9050000000000012,17.93941259184777,5.376130855382398,21.009586312108862,7.285610945591266,8,45.46712660475037,37.749917298345785,0.7650000000000011,0.7750000000000011
0,failure,2,0.9150000000000013,22.325189915313135,5.249347238337436,23.705069106444984,7.611415868987234,8,45.46712660475037,37.749917298345785,0.7650000000000011,0.7750000000000011
0,failure,2,0.9250000000000013,27.637512465998707,5.848535125329563,25.95247049490796,8.255902783450507,8,45.46712660475037,37.749917298345785,0.7650000000000011,0.7750000000000011
0,failure,2,0.9350000000000013,25.470368174249334,7.380746393000104,27.436366389098957,9.282747801753258,8,45.46712660475037,37.749917298345785,0.7650000000000011,0.7750000000000011
0,failure,2,0.9450000000000013,24.86231223575348,9.55099609976727,27.944876121304965,10.611275126186186,8,45.46712660475037,37.749917298345785,0.7650000000000011,0.7750000000000011
0,failure,2,0.9550000000000013,26.770404773851467,11.33096222903605,27.390365615945253,12.046862121527381,8,45.46712660475037,37.749917298345785,0.7650000000000011,0.7750000000000011
0,failure,2,0.9650000000000013,28.04211397241196,12.518051011845369,25.87768354769456,13.182030753891553,8,45.46712660475037,37.749917298345785,0.7650000000000011,0.7750000000000011
0,failure,2,0.9750000000000013,25.492011168839603,13.257326245421952,23.777605084644783,13.678661548146614,8,45.46712660475037,37.749917298345785,0.7650000000000011,0.7750000000000011
0,failure,2,0.9850000000000013,23.24041256604852,13.311004088392629,21.728822659576227,13.613230570568128,8,45.46712660475037,37.749917298345785,0.7650000000000011,0.7750000000000011
0,failure,2,0.9950000000000013,20.457534335123402,13.399365499721526,20.457534335123402,13.399365499721526,8,45.46712660475037,37.749917298345785,0.7650000000000011,0.7750000000000011
